match_id,batting_team,batter,runs,balls_faced,fours,sixes
335982,Kolkata Knight Riders,BB McCullum,158,73,10,13
335982,Kolkata Knight Riders,DJ Hussey,12,12,1,0
335982,Kolkata Knight Riders,Mohammad Hafeez,5,3,1,0
335982,Kolkata Knight Riders,RT Ponting,20,20,1,1
335982,Kolkata Knight Riders,SC Ganguly,10,12,2,0
335982,Royal Challengers Bangalore,AA Noffke,9,10,1,0
335982,Royal Challengers Bangalore,B Akhil,0,2,0,0
335982,Royal Challengers Bangalore,CL White,6,10,0,0
335982,Royal Challengers Bangalore,JH Kallis,8,7,0,1
335982,Royal Challengers Bangalore,MV Boucher,7,9,1,0
335982,Royal Challengers Bangalore,P Kumar,18,15,1,2
335982,Royal Challengers Bangalore,R Dravid,2,3,0,0
335982,Royal Challengers Bangalore,SB Joshi,3,6,0,0
335982,Royal Challengers Bangalore,V Kohli,1,5,0,0
335982,Royal Challengers Bangalore,W Jaffer,6,16,0,0
335982,Royal Challengers Bangalore,Z Khan,3,8,0,0
335983,Chennai Super Kings,JDP Oram,13,10,0,1
335983,Chennai Super Kings,MEK Hussey,116,54,8,9
335983,Chennai Super Kings,ML Hayden,25,16,4,1
335983,Chennai Super Kings,MS Dhoni,2,3,0,0
335983,Chennai Super Kings,PA Patel,15,10,3,0
335983,Chennai Super Kings,S Badrinath,31,14,3,2
335983,Chennai Super Kings,SK Raina,32,13,2,3
335983,Kings XI Punjab,IK Pathan,3,5,0,0
335983,Kings XI Punjab,JR Hopes,71,33,10,3
335983,Kings XI Punjab,K Goel,24,19,2,1
335983,Kings XI Punjab,KC Sangakkara,54,33,5,2
335983,Kings XI Punjab,SM Katich,21,17,0,1
335983,Kings XI Punjab,Yuvraj Singh,23,13,1,2
335984,Delhi Daredevils,G Gambhir,58,46,7,1
335984,Delhi Daredevils,S Dhawan,52,41,8,0
335984,Delhi Daredevils,V Sehwag,12,4,3,0
335984,Rajasthan Royals,D Salunkhe,26,20,4,0
335984,Rajasthan Royals,DS Lehmann,1,2,0,0
335984,Rajasthan Royals,M Kaif,9,19,0,0
335984,Rajasthan Royals,M Rawat,2,4,0,0
335984,Rajasthan Royals,RA Jadeja,29,23,2,2
335984,Rajasthan Royals,SK Trivedi,3,7,0,0
335984,Rajasthan Royals,SK Warne,14,13,2,0
335984,Rajasthan Royals,SR Watson,21,15,4,0
335984,Rajasthan Royals,T Kohli,7,12,0,1
335984,Rajasthan Royals,YK Pathan,10,5,2,0
335985,Mumbai Indians,AM Nayar,20,14,1,1
335985,Mumbai Indians,DJ Thornely,0,5,0,0
335985,Mumbai Indians,Harbhajan Singh,2,2,0,0
335985,Mumbai Indians,L Ronchi,8,10,2,0
335985,Mumbai Indians,PR Shah,19,23,2,0
335985,Mumbai Indians,RV Uthappa,48,38,5,1
335985,Mumbai Indians,SM Pollock,28,12,3,2
335985,Mumbai Indians,ST Jayasuriya,29,16,5,1
335985,Royal Challengers Bangalore,B Akhil,3,5,0,0
335985,Royal Challengers Bangalore,JH Kallis,25,24,0,1
335985,Royal Challengers Bangalore,LRPL Taylor,23,12,1,2
335985,Royal Challengers Bangalore,MV Boucher,39,19,4,2
335985,Royal Challengers Bangalore,R Dravid,32,33,4,0
335985,Royal Challengers Bangalore,S Chanderpaul,16,11,3,0
335985,Royal Challengers Bangalore,V Kohli,23,14,3,1
335986,Deccan Chargers,A Symonds,32,39,2,2
335986,Deccan Chargers,AC Gilchrist,23,21,1,2
335986,Deccan Chargers,AS Yadav,10,10,0,1
335986,Deccan Chargers,RG Sharma,0,3,0,0
335986,Deccan Chargers,RP Singh,1,2,0,0
335986,Deccan Chargers,SB Bangar,14,10,1,1
335986,Deccan Chargers,SB Styris,6,7,1,0
335986,Deccan Chargers,VVS Laxman,0,6,0,0
335986,Deccan Chargers,WPUJC Vaas,0,1,0,0
335986,Deccan Chargers,Y Venugopal Rao,14,13,1,0
335986,Kolkata Knight Riders,BB McCullum,5,5,1,0
335986,Kolkata Knight Riders,DJ Hussey,38,43,1,3
335986,Kolkata Knight Riders,LR Shukla,4,6,0,0
335986,Kolkata Knight Riders,Mohammad Hafeez,13,13,1,1
335986,Kolkata Knight Riders,RT Ponting,0,1,0,0
335986,Kolkata Knight Riders,SC Ganguly,14,29,1,0
335986,Kolkata Knight Riders,WP Saha,10,17,1,0
335987,Kings XI Punjab,B Lee,0,2,0,0
335987,Kings XI Punjab,DPMD Jayawardene,2,4,0,0
335987,Kings XI Punjab,IK Pathan,12,19,0,1
335987,Kings XI Punjab,JR Hopes,16,16,2,0
335987,Kings XI Punjab,K Goel,26,21,3,2
335987,Kings XI Punjab,KC Sangakkara,20,8,3,1
335987,Kings XI Punjab,PP Chawla,24,10,4,0
335987,Kings XI Punjab,S Sohal,4,4,0,0
335987,Kings XI Punjab,WA Mota,1,1,0,0
335987,Kings XI Punjab,Yuvraj Singh,57,34,6,3
335987,Rajasthan Royals,DS Lehmann,17,16,3,0
335987,Rajasthan Royals,Kamran Akmal,15,9,2,1
335987,Rajasthan Royals,M Kaif,5,7,1,0
335987,Rajasthan Royals,RA Jadeja,36,24,5,1
335987,Rajasthan Royals,SR Watson,76,48,5,5
335987,Rajasthan Royals,YK Pathan,7,5,1,0
335988,Deccan Chargers,A Symonds,12,13,2,0
335988,Deccan Chargers,AC Gilchrist,8,9,0,1
335988,Deccan Chargers,AS Yadav,12,7,2,0
335988,Deccan Chargers,RG Sharma,66,36,6,4
335988,Deccan Chargers,RP Singh,1,1,0,0
335988,Deccan Chargers,SB Bangar,8,14,0,0
335988,Deccan Chargers,Shahid Afridi,2,7,0,0
335988,Deccan Chargers,VVS Laxman,2,6,0,0
335988,Deccan Chargers,WPUJC Vaas,12,5,0,1
335988,Deccan Chargers,Y Venugopal Rao,14,22,2,0
335988,Delhi Daredevils,G Gambhir,12,9,2,0
335988,Delhi Daredevils,S Dhawan,25,28,3,0
335988,Delhi Daredevils,V Sehwag,94,41,10,6
335989,Chennai Super Kings,JDP Oram,5,2,1,0
335989,Chennai Super Kings,MEK Hussey,5,9,1,0
335989,Chennai Super Kings,ML Hayden,81,44,12,2
335989,Chennai Super Kings,MS Dhoni,30,16,4,1
335989,Chennai Super Kings,PA Patel,14,11,3,0
335989,Chennai Super Kings,S Badrinath,2,1,0,0
335989,Chennai Super Kings,SK Raina,53,37,3,3
335989,Mumbai Indians,A Nehra,1,2,0,0
335989,Mumbai Indians,AM Nayar,45,19,6,1
335989,Mumbai Indians,DJ Bravo,24,16,2,1
335989,Mumbai Indians,Harbhajan Singh,28,14,1,3
335989,Mumbai Indians,L Ronchi,2,3,0,0
335989,Mumbai Indians,MA Khote,9,5,0,1
335989,Mumbai Indians,RV Uthappa,43,35,6,1
335989,Mumbai Indians,SM Pollock,17,15,0,1
335989,Mumbai Indians,ST Jayasuriya,20,11,4,0
335990,Deccan Chargers,A Symonds,117,52,11,7
335990,Deccan Chargers,AC Gilchrist,13,9,3,0
335990,Deccan Chargers,AS Yadav,16,9,3,0
335990,Deccan Chargers,RG Sharma,36,30,3,1
335990,Deccan Chargers,Shahid Afridi,10,4,1,1
335990,Deccan Chargers,VVS Laxman,16,16,3,0
335990,Rajasthan Royals,D Salunkhe,1,1,0,0
335990,Rajasthan Royals,GC Smith,71,45,9,2
335990,Rajasthan Royals,Kamran Akmal,12,9,1,1
335990,Rajasthan Royals,M Kaif,34,16,2,3
335990,Rajasthan Royals,Pankaj Singh,4,3,0,0
335990,Rajasthan Royals,RA Jadeja,1,3,0,0
335990,Rajasthan Royals,SK Warne,22,8,2,2
335990,Rajasthan Royals,SR Watson,4,6,0,0
335990,Rajasthan Royals,YK Pathan,61,28,4,6
335991,Kings XI Punjab,B Lee,16,7,2,1
335991,Kings XI Punjab,DPMD Jayawardene,12,7,0,1
335991,Kings XI Punjab,IK Pathan,6,3,0,0
335991,Kings XI Punjab,K Goel,18,21,1,1
335991,Kings XI Punjab,KC Sangakkara,94,56,13,1
335991,Kings XI Punjab,PP Chawla,0,1,0,0
335991,Kings XI Punjab,RR Sarwan,7,9,0,0
335991,Kings XI Punjab,S Sohal,0,4,0,0
335991,Kings XI Punjab,S Sreesanth,0,1,0,0
335991,Kings XI Punjab,VRV Singh,4,2,1,0
335991,Kings XI Punjab,Yuvraj Singh,18,9,1,1
335991,Mumbai Indians,A Nehra,2,9,0,0
335991,Mumbai Indians,AM Nayar,2,3,0,0
335991,Mumbai Indians,DJ Bravo,23,21,4,0
335991,Mumbai Indians,DS Kulkarni,2,16,0,0
335991,Mumbai Indians,Harbhajan Singh,0,1,0,0
335991,Mumbai Indians,L Ronchi,11,8,1,1
335991,Mumbai Indians,MA Khote,8,7,1,0
335991,Mumbai Indians,RV Uthappa,21,17,2,1
335991,Mumbai Indians,SM Pollock,22,21,2,1
335991,Mumbai Indians,SS Tiwary,17,10,2,1
335991,Mumbai Indians,ST Jayasuriya,1,7,0,0
335992,Rajasthan Royals,GC Smith,49,42,8,0
335992,Rajasthan Royals,M Kaif,4,6,1,0
335992,Rajasthan Royals,M Rawat,0,2,0,0
335992,Rajasthan Royals,SR Watson,61,41,8,2
335992,Rajasthan Royals,YK Pathan,21,12,5,0
335992,Royal Challengers Bangalore,JH Kallis,11,10,2,0
335992,Royal Challengers Bangalore,LRPL Taylor,44,20,6,3
335992,Royal Challengers Bangalore,MV Boucher,4,10,0,0
335992,Royal Challengers Bangalore,P Kumar,34,30,2,3
335992,Royal Challengers Bangalore,R Dravid,0,1,0,0
335992,Royal Challengers Bangalore,R Vinay Kumar,1,1,0,0
335992,Royal Challengers Bangalore,S Chanderpaul,2,9,0,0
335992,Royal Challengers Bangalore,SB Joshi,3,8,0,0
335992,Royal Challengers Bangalore,V Kohli,13,14,0,1
335992,Royal Challengers Bangalore,Z Khan,17,17,2,0
335993,Chennai Super Kings,ML Hayden,70,48,6,3
335993,Chennai Super Kings,MS Dhoni,43,27,3,2
335993,Chennai Super Kings,PA Patel,21,27,3,0
335993,Kolkata Knight Riders,AB Agarkar,11,8,1,0
335993,Kolkata Knight Riders,BB McCullum,24,11,2,2
335993,Kolkata Knight Riders,DJ Hussey,0,2,0,0
335993,Kolkata Knight Riders,I Sharma,4,3,0,0
335993,Kolkata Knight Riders,LR Shukla,42,33,4,1
335993,Kolkata Knight Riders,M Kartik,3,3,0,0
335993,Kolkata Knight Riders,Mohammad Hafeez,16,24,1,0
335993,Kolkata Knight Riders,RT Ponting,0,1,0,0
335993,Kolkata Knight Riders,SC Ganguly,12,19,1,0
335993,Kolkata Knight Riders,WP Saha,27,16,5,1
335994,Deccan Chargers,AC Gilchrist,109,47,9,10
335994,Deccan Chargers,VVS Laxman,37,26,4,1
335994,Mumbai Indians,AM Nayar,34,19,1,3
335994,Mumbai Indians,AM Rahane,0,7,0,0
335994,Mumbai Indians,DJ Bravo,34,17,3,1
335994,Mumbai Indians,L Ronchi,13,11,3,0
335994,Mumbai Indians,MA Khote,7,10,1,0
335994,Mumbai Indians,RV Uthappa,6,4,1,0
335994,Mumbai Indians,SM Pollock,31,31,3,1
335994,Mumbai Indians,ST Jayasuriya,18,21,2,0
335995,Delhi Daredevils,G Gambhir,18,14,3,0
335995,Delhi Daredevils,KD Karthik,24,14,2,1
335995,Delhi Daredevils,MF Maharoof,18,12,2,0
335995,Delhi Daredevils,MK Tiwary,39,34,6,0
335995,Delhi Daredevils,R Bhatia,17,15,1,1
335995,Delhi Daredevils,S Dhawan,0,3,0,0
335995,Delhi Daredevils,Shoaib Malik,19,17,3,0
335995,Delhi Daredevils,V Sehwag,6,6,1,0
335995,Delhi Daredevils,VY Mahesh,6,5,0,0
335995,Kings XI Punjab,B Lee,1,3,0,0
335995,Kings XI Punjab,DPMD Jayawardene,15,14,2,0
335995,Kings XI Punjab,IK Pathan,10,6,2,0
335995,Kings XI Punjab,K Goel,1,3,0,0
335995,Kings XI Punjab,KC Sangakkara,4,2,1,0
335995,Kings XI Punjab,SM Katich,75,51,11,1
335995,Kings XI Punjab,TM Srivastava,7,9,0,0
335995,Kings XI Punjab,Yuvraj Singh,40,29,3,2
335996,Chennai Super Kings,MEK Hussey,47,37,3,2
335996,Chennai Super Kings,ML Hayden,13,19,2,0
335996,Chennai Super Kings,MS Dhoni,65,30,9,3
335996,Chennai Super Kings,PA Patel,21,17,2,1
335996,Chennai Super Kings,SK Raina,28,17,1,2
335996,Royal Challengers Bangalore,B Akhil,2,3,0,0
335996,Royal Challengers Bangalore,B Chipli,8,11,1,0
335996,Royal Challengers Bangalore,DW Steyn,1,2,0,0
335996,Royal Challengers Bangalore,JH Kallis,14,10,2,0
335996,Royal Challengers Bangalore,LRPL Taylor,53,34,3,3
335996,Royal Challengers Bangalore,MV Boucher,4,6,0,0
335996,Royal Challengers Bangalore,P Kumar,6,5,0,0
335996,Royal Challengers Bangalore,R Dravid,0,1,0,0
335996,Royal Challengers Bangalore,V Kohli,12,7,2,0
335996,Royal Challengers Bangalore,W Jaffer,50,33,5,2
335996,Royal Challengers Bangalore,Z Khan,8,6,1,0
335997,Kolkata Knight Riders,AB Agarkar,2,6,0,0
335997,Kolkata Knight Riders,BB McCullum,1,2,0,0
335997,Kolkata Knight Riders,DB Das,29,20,5,1
335997,Kolkata Knight Riders,DJ Hussey,17,20,3,0
335997,Kolkata Knight Riders,LR Shukla,40,22,4,2
335997,Kolkata Knight Riders,M Kartik,10,11,1,0
335997,Kolkata Knight Riders,Mohammad Hafeez,2,6,0,0
335997,Kolkata Knight Riders,RT Ponting,19,31,1,0
335997,Kolkata Knight Riders,SC Ganguly,4,2,1,0
335997,Mumbai Indians,AM Rahane,4,10,1,0
335997,Mumbai Indians,DJ Bravo,64,52,8,1
335997,Mumbai Indians,MK Pandey,0,3,0,0
335997,Mumbai Indians,RV Uthappa,37,37,5,0
335997,Mumbai Indians,ST Jayasuriya,18,10,3,1
335998,Delhi Daredevils,G Gambhir,86,53,11,1
335998,Delhi Daredevils,KD Karthik,2,4,0,0
335998,Delhi Daredevils,MK Tiwary,11,9,1,0
335998,Delhi Daredevils,R Bhatia,8,5,1,0
335998,Delhi Daredevils,S Dhawan,50,33,4,3
335998,Delhi Daredevils,Shoaib Malik,6,4,1,0
335998,Delhi Daredevils,V Sehwag,24,12,3,1
335998,Royal Challengers Bangalore,JH Kallis,54,44,6,1
335998,Royal Challengers Bangalore,LRPL Taylor,29,15,3,2
335998,Royal Challengers Bangalore,MV Boucher,31,17,2,2
335998,Royal Challengers Bangalore,P Kumar,6,5,1,0
335998,Royal Challengers Bangalore,R Dravid,38,29,4,1
335998,Royal Challengers Bangalore,V Kohli,1,1,0,0
335998,Royal Challengers Bangalore,W Jaffer,10,9,0,1
335999,Deccan Chargers,AC Gilchrist,6,6,0,0
335999,Deccan Chargers,D Kalyankrishna,3,8,0,0
335999,Deccan Chargers,DNT Zoysa,1,2,0,0
335999,Deccan Chargers,HH Gibbs,7,9,0,0
335999,Deccan Chargers,RG Sharma,76,42,10,2
335999,Deccan Chargers,RP Singh,2,2,0,0
335999,Deccan Chargers,SB Bangar,3,8,0,0
335999,Deccan Chargers,Shahid Afridi,13,7,1,1
335999,Deccan Chargers,VVS Laxman,48,34,8,0
335999,Deccan Chargers,Y Venugopal Rao,1,2,0,0
335999,Kings XI Punjab,DPMD Jayawardene,45,23,6,1
335999,Kings XI Punjab,KC Sangakkara,3,4,0,0
335999,Kings XI Punjab,RR Sarwan,15,15,2,0
335999,Kings XI Punjab,SE Marsh,84,62,11,1
335999,Kings XI Punjab,Yuvraj Singh,14,9,2,0
336000,Kolkata Knight Riders,AB Agarkar,20,13,1,2
336000,Kolkata Knight Riders,AB Dinda,1,3,0,0
336000,Kolkata Knight Riders,BJ Hodge,1,3,0,0
336000,Kolkata Knight Riders,DB Das,11,13,1,0
336000,Kolkata Knight Riders,DJ Hussey,42,30,1,2
336000,Kolkata Knight Riders,I Sharma,1,1,0,0
336000,Kolkata Knight Riders,LR Shukla,2,2,0,0
336000,Kolkata Knight Riders,SC Ganguly,51,39,4,2
336000,Kolkata Knight Riders,Salman Butt,7,7,1,0
336000,Kolkata Knight Riders,Umar Gul,2,2,0,0
336000,Kolkata Knight Riders,WP Saha,1,2,0,0
336000,Rajasthan Royals,GC Smith,2,7,0,0
336000,Rajasthan Royals,M Kaif,21,18,3,1
336000,Rajasthan Royals,M Rawat,1,1,0,0
336000,Rajasthan Royals,RA Jadeja,33,18,3,1
336000,Rajasthan Royals,SA Asnodkar,60,34,10,1
336000,Rajasthan Royals,SK Warne,7,8,0,0
336000,Rajasthan Royals,SR Watson,0,1,0,0
336000,Rajasthan Royals,Sohail Tanvir,3,2,0,0
336000,Rajasthan Royals,YK Pathan,55,31,6,2
336001,Chennai Super Kings,JA Morkel,28,16,3,2
336001,Chennai Super Kings,MS Dhoni,32,27,2,1
336001,Chennai Super Kings,PA Patel,21,20,3,0
336001,Chennai Super Kings,S Badrinath,11,5,0,1
336001,Chennai Super Kings,S Vidyut,54,37,7,1
336001,Chennai Super Kings,SK Raina,3,4,0,0
336001,Chennai Super Kings,SP Fleming,13,11,2,0
336001,Delhi Daredevils,AB de Villiers,26,21,2,0
336001,Delhi Daredevils,G Gambhir,50,37,5,1
336001,Delhi Daredevils,S Dhawan,19,17,2,0
336001,Delhi Daredevils,V Sehwag,71,39,7,4
336002,Deccan Chargers,AC Gilchrist,46,37,4,2
336002,Deccan Chargers,AS Yadav,8,8,0,1
336002,Deccan Chargers,DB Ravi Teja,7,7,1,0
336002,Deccan Chargers,HH Gibbs,47,34,6,2
336002,Deccan Chargers,LPC Silva,0,2,0,0
336002,Deccan Chargers,RG Sharma,17,15,2,0
336002,Deccan Chargers,RP Singh,1,3,0,0
336002,Deccan Chargers,WPUJC Vaas,0,3,0,0
336002,Deccan Chargers,Y Venugopal Rao,26,11,2,2
336002,Royal Challengers Bangalore,B Akhil,27,7,2,3
336002,Royal Challengers Bangalore,CL White,31,23,1,2
336002,Royal Challengers Bangalore,JH Kallis,31,25,6,0
336002,Royal Challengers Bangalore,Misbah-ul-Haq,34,28,4,1
336002,Royal Challengers Bangalore,R Dravid,31,21,3,1
336002,Royal Challengers Bangalore,V Kohli,9,5,2,0
336002,Royal Challengers Bangalore,W Jaffer,5,5,1,0
336003,Kings XI Punjab,DPMD Jayawardene,10,6,0,1
336003,Kings XI Punjab,IK Pathan,24,26,2,0
336003,Kings XI Punjab,JR Hopes,18,12,4,0
336003,Kings XI Punjab,K Goel,6,7,1,0
336003,Kings XI Punjab,KC Sangakkara,28,20,5,0
336003,Kings XI Punjab,PP Chawla,21,7,3,1
336003,Kings XI Punjab,SE Marsh,40,32,5,1
336003,Kings XI Punjab,Yuvraj Singh,17,10,2,1
336003,Kolkata Knight Riders,AB Agarkar,1,2,0,0
336003,Kolkata Knight Riders,BJ Hodge,1,3,0,0
336003,Kolkata Knight Riders,DB Das,5,8,1,0
336003,Kolkata Knight Riders,DJ Hussey,71,46,4,4
336003,Kolkata Knight Riders,LR Shukla,7,10,0,0
336003,Kolkata Knight Riders,Mohammad Hafeez,13,12,1,1
336003,Kolkata Knight Riders,SC Ganguly,5,7,1,0
336003,Kolkata Knight Riders,WP Saha,59,32,2,4
336004,Delhi Daredevils,AB de Villiers,21,17,2,1
336004,Delhi Daredevils,G Gambhir,1,9,0,0
336004,Delhi Daredevils,GD McGrath,0,2,0,0
336004,Delhi Daredevils,KD Karthik,28,23,3,0
336004,Delhi Daredevils,Mohammad Asif,0,1,0,0
336004,Delhi Daredevils,PJ Sangwan,2,4,0,0
336004,Delhi Daredevils,R Bhatia,9,8,0,1
336004,Delhi Daredevils,S Dhawan,1,3,0,0
336004,Delhi Daredevils,Shoaib Malik,24,21,1,0
336004,Delhi Daredevils,V Sehwag,40,20,3,3
336004,Delhi Daredevils,VY Mahesh,3,5,0,0
336004,Mumbai Indians,AM Nayar,2,6,0,0
336004,Mumbai Indians,DJ Bravo,2,4,0,0
336004,Mumbai Indians,DJ Thornely,30,24,2,2
336004,Mumbai Indians,RR Raje,6,5,1,0
336004,Mumbai Indians,RV Uthappa,22,20,0,2
336004,Mumbai Indians,SM Pollock,33,15,2,3
336004,Mumbai Indians,SS Tiwary,9,10,1,0
336004,Mumbai Indians,ST Jayasuriya,34,16,6,1
336004,Mumbai Indians,YV Takawale,14,20,2,0
336005,Chennai Super Kings,JA Morkel,42,33,4,1
336005,Chennai Super Kings,Joginder Sharma,0,1,0,0
336005,Chennai Super Kings,M Muralitharan,0,3,0,0
336005,Chennai Super Kings,M Ntini,11,12,2,0
336005,Chennai Super Kings,MS Dhoni,1,7,0,0
336005,Chennai Super Kings,MS Gony,1,4,0,0
336005,Chennai Super Kings,PA Patel,0,1,0,0
336005,Chennai Super Kings,S Badrinath,15,14,3,0
336005,Chennai Super Kings,S Vidyut,5,10,1,0
336005,Chennai Super Kings,SK Raina,27,27,2,0
336005,Chennai Super Kings,SP Fleming,0,2,0,0
336005,Rajasthan Royals,GC Smith,35,44,4,0
336005,Rajasthan Royals,SA Asnodkar,32,29,5,0
336005,Rajasthan Royals,SR Watson,14,8,1,1
336005,Rajasthan Royals,YK Pathan,8,5,0,1
336006,Kings XI Punjab,DPMD Jayawardene,17,22,2,0
336006,Kings XI Punjab,IK Pathan,17,17,1,1
336006,Kings XI Punjab,JR Hopes,5,4,1,0
336006,Kings XI Punjab,RR Sarwan,31,29,4,1
336006,Kings XI Punjab,SE Marsh,39,34,4,1
336006,Kings XI Punjab,Yuvraj Singh,1,4,0,0
336006,Royal Challengers Bangalore,A Kumble,3,7,0,0
336006,Royal Challengers Bangalore,CL White,0,1,0,0
336006,Royal Challengers Bangalore,DT Patil,4,1,1,0
336006,Royal Challengers Bangalore,DW Steyn,1,3,0,0
336006,Royal Challengers Bangalore,JH Kallis,0,3,0,0
336006,Royal Challengers Bangalore,Misbah-ul-Haq,8,7,1,0
336006,Royal Challengers Bangalore,P Kumar,0,2,0,0
336006,Royal Challengers Bangalore,R Dravid,66,51,9,1
336006,Royal Challengers Bangalore,V Kohli,34,36,5,0
336006,Royal Challengers Bangalore,W Jaffer,0,4,0,0
336006,Royal Challengers Bangalore,Z Khan,0,1,0,0
336007,Chennai Super Kings,JA Morkel,29,19,1,2
336007,Chennai Super Kings,Joginder Sharma,16,10,1,1
336007,Chennai Super Kings,MS Dhoni,23,31,2,0
336007,Chennai Super Kings,MS Gony,15,6,0,2
336007,Chennai Super Kings,PA Patel,4,6,1,0
336007,Chennai Super Kings,S Anirudha,1,7,0,0
336007,Chennai Super Kings,S Badrinath,0,4,0,0
336007,Chennai Super Kings,SK Raina,32,21,5,0
336007,Chennai Super Kings,SP Fleming,14,16,2,0
336007,Deccan Chargers,AC Gilchrist,54,34,7,2
336007,Deccan Chargers,HH Gibbs,10,10,1,1
336007,Deccan Chargers,RG Sharma,23,17,2,1
336007,Deccan Chargers,SB Styris,36,41,3,1
336007,Deccan Chargers,Shahid Afridi,20,6,2,2
336008,Mumbai Indians,AM Nayar,12,13,1,0
336008,Mumbai Indians,DJ Bravo,1,5,0,0
336008,Mumbai Indians,RV Uthappa,34,21,4,1
336008,Mumbai Indians,ST Jayasuriya,18,20,1,1
336008,Mumbai Indians,YV Takawale,27,32,1,1
336008,Rajasthan Royals,GC Smith,5,9,0,0
336008,Rajasthan Royals,M Kaif,4,7,0,0
336008,Rajasthan Royals,M Rawat,1,5,0,0
336008,Rajasthan Royals,MM Patel,0,1,0,0
336008,Rajasthan Royals,RA Jadeja,0,1,0,0
336008,Rajasthan Royals,SA Asnodkar,39,36,3,1
336008,Rajasthan Royals,SK Trivedi,1,3,0,0
336008,Rajasthan Royals,SK Warne,7,7,1,0
336008,Rajasthan Royals,SR Watson,32,20,4,1
336008,Rajasthan Royals,Sohail Tanvir,6,6,1,0
336008,Rajasthan Royals,YK Pathan,1,3,0,0
336009,Chennai Super Kings,CK Kapugedera,8,9,0,0
336009,Chennai Super Kings,JA Morkel,30,15,2,3
336009,Chennai Super Kings,MS Dhoni,33,33,3,0
336009,Chennai Super Kings,MS Gony,13,5,1,1
336009,Chennai Super Kings,S Badrinath,8,5,1,0
336009,Chennai Super Kings,S Vidyut,40,23,6,1
336009,Chennai Super Kings,SK Raina,1,2,0,0
336009,Chennai Super Kings,SP Fleming,44,28,7,0
336009,Delhi Daredevils,AB de Villiers,0,1,0,0
336009,Delhi Daredevils,G Gambhir,80,49,11,1
336009,Delhi Daredevils,KD Karthik,6,3,1,0
336009,Delhi Daredevils,MK Tiwary,5,2,1,0
336009,Delhi Daredevils,S Dhawan,59,46,6,2
336009,Delhi Daredevils,Shoaib Malik,2,3,0,0
336009,Delhi Daredevils,V Sehwag,23,16,3,0
336010,Kolkata Knight Riders,A Chopra,2,5,0,0
336010,Kolkata Knight Riders,BJ Hodge,10,11,2,0
336010,Kolkata Knight Riders,DJ Hussey,26,12,1,3
336010,Kolkata Knight Riders,LR Shukla,11,9,2,0
336010,Kolkata Knight Riders,M Kartik,17,13,2,0
336010,Kolkata Knight Riders,SC Ganguly,20,22,2,0
336010,Kolkata Knight Riders,T Taibu,15,12,2,0
336010,Kolkata Knight Riders,Umar Gul,6,2,0,1
336010,Kolkata Knight Riders,WP Saha,17,10,1,1
336010,Royal Challengers Bangalore,CL White,30,15,3,1
336010,Royal Challengers Bangalore,J Arunkumar,22,17,5,0
336010,Royal Challengers Bangalore,MV Boucher,50,40,5,1
336010,Royal Challengers Bangalore,P Kumar,4,2,1,0
336010,Royal Challengers Bangalore,R Dravid,5,11,0,0
336010,Royal Challengers Bangalore,S Chanderpaul,7,11,1,0
336011,Deccan Chargers,AC Gilchrist,61,48,9,1
336011,Deccan Chargers,DB Ravi Teja,6,8,1,0
336011,Deccan Chargers,HH Gibbs,19,20,2,0
336011,Deccan Chargers,PP Ojha,1,2,0,0
336011,Deccan Chargers,RG Sharma,5,8,0,0
336011,Deccan Chargers,RP Singh,2,3,0,0
336011,Deccan Chargers,SB Bangar,3,6,0,0
336011,Deccan Chargers,SB Styris,13,11,0,1
336011,Deccan Chargers,Shahid Afridi,1,3,0,0
336011,Deccan Chargers,Y Venugopal Rao,23,11,3,1
336011,Rajasthan Royals,GC Smith,40,43,4,0
336011,Rajasthan Royals,M Kaif,17,14,2,0
336011,Rajasthan Royals,SR Watson,5,2,1,0
336011,Rajasthan Royals,YK Pathan,68,37,9,2
336012,Mumbai Indians,RV Uthappa,19,16,2,1
336012,Mumbai Indians,SR Tendulkar,40,43,4,1
336012,Mumbai Indians,ST Jayasuriya,54,37,4,4
336012,Royal Challengers Bangalore,B Akhil,5,4,1,0
336012,Royal Challengers Bangalore,CL White,26,19,3,1
336012,Royal Challengers Bangalore,MV Boucher,18,15,3,0
336012,Royal Challengers Bangalore,Misbah-ul-Haq,0,1,0,0
336012,Royal Challengers Bangalore,P Kumar,8,11,1,0
336012,Royal Challengers Bangalore,R Dravid,11,16,0,0
336012,Royal Challengers Bangalore,R Vinay Kumar,23,17,2,1
336012,Royal Challengers Bangalore,SP Goswami,20,24,1,0
336012,Royal Challengers Bangalore,V Kohli,0,1,0,0
336013,Chennai Super Kings,JA Morkel,7,6,0,0
336013,Chennai Super Kings,MS Dhoni,60,43,2,4
336013,Chennai Super Kings,S Badrinath,64,47,6,3
336013,Chennai Super Kings,S Vidyut,8,4,2,0
336013,Chennai Super Kings,SK Raina,26,16,4,0
336013,Chennai Super Kings,SP Fleming,1,4,0,0
336013,Kings XI Punjab,DPMD Jayawardene,8,6,0,1
336013,Kings XI Punjab,IK Pathan,40,18,3,3
336013,Kings XI Punjab,JR Hopes,14,7,1,1
336013,Kings XI Punjab,K Goel,1,7,0,0
336013,Kings XI Punjab,PP Chawla,17,15,1,1
336013,Kings XI Punjab,RR Sarwan,20,22,0,0
336013,Kings XI Punjab,SE Marsh,58,38,3,4
336013,Kings XI Punjab,U Kaul,0,1,0,0
336013,Kings XI Punjab,VRV Singh,0,1,0,0
336013,Kings XI Punjab,Yuvraj Singh,2,5,0,0
336014,Deccan Chargers,AC Gilchrist,24,17,5,0
336014,Deccan Chargers,DB Ravi Teja,10,7,2,0
336014,Deccan Chargers,HH Gibbs,5,7,1,0
336014,Deccan Chargers,RG Sharma,33,22,3,2
336014,Deccan Chargers,RP Singh,6,4,1,0
336014,Deccan Chargers,SB Bangar,2,4,0,0
336014,Deccan Chargers,SB Styris,5,10,0,0
336014,Deccan Chargers,WPUJC Vaas,9,8,0,0
336014,Deccan Chargers,Y Venugopal Rao,71,41,4,6
336014,Kolkata Knight Riders,A Chopra,24,23,3,0
336014,Kolkata Knight Riders,DJ Hussey,57,28,4,3
336014,Kolkata Knight Riders,LR Shukla,14,3,2,1
336014,Kolkata Knight Riders,SC Ganguly,91,57,11,5
336014,Kolkata Knight Riders,Salman Butt,4,4,1,0
336014,Kolkata Knight Riders,T Taibu,9,5,1,0
336015,Delhi Daredevils,A Mishra,4,5,0,0
336015,Delhi Daredevils,AB de Villiers,20,22,0,0
336015,Delhi Daredevils,G Gambhir,31,23,4,0
336015,Delhi Daredevils,KD Karthik,13,15,1,0
336015,Delhi Daredevils,MF Maharoof,39,16,2,4
336015,Delhi Daredevils,S Dhawan,3,3,0,0
336015,Delhi Daredevils,TM Dilshan,18,15,1,1
336015,Delhi Daredevils,V Sehwag,17,20,2,0
336015,Delhi Daredevils,VY Mahesh,0,1,0,0
336015,Rajasthan Royals,AD Mascarenhas,9,8,0,1
336015,Rajasthan Royals,GC Smith,24,27,3,0
336015,Rajasthan Royals,M Kaif,1,5,0,0
336015,Rajasthan Royals,M Rawat,5,4,1,0
336015,Rajasthan Royals,NK Patel,4,2,1,0
336015,Rajasthan Royals,RA Jadeja,6,6,1,0
336015,Rajasthan Royals,SK Warne,11,12,1,0
336015,Rajasthan Royals,SR Watson,74,37,5,5
336015,Rajasthan Royals,YK Pathan,8,13,1,0
336016,Kings XI Punjab,JR Hopes,27,19,0,3
336016,Kings XI Punjab,LA Pomersbach,34,24,3,2
336016,Kings XI Punjab,SE Marsh,74,51,9,2
336016,Royal Challengers Bangalore,A Kumble,0,1,0,0
336016,Royal Challengers Bangalore,CL White,10,14,0,0
336016,Royal Challengers Bangalore,J Arunkumar,1,3,0,0
336016,Royal Challengers Bangalore,MV Boucher,39,32,4,1
336016,Royal Challengers Bangalore,Misbah-ul-Haq,21,8,3,1
336016,Royal Challengers Bangalore,P Kumar,5,7,0,0
336016,Royal Challengers Bangalore,R Dravid,29,26,2,0
336016,Royal Challengers Bangalore,R Vinay Kumar,1,3,0,0
336016,Royal Challengers Bangalore,V Kohli,21,22,4,0
336016,Royal Challengers Bangalore,Z Khan,1,4,0,0
336017,Delhi Daredevils,A Mishra,31,32,3,0
336017,Delhi Daredevils,AB de Villiers,7,12,0,0
336017,Delhi Daredevils,G Gambhir,10,7,2,0
336017,Delhi Daredevils,MF Maharoof,10,12,0,0
336017,Delhi Daredevils,MK Tiwary,9,7,2,0
336017,Delhi Daredevils,PJ Sangwan,0,1,0,0
336017,Delhi Daredevils,S Dhawan,7,10,1,0
336017,Delhi Daredevils,TM Dilshan,25,19,5,0
336017,Delhi Daredevils,V Sehwag,0,1,0,0
336017,Delhi Daredevils,VY Mahesh,3,6,0,0
336017,Kolkata Knight Riders,A Chopra,13,17,2,0
336017,Kolkata Knight Riders,DJ Hussey,31,31,0,2
336017,Kolkata Knight Riders,Iqbal Abdulla,1,2,0,0
336017,Kolkata Knight Riders,LR Shukla,10,8,1,0
336017,Kolkata Knight Riders,SC Ganguly,7,3,0,1
336017,Kolkata Knight Riders,Salman Butt,48,44,7,0
336017,Kolkata Knight Riders,T Taibu,7,9,0,0
336017,Kolkata Knight Riders,WP Saha,5,6,0,0
336018,Chennai Super Kings,CK Kapugedera,0,2,0,0
336018,Chennai Super Kings,JA Morkel,5,4,1,0
336018,Chennai Super Kings,MS Dhoni,43,35,6,1
336018,Chennai Super Kings,S Badrinath,53,33,7,2
336018,Chennai Super Kings,S Vidyut,16,11,3,0
336018,Chennai Super Kings,SK Raina,1,6,0,0
336018,Chennai Super Kings,SP Fleming,26,29,4,0
336018,Mumbai Indians,RV Uthappa,16,19,2,0
336018,Mumbai Indians,SR Tendulkar,12,16,1,1
336018,Mumbai Indians,ST Jayasuriya,114,48,9,11
336019,Kings XI Punjab,JR Hopes,51,35,7,1
336019,Kings XI Punjab,LA Pomersbach,1,1,0,0
336019,Kings XI Punjab,SE Marsh,115,68,11,7
336019,Kings XI Punjab,Yuvraj Singh,49,16,2,6
336019,Rajasthan Royals,D Salunkhe,6,3,1,0
336019,Rajasthan Royals,Kamran Akmal,24,8,1,3
336019,Rajasthan Royals,M Kaif,1,5,0,0
336019,Rajasthan Royals,M Rawat,23,19,2,1
336019,Rajasthan Royals,NK Patel,57,39,10,0
336019,Rajasthan Royals,Pankaj Singh,1,5,0,0
336019,Rajasthan Royals,SR Watson,22,19,1,1
336019,Rajasthan Royals,YK Pathan,39,15,3,3
336019,Rajasthan Royals,Younis Khan,3,7,0,0
336020,Deccan Chargers,AC Gilchrist,14,9,3,0
336020,Deccan Chargers,DB Ravi Teja,9,5,0,1
336020,Deccan Chargers,DP Vijaykumar,1,1,0,0
336020,Deccan Chargers,HH Gibbs,22,22,1,2
336020,Deccan Chargers,PM Sarvesh Kumar,1,2,0,0
336020,Deccan Chargers,PP Ojha,0,1,0,0
336020,Deccan Chargers,RG Sharma,35,18,3,2
336020,Deccan Chargers,RP Singh,1,2,0,0
336020,Deccan Chargers,SB Styris,29,28,2,0
336020,Deccan Chargers,Shahid Afridi,33,14,3,2
336020,Deccan Chargers,Y Venugopal Rao,34,18,3,2
336020,Delhi Daredevils,G Gambhir,79,48,7,3
336020,Delhi Daredevils,MF Maharoof,19,11,0,2
336020,Delhi Daredevils,MK Tiwary,4,1,1,0
336020,Delhi Daredevils,S Dhawan,68,52,8,0
336020,Delhi Daredevils,TM Dilshan,16,6,2,1
336020,Delhi Daredevils,V Sehwag,0,2,0,0
336021,Kolkata Knight Riders,A Chopra,1,4,0,0
336021,Kolkata Knight Riders,AB Agarkar,15,14,2,0
336021,Kolkata Knight Riders,AB Dinda,1,1,0,0
336021,Kolkata Knight Riders,DJ Hussey,2,7,0,0
336021,Kolkata Knight Riders,I Sharma,4,5,1,0
336021,Kolkata Knight Riders,LR Shukla,0,4,0,0
336021,Kolkata Knight Riders,Mohammad Hafeez,5,11,1,0
336021,Kolkata Knight Riders,SC Ganguly,15,20,2,0
336021,Kolkata Knight Riders,Salman Butt,13,13,1,1
336021,Kolkata Knight Riders,Shoaib Akhtar,2,7,0,0
336021,Kolkata Knight Riders,WP Saha,1,6,0,0
336021,Mumbai Indians,DJ Thornely,1,6,0,0
336021,Mumbai Indians,RV Uthappa,9,8,2,0
336021,Mumbai Indians,SR Tendulkar,0,3,0,0
336021,Mumbai Indians,ST Jayasuriya,48,16,6,3
336022,Delhi Daredevils,G Gambhir,40,28,7,0
336022,Delhi Daredevils,MF Maharoof,0,1,0,0
336022,Delhi Daredevils,S Dhawan,8,5,0,1
336022,Delhi Daredevils,Shoaib Malik,1,1,0,0
336022,Delhi Daredevils,TM Dilshan,8,5,1,0
336022,Delhi Daredevils,V Sehwag,51,26,2,5
336022,Kings XI Punjab,DPMD Jayawardene,36,17,3,2
336022,Kings XI Punjab,JR Hopes,4,6,0,0
336022,Kings XI Punjab,LA Pomersbach,25,12,0,3
336022,Kings XI Punjab,SE Marsh,2,5,0,0
336022,Kings XI Punjab,Yuvraj Singh,23,8,1,3
336023,Rajasthan Royals,GC Smith,75,48,8,2
336023,Rajasthan Royals,SA Asnodkar,50,44,7,1
336023,Rajasthan Royals,SR Watson,46,28,6,0
336023,Royal Challengers Bangalore,A Kumble,8,8,1,0
336023,Royal Challengers Bangalore,Abdur Razzak,0,2,0,0
336023,Royal Challengers Bangalore,CL White,10,16,1,0
336023,Royal Challengers Bangalore,DT Patil,9,12,0,0
336023,Royal Challengers Bangalore,J Arunkumar,0,3,0,0
336023,Royal Challengers Bangalore,JH Kallis,20,29,2,0
336023,Royal Challengers Bangalore,Misbah-ul-Haq,0,1,0,0
336023,Royal Challengers Bangalore,P Kumar,0,1,0,0
336023,Royal Challengers Bangalore,R Dravid,75,36,6,6
336023,Royal Challengers Bangalore,V Kohli,3,7,0,0
336023,Royal Challengers Bangalore,Z Khan,1,5,0,0
336024,Deccan Chargers,AC Gilchrist,13,16,2,0
336024,Deccan Chargers,DB Ravi Teja,37,26,2,3
336024,Deccan Chargers,DNT Zoysa,10,7,1,0
336024,Deccan Chargers,H Das,2,5,0,0
336024,Deccan Chargers,LPC Silva,17,14,3,0
336024,Deccan Chargers,RG Sharma,6,10,1,0
336024,Deccan Chargers,RP Singh,3,3,0,0
336024,Deccan Chargers,Shahid Afridi,0,1,0,0
336024,Deccan Chargers,Y Venugopal Rao,57,38,4,3
336024,Mumbai Indians,AM Nayar,38,24,3,2
336024,Mumbai Indians,DJ Bravo,30,16,2,2
336024,Mumbai Indians,DJ Thornely,8,18,0,0
336024,Mumbai Indians,PR Shah,10,5,2,0
336024,Mumbai Indians,RR Raje,1,2,0,0
336024,Mumbai Indians,RV Uthappa,7,16,0,0
336024,Mumbai Indians,SR Tendulkar,23,19,4,0
336024,Mumbai Indians,ST Jayasuriya,36,15,6,2
336024,Mumbai Indians,YV Takawale,5,5,0,0
336025,Chennai Super Kings,PA Patel,19,28,2,0
336025,Chennai Super Kings,SP Fleming,32,20,6,0
336025,Kolkata Knight Riders,DB Das,27,32,1,2
336025,Kolkata Knight Riders,DJ Hussey,0,1,0,0
336025,Kolkata Knight Riders,LR Shukla,13,11,2,0
336025,Kolkata Knight Riders,Mohammad Hafeez,6,6,1,0
336025,Kolkata Knight Riders,SC Ganguly,2,8,0,0
336025,Kolkata Knight Riders,Salman Butt,73,53,10,1
336025,Kolkata Knight Riders,WP Saha,15,9,1,0
336026,Delhi Daredevils,AB de Villiers,21,25,1,0
336026,Delhi Daredevils,G Gambhir,39,31,6,0
336026,Delhi Daredevils,KD Karthik,6,4,1,0
336026,Delhi Daredevils,MF Maharoof,13,8,1,1
336026,Delhi Daredevils,S Dhawan,16,13,1,1
336026,Delhi Daredevils,TM Dilshan,4,10,0,0
336026,Delhi Daredevils,V Sehwag,47,19,9,1
336026,Royal Challengers Bangalore,B Akhil,3,3,0,0
336026,Royal Challengers Bangalore,B Chipli,2,10,0,0
336026,Royal Challengers Bangalore,CL White,1,2,0,0
336026,Royal Challengers Bangalore,JH Kallis,25,21,3,1
336026,Royal Challengers Bangalore,Misbah-ul-Haq,47,25,2,4
336026,Royal Challengers Bangalore,P Kumar,2,5,0,0
336026,Royal Challengers Bangalore,R Dravid,9,11,1,0
336026,Royal Challengers Bangalore,SP Goswami,52,42,7,1
336026,Royal Challengers Bangalore,Z Khan,4,1,1,0
336027,Kolkata Knight Riders,AB Agarkar,5,2,1,0
336027,Kolkata Knight Riders,DB Das,31,20,1,2
336027,Kolkata Knight Riders,DJ Hussey,11,15,2,0
336027,Kolkata Knight Riders,I Sharma,2,1,0,0
336027,Kolkata Knight Riders,LR Shukla,15,10,1,1
336027,Kolkata Knight Riders,Mohammad Hafeez,4,8,1,0
336027,Kolkata Knight Riders,SC Ganguly,32,34,2,1
336027,Kolkata Knight Riders,Salman Butt,24,20,5,0
336027,Kolkata Knight Riders,Umar Gul,7,4,0,1
336027,Kolkata Knight Riders,WP Saha,11,6,0,1
336027,Rajasthan Royals,GC Smith,24,24,4,0
336027,Rajasthan Royals,M Kaif,34,31,4,0
336027,Rajasthan Royals,SA Asnodkar,5,3,1,0
336027,Rajasthan Royals,SR Watson,19,15,2,1
336027,Rajasthan Royals,Sohail Tanvir,13,8,1,1
336027,Rajasthan Royals,YK Pathan,48,18,5,3
336028,Kings XI Punjab,DPMD Jayawardene,1,2,0,0
336028,Kings XI Punjab,IK Pathan,9,5,0,1
336028,Kings XI Punjab,JR Hopes,0,1,0,0
336028,Kings XI Punjab,LA Pomersbach,79,50,10,3
336028,Kings XI Punjab,SE Marsh,81,56,7,4
336028,Kings XI Punjab,Yuvraj Singh,7,6,1,0
336028,Mumbai Indians,A Nehra,0,1,0,0
336028,Mumbai Indians,AM Nayar,27,18,1,2
336028,Mumbai Indians,CRD Fernando,2,1,0,0
336028,Mumbai Indians,DR Smith,20,16,2,1
336028,Mumbai Indians,PR Shah,5,5,0,0
336028,Mumbai Indians,RV Uthappa,9,13,0,0
336028,Mumbai Indians,SD Chitnis,15,5,1,1
336028,Mumbai Indians,SM Pollock,0,1,0,0
336028,Mumbai Indians,SR Tendulkar,65,46,12,0
336028,Mumbai Indians,ST Jayasuriya,20,12,1,2
336028,Mumbai Indians,VS Yeligati,2,2,0,0
336029,Chennai Super Kings,JA Morkel,1,5,0,0
336029,Chennai Super Kings,L Balaji,0,4,0,0
336029,Chennai Super Kings,M Ntini,0,6,0,0
336029,Chennai Super Kings,MS Dhoni,4,8,0,0
336029,Chennai Super Kings,MS Gony,4,4,1,0
336029,Chennai Super Kings,PA Patel,24,28,4,0
336029,Chennai Super Kings,S Badrinath,1,3,0,0
336029,Chennai Super Kings,S Vidyut,0,3,0,0
336029,Chennai Super Kings,SK Raina,21,20,2,0
336029,Chennai Super Kings,SP Fleming,45,39,3,2
336029,Royal Challengers Bangalore,A Kumble,2,1,0,0
336029,Royal Challengers Bangalore,B Akhil,6,7,1,0
336029,Royal Challengers Bangalore,JH Kallis,5,5,1,0
336029,Royal Challengers Bangalore,MV Boucher,17,15,3,0
336029,Royal Challengers Bangalore,Misbah-ul-Haq,4,6,0,0
336029,Royal Challengers Bangalore,P Kumar,21,11,2,1
336029,Royal Challengers Bangalore,R Dravid,47,39,5,0
336029,Royal Challengers Bangalore,R Vinay Kumar,0,1,0,0
336029,Royal Challengers Bangalore,SP Goswami,10,19,1,0
336029,Royal Challengers Bangalore,V Kohli,10,16,1,0
336031,Deccan Chargers,AC Gilchrist,50,42,6,1
336031,Deccan Chargers,HH Gibbs,44,34,3,3
336031,Deccan Chargers,LPC Silva,23,10,2,1
336031,Deccan Chargers,RG Sharma,50,27,3,4
336031,Deccan Chargers,SB Styris,1,2,0,0
336031,Deccan Chargers,Y Venugopal Rao,2,5,0,0
336031,Kings XI Punjab,DPMD Jayawardene,14,10,0,1
336031,Kings XI Punjab,KC Sangakkara,50,25,7,2
336031,Kings XI Punjab,LA Pomersbach,13,12,0,1
336031,Kings XI Punjab,PP Chawla,16,9,1,1
336031,Kings XI Punjab,SE Marsh,60,46,3,3
336031,Kings XI Punjab,Yuvraj Singh,17,15,2,0
336032,Delhi Daredevils,G Gambhir,19,9,2,1
336032,Delhi Daredevils,KD Karthik,56,32,4,3
336032,Delhi Daredevils,MF Maharoof,20,13,4,0
336032,Delhi Daredevils,MK Tiwary,36,29,5,0
336032,Delhi Daredevils,S Dhawan,27,29,2,1
336032,Delhi Daredevils,TM Dilshan,0,1,0,0
336032,Delhi Daredevils,V Sehwag,18,6,3,1
336032,Mumbai Indians,AM Nayar,1,3,0,0
336032,Mumbai Indians,DR Smith,17,17,2,0
336032,Mumbai Indians,PR Shah,0,1,0,0
336032,Mumbai Indians,RV Uthappa,46,22,5,2
336032,Mumbai Indians,SD Chitnis,3,4,0,0
336032,Mumbai Indians,SM Pollock,16,15,2,0
336032,Mumbai Indians,SR Tendulkar,18,16,3,0
336032,Mumbai Indians,ST Jayasuriya,66,42,6,5
336033,Chennai Super Kings,A Mukund,0,1,0,0
336033,Chennai Super Kings,JA Morkel,71,39,6,4
336033,Chennai Super Kings,MS Dhoni,12,8,2,0
336033,Chennai Super Kings,MS Gony,2,3,0,0
336033,Chennai Super Kings,PA Patel,54,39,5,2
336033,Chennai Super Kings,S Badrinath,1,2,0,0
336033,Chennai Super Kings,SK Raina,45,24,6,2
336033,Chennai Super Kings,SP Fleming,7,4,0,1
336033,Rajasthan Royals,GC Smith,91,51,9,4
336033,Rajasthan Royals,Kamran Akmal,53,28,4,3
336033,Rajasthan Royals,M Kaif,10,7,1,0
336033,Rajasthan Royals,SA Asnodkar,41,26,5,2
336033,Rajasthan Royals,T Kohli,3,3,0,0
336033,Rajasthan Royals,YK Pathan,6,5,1,0
336034,Deccan Chargers,AC Gilchrist,10,11,2,0
336034,Deccan Chargers,AS Yadav,3,4,0,0
336034,Deccan Chargers,HH Gibbs,5,7,1,0
336034,Deccan Chargers,RG Sharma,57,42,5,3
336034,Deccan Chargers,SB Bangar,17,7,0,2
336034,Deccan Chargers,SB Styris,2,3,0,0
336034,Deccan Chargers,Shahid Afridi,1,2,0,0
336034,Deccan Chargers,VVS Laxman,52,44,7,0
336034,Royal Challengers Bangalore,B Chipli,10,7,2,0
336034,Royal Challengers Bangalore,JH Kallis,6,5,1,0
336034,Royal Challengers Bangalore,MV Boucher,16,14,2,0
336034,Royal Challengers Bangalore,Misbah-ul-Haq,3,5,0,0
336034,Royal Challengers Bangalore,P Kumar,8,4,2,0
336034,Royal Challengers Bangalore,R Dravid,26,19,1,2
336034,Royal Challengers Bangalore,V Kohli,38,29,1,2
336034,Royal Challengers Bangalore,W Jaffer,44,37,6,0
336035,Kings XI Punjab,DPMD Jayawardene,11,10,1,0
336035,Kings XI Punjab,IK Pathan,7,4,1,0
336035,Kings XI Punjab,JR Hopes,13,10,2,0
336035,Kings XI Punjab,KC Sangakkara,64,45,7,2
336035,Kings XI Punjab,PP Chawla,0,1,0,0
336035,Kings XI Punjab,SE Marsh,40,31,3,2
336035,Kings XI Punjab,TM Srivastava,1,1,0,0
336035,Kings XI Punjab,Yuvraj Singh,27,18,3,1
336035,Kolkata Knight Riders,A Chopra,2,3,0,0
336035,Kolkata Knight Riders,DB Das,0,1,0,0
336035,Kolkata Knight Riders,DJ Hussey,12,11,2,0
336035,Kolkata Knight Riders,I Sharma,0,1,0,0
336035,Kolkata Knight Riders,LR Shukla,5,4,1,0
336035,Kolkata Knight Riders,SC Ganguly,86,53,6,6
336035,Kolkata Knight Riders,Salman Butt,24,19,5,0
336035,Kolkata Knight Riders,Umar Gul,24,11,1,3
336035,Kolkata Knight Riders,WP Saha,13,15,2,0
336036,Mumbai Indians,AM Nayar,25,18,3,0
336036,Mumbai Indians,DR Smith,8,7,1,0
336036,Mumbai Indians,MK Pandey,3,6,0,0
336036,Mumbai Indians,RR Raje,1,2,0,0
336036,Mumbai Indians,RV Uthappa,3,8,0,0
336036,Mumbai Indians,SM Pollock,0,1,0,0
336036,Mumbai Indians,SR Tendulkar,30,34,2,0
336036,Mumbai Indians,ST Jayasuriya,38,37,4,0
336036,Mumbai Indians,YV Takawale,24,7,4,1
336036,Rajasthan Royals,Kamran Akmal,18,16,4,0
336036,Rajasthan Royals,M Kaif,12,15,0,0
336036,Rajasthan Royals,NK Patel,40,29,2,1
336036,Rajasthan Royals,RA Jadeja,23,19,0,1
336036,Rajasthan Royals,SA Asnodkar,17,18,2,0
336036,Rajasthan Royals,SR Watson,18,19,3,0
336036,Rajasthan Royals,YK Pathan,2,4,0,0
336037,Chennai Super Kings,JA Morkel,12,12,1,0
336037,Chennai Super Kings,MS Dhoni,37,25,4,1
336037,Chennai Super Kings,PA Patel,20,27,3,0
336037,Chennai Super Kings,SK Raina,54,43,5,2
336037,Chennai Super Kings,SP Fleming,14,9,3,0
336037,Deccan Chargers,AC Gilchrist,5,8,0,0
336037,Deccan Chargers,AS Yadav,0,1,0,0
336037,Deccan Chargers,DB Ravi Teja,40,28,4,1
336037,Deccan Chargers,HH Gibbs,8,10,2,0
336037,Deccan Chargers,PP Ojha,1,1,0,0
336037,Deccan Chargers,RP Singh,10,4,1,1
336037,Deccan Chargers,SB Styris,20,20,3,0
336037,Deccan Chargers,Shahid Afridi,1,2,0,0
336037,Deccan Chargers,Y Venugopal Rao,46,46,3,1
336038,Delhi Daredevils,A Mishra,2,5,0,0
336038,Delhi Daredevils,G Gambhir,11,15,1,0
336038,Delhi Daredevils,GD McGrath,4,3,1,0
336038,Delhi Daredevils,KD Karthik,10,12,1,0
336038,Delhi Daredevils,MF Maharoof,6,6,1,0
336038,Delhi Daredevils,MK Tiwary,0,3,0,0
336038,Delhi Daredevils,Mohammad Asif,3,5,0,0
336038,Delhi Daredevils,S Dhawan,5,12,0,0
336038,Delhi Daredevils,TM Dilshan,33,22,5,1
336038,Delhi Daredevils,V Sehwag,3,4,0,0
336038,Delhi Daredevils,VY Mahesh,3,10,0,0
336038,Rajasthan Royals,GC Smith,25,21,5,0
336038,Rajasthan Royals,M Kaif,12,11,0,1
336038,Rajasthan Royals,M Rawat,2,4,0,0
336038,Rajasthan Royals,RA Jadeja,7,5,0,1
336038,Rajasthan Royals,SA Asnodkar,39,21,6,1
336038,Rajasthan Royals,SK Trivedi,1,2,0,0
336038,Rajasthan Royals,SK Warne,0,1,0,0
336038,Rajasthan Royals,SR Watson,52,29,4,3
336038,Rajasthan Royals,Sohail Tanvir,5,5,1,0
336038,Rajasthan Royals,YK Pathan,45,21,3,4
336039,Chennai Super Kings,PA Patel,51,48,8,0
336039,Chennai Super Kings,S Vidyut,6,7,1,0
336039,Chennai Super Kings,SK Raina,55,34,4,4
336039,Kings XI Punjab,DPMD Jayawardene,8,10,1,0
336039,Kings XI Punjab,IK Pathan,3,12,0,0
336039,Kings XI Punjab,JR Hopes,2,5,0,0
336039,Kings XI Punjab,KC Sangakkara,3,4,0,0
336039,Kings XI Punjab,PP Chawla,12,15,1,0
336039,Kings XI Punjab,RR Powar,28,21,4,1
336039,Kings XI Punjab,S Sreesanth,0,2,0,0
336039,Kings XI Punjab,SE Marsh,23,17,3,1
336039,Kings XI Punjab,WA Mota,25,26,2,0
336039,Kings XI Punjab,Yuvraj Singh,4,8,0,0
336040,Chennai Super Kings,CK Kapugedera,8,11,0,0
336040,Chennai Super Kings,JA Morkel,16,13,0,2
336040,Chennai Super Kings,MS Dhoni,29,17,1,2
336040,Chennai Super Kings,PA Patel,38,33,5,0
336040,Chennai Super Kings,S Badrinath,6,2,1,0
336040,Chennai Super Kings,S Vidyut,16,14,1,1
336040,Chennai Super Kings,SK Raina,43,30,1,2
336040,Rajasthan Royals,Kamran Akmal,6,7,1,0
336040,Rajasthan Royals,M Kaif,12,9,0,1
336040,Rajasthan Royals,NK Patel,2,11,0,0
336040,Rajasthan Royals,RA Jadeja,0,1,0,0
336040,Rajasthan Royals,SA Asnodkar,28,20,4,0
336040,Rajasthan Royals,SK Warne,9,9,1,0
336040,Rajasthan Royals,SR Watson,28,19,3,0
336040,Rajasthan Royals,Sohail Tanvir,9,7,0,0
336040,Rajasthan Royals,YK Pathan,56,37,3,4
392181,Chennai Super Kings,A Flintoff,24,23,2,1
392181,Chennai Super Kings,JDP Oram,8,6,0,1
392181,Chennai Super Kings,Joginder Sharma,16,15,0,1
392181,Chennai Super Kings,ML Hayden,44,35,6,1
392181,Chennai Super Kings,MS Dhoni,36,26,1,2
392181,Chennai Super Kings,PA Patel,0,2,0,0
392181,Chennai Super Kings,S Badrinath,0,2,0,0
392181,Chennai Super Kings,SK Raina,8,9,1,0
392181,Chennai Super Kings,T Thushara,1,2,0,0
392181,Mumbai Indians,AM Nayar,35,14,2,3
392181,Mumbai Indians,DJ Bravo,5,4,1,0
392181,Mumbai Indians,Harbhajan Singh,4,2,1,0
392181,Mumbai Indians,JP Duminy,9,7,1,0
392181,Mumbai Indians,S Dhawan,22,21,2,0
392181,Mumbai Indians,SR Tendulkar,59,49,7,0
392181,Mumbai Indians,ST Jayasuriya,26,20,5,0
392181,Mumbai Indians,Z Khan,2,3,0,0
392182,Rajasthan Royals,AD Mascarenhas,0,1,0,0
392182,Rajasthan Royals,GC Smith,2,11,0,0
392182,Rajasthan Royals,Kamran Khan,3,5,0,0
392182,Rajasthan Royals,M Rawat,4,7,0,0
392182,Rajasthan Royals,MM Patel,0,2,0,0
392182,Rajasthan Royals,NK Patel,4,16,0,0
392182,Rajasthan Royals,RA Jadeja,11,10,0,1
392182,Rajasthan Royals,SA Asnodkar,0,2,0,0
392182,Rajasthan Royals,SK Warne,3,9,0,0
392182,Rajasthan Royals,T Henderson,11,14,0,1
392182,Rajasthan Royals,YK Pathan,11,14,1,0
392182,Royal Challengers Bangalore,B Akhil,9,9,1,0
392182,Royal Challengers Bangalore,JD Ryder,0,2,0,0
392182,Royal Challengers Bangalore,KP Pietersen,32,30,4,0
392182,Royal Challengers Bangalore,LRPL Taylor,0,1,0,0
392182,Royal Challengers Bangalore,P Kumar,8,10,0,1
392182,Royal Challengers Bangalore,R Dravid,66,48,8,1
392182,Royal Challengers Bangalore,R Vinay Kumar,8,2,2,0
392182,Royal Challengers Bangalore,RV Uthappa,3,10,0,0
392182,Royal Challengers Bangalore,V Kohli,3,8,0,0
392183,Delhi Daredevils,G Gambhir,15,13,2,0
392183,Delhi Daredevils,V Sehwag,38,16,4,3
392183,Kings XI Punjab,DPMD Jayawardene,6,6,1,0
392183,Kings XI Punjab,IK Pathan,6,7,0,0
392183,Kings XI Punjab,K Goel,38,21,3,3
392183,Kings XI Punjab,KC Sangakkara,8,11,1,0
392183,Kings XI Punjab,RS Bopara,22,16,0,2
392183,Kings XI Punjab,Yuvraj Singh,16,11,0,2
392184,Deccan Chargers,AC Gilchrist,13,11,2,0
392184,Deccan Chargers,HH Gibbs,43,26,5,1
392184,Deccan Chargers,RG Sharma,36,32,3,2
392184,Deccan Chargers,VVS Laxman,10,10,1,1
392184,Kolkata Knight Riders,A Chopra,11,19,2,0
392184,Kolkata Knight Riders,AB Agarkar,7,3,0,1
392184,Kolkata Knight Riders,AB Dinda,2,2,0,0
392184,Kolkata Knight Riders,BB McCullum,1,3,0,0
392184,Kolkata Knight Riders,BJ Hodge,31,34,4,0
392184,Kolkata Knight Riders,CH Gayle,10,12,1,1
392184,Kolkata Knight Riders,I Sharma,9,9,0,1
392184,Kolkata Knight Riders,LR Shukla,8,6,0,1
392184,Kolkata Knight Riders,M Kartik,10,10,0,0
392184,Kolkata Knight Riders,MC Henriques,6,8,0,0
392184,Kolkata Knight Riders,SC Ganguly,1,12,0,0
392185,Chennai Super Kings,A Flintoff,22,13,2,1
392185,Chennai Super Kings,JA Morkel,5,3,1,0
392185,Chennai Super Kings,ML Hayden,65,35,9,2
392185,Chennai Super Kings,MS Dhoni,16,14,0,1
392185,Chennai Super Kings,PA Patel,30,26,2,1
392185,Chennai Super Kings,SK Raina,28,29,1,1
392185,Royal Challengers Bangalore,A Kumble,1,5,0,0
392185,Royal Challengers Bangalore,DW Steyn,0,3,0,0
392185,Royal Challengers Bangalore,JH Kallis,24,19,5,0
392185,Royal Challengers Bangalore,KP Pietersen,0,1,0,0
392185,Royal Challengers Bangalore,LRPL Taylor,1,4,0,0
392185,Royal Challengers Bangalore,P Kumar,0,3,0,0
392185,Royal Challengers Bangalore,R Bishnoi,0,1,0,0
392185,Royal Challengers Bangalore,R Dravid,20,18,2,0
392185,Royal Challengers Bangalore,R Vinay Kumar,5,6,0,0
392185,Royal Challengers Bangalore,RV Uthappa,20,19,2,0
392185,Royal Challengers Bangalore,V Kohli,11,13,0,1
392186,Kings XI Punjab,DPMD Jayawardene,31,19,3,1
392186,Kings XI Punjab,IK Pathan,32,17,5,1
392186,Kings XI Punjab,K Goel,0,7,0,0
392186,Kings XI Punjab,KC Sangakkara,26,24,2,0
392186,Kings XI Punjab,PP Chawla,3,6,0,0
392186,Kings XI Punjab,RS Bopara,15,15,2,0
392186,Kings XI Punjab,T Kohli,1,4,0,0
392186,Kings XI Punjab,Yuvraj Singh,38,28,3,2
392186,Kolkata Knight Riders,BB McCullum,21,16,1,2
392186,Kolkata Knight Riders,BJ Hodge,10,14,0,0
392186,Kolkata Knight Riders,CH Gayle,44,26,2,4
392188,Deccan Chargers,AC Gilchrist,71,45,6,5
392188,Deccan Chargers,DB Ravi Teja,8,5,1,0
392188,Deccan Chargers,FH Edwards,3,2,0,0
392188,Deccan Chargers,HH Gibbs,13,7,1,1
392188,Deccan Chargers,RG Sharma,52,30,1,5
392188,Deccan Chargers,SB Styris,14,8,0,1
392188,Deccan Chargers,VVS Laxman,5,10,0,0
392188,Deccan Chargers,Y Venugopal Rao,9,13,0,0
392188,Royal Challengers Bangalore,A Kumble,1,1,0,0
392188,Royal Challengers Bangalore,JD Ryder,0,1,0,0
392188,Royal Challengers Bangalore,JH Kallis,15,14,3,0
392188,Royal Challengers Bangalore,KP Pietersen,11,15,1,0
392188,Royal Challengers Bangalore,KV Sharma,1,3,0,0
392188,Royal Challengers Bangalore,P Kumar,14,6,0,2
392188,Royal Challengers Bangalore,R Bishnoi,1,2,0,0
392188,Royal Challengers Bangalore,R Dravid,48,27,5,2
392188,Royal Challengers Bangalore,RV Uthappa,12,19,1,0
392188,Royal Challengers Bangalore,V Kohli,50,32,7,0
392189,Chennai Super Kings,A Flintoff,16,17,1,0
392189,Chennai Super Kings,JA Morkel,13,14,1,0
392189,Chennai Super Kings,Joginder Sharma,4,3,0,0
392189,Chennai Super Kings,M Muralitharan,0,1,0,0
392189,Chennai Super Kings,ML Hayden,57,27,5,3
392189,Chennai Super Kings,MS Dhoni,5,7,0,0
392189,Chennai Super Kings,MS Gony,6,2,0,1
392189,Chennai Super Kings,PA Patel,16,15,2,0
392189,Chennai Super Kings,S Badrinath,7,8,0,0
392189,Chennai Super Kings,SK Raina,41,26,5,1
392189,Delhi Daredevils,AB de Villiers,105,54,5,6
392189,Delhi Daredevils,G Gambhir,0,1,0,0
392189,Delhi Daredevils,KD Karthik,18,16,2,0
392189,Delhi Daredevils,MK Tiwary,9,13,1,0
392189,Delhi Daredevils,TM Dilshan,50,27,7,2
392189,Delhi Daredevils,V Sehwag,6,9,1,0
392190,Kolkata Knight Riders,AB Agarkar,1,1,0,0
392190,Kolkata Knight Riders,BB McCullum,4,10,0,0
392190,Kolkata Knight Riders,BJ Hodge,5,7,0,0
392190,Kolkata Knight Riders,CH Gayle,54,38,5,4
392190,Kolkata Knight Riders,I Sharma,1,1,0,0
392190,Kolkata Knight Riders,LR Shukla,13,13,1,0
392190,Kolkata Knight Riders,SB Bangar,2,9,0,0
392190,Kolkata Knight Riders,SC Ganguly,46,29,4,2
392190,Kolkata Knight Riders,Yashpal Singh,20,18,3,0
392190,Rajasthan Royals,AD Mascarenhas,27,28,2,0
392190,Rajasthan Royals,AS Raut,21,13,1,2
392190,Rajasthan Royals,GC Smith,15,21,1,0
392190,Rajasthan Royals,PC Valthaty,5,7,1,0
392190,Rajasthan Royals,RA Jadeja,22,26,0,0
392190,Rajasthan Royals,RJ Quiney,6,2,0,1
392190,Rajasthan Royals,SK Warne,2,2,0,0
392190,Rajasthan Royals,YK Pathan,60,25,7,4
392191,Kings XI Punjab,DPMD Jayawardene,1,1,0,0
392191,Kings XI Punjab,K Goel,19,19,1,0
392191,Kings XI Punjab,KC Sangakkara,26,18,2,1
392191,Kings XI Punjab,RS Bopara,84,59,4,5
392191,Kings XI Punjab,Yuvraj Singh,30,17,3,1
392191,Royal Challengers Bangalore,A Kumble,5,3,1,0
392191,Royal Challengers Bangalore,JD Ryder,32,21,6,0
392191,Royal Challengers Bangalore,JH Kallis,62,46,5,2
392191,Royal Challengers Bangalore,KP Pietersen,0,2,0,0
392191,Royal Challengers Bangalore,LRPL Taylor,35,22,4,2
392191,Royal Challengers Bangalore,P Kumar,13,7,0,1
392191,Royal Challengers Bangalore,Pankaj Singh,0,1,0,0
392191,Royal Challengers Bangalore,R Dravid,10,13,0,0
392191,Royal Challengers Bangalore,R Vinay Kumar,1,1,0,0
392191,Royal Challengers Bangalore,RV Uthappa,0,1,0,0
392191,Royal Challengers Bangalore,V Kohli,2,3,0,0
392192,Deccan Chargers,AC Gilchrist,35,20,3,3
392192,Deccan Chargers,DB Ravi Teja,9,9,1,0
392192,Deccan Chargers,DR Smith,35,22,2,2
392192,Deccan Chargers,FH Edwards,1,3,0,0
392192,Deccan Chargers,HH Gibbs,58,44,6,2
392192,Deccan Chargers,PP Ojha,0,2,0,0
392192,Deccan Chargers,RG Sharma,3,5,0,0
392192,Deccan Chargers,RP Singh,4,4,0,0
392192,Deccan Chargers,VVS Laxman,0,1,0,0
392192,Deccan Chargers,Y Venugopal Rao,9,10,0,0
392192,Mumbai Indians,AM Nayar,10,6,0,1
392192,Mumbai Indians,DJ Bravo,21,18,2,0
392192,Mumbai Indians,Harbhajan Singh,20,8,1,2
392192,Mumbai Indians,JP Duminy,47,40,4,2
392192,Mumbai Indians,PR Shah,1,1,0,0
392192,Mumbai Indians,S Dhawan,3,7,0,0
392192,Mumbai Indians,SR Tendulkar,36,26,3,2
392192,Mumbai Indians,ST Jayasuriya,1,8,0,0
392192,Mumbai Indians,Z Khan,4,6,0,0
392194,Delhi Daredevils,AB de Villiers,21,23,0,0
392194,Delhi Daredevils,G Gambhir,16,19,1,0
392194,Delhi Daredevils,KD Karthik,12,9,1,1
392194,Delhi Daredevils,M Manhas,23,13,3,0
392194,Delhi Daredevils,TM Dilshan,67,47,5,2
392194,Delhi Daredevils,V Sehwag,7,5,0,1
392194,Royal Challengers Bangalore,B Akhil,8,4,0,1
392194,Royal Challengers Bangalore,JH Kallis,0,1,0,0
392194,Royal Challengers Bangalore,KP Pietersen,37,24,2,2
392194,Royal Challengers Bangalore,LRPL Taylor,31,34,3,0
392194,Royal Challengers Bangalore,MV Boucher,36,28,2,2
392194,Royal Challengers Bangalore,Pankaj Singh,1,1,0,0
392194,Royal Challengers Bangalore,RV Uthappa,3,4,0,0
392194,Royal Challengers Bangalore,V Kohli,22,24,1,0
392195,Kings XI Punjab,DPMD Jayawardene,7,10,0,0
392195,Kings XI Punjab,IK Pathan,39,33,2,2
392195,Kings XI Punjab,KC Sangakkara,60,51,7,1
392195,Kings XI Punjab,PP Chawla,6,6,1,0
392195,Kings XI Punjab,RS Bopara,11,15,2,0
392195,Kings XI Punjab,WA Mota,1,2,0,0
392195,Kings XI Punjab,Yuvraj Singh,2,3,0,0
392195,Rajasthan Royals,AD Mascarenhas,4,2,1,0
392195,Rajasthan Royals,AS Raut,1,4,0,0
392195,Rajasthan Royals,GC Smith,2,6,0,0
392195,Rajasthan Royals,M Rawat,4,6,0,0
392195,Rajasthan Royals,RA Jadeja,37,44,2,0
392195,Rajasthan Royals,RJ Quiney,7,8,1,0
392195,Rajasthan Royals,SA Asnodkar,3,4,0,0
392195,Rajasthan Royals,SK Warne,34,33,3,0
392195,Rajasthan Royals,YK Pathan,10,13,2,0
392196,Chennai Super Kings,JA Morkel,13,7,1,1
392196,Chennai Super Kings,JDP Oram,41,28,4,2
392196,Chennai Super Kings,ML Hayden,49,33,8,0
392196,Chennai Super Kings,MS Dhoni,22,22,1,1
392196,Chennai Super Kings,PA Patel,0,2,0,0
392196,Chennai Super Kings,S Badrinath,8,9,1,0
392196,Chennai Super Kings,SK Raina,25,19,1,2
392196,Deccan Chargers,AA Bilakhia,12,14,1,0
392196,Deccan Chargers,AC Gilchrist,44,19,5,3
392196,Deccan Chargers,DR Smith,12,5,1,1
392196,Deccan Chargers,HH Gibbs,69,55,6,2
392196,Deccan Chargers,RG Sharma,18,19,0,1
392196,Deccan Chargers,VVS Laxman,4,5,0,0
392197,Kolkata Knight Riders,AB Dinda,0,1,0,0
392197,Kolkata Knight Riders,AN Ghosh,0,1,0,0
392197,Kolkata Knight Riders,BAW Mendis,0,1,0,0
392197,Kolkata Knight Riders,BB McCullum,1,5,0,0
392197,Kolkata Knight Riders,BJ Hodge,24,22,3,0
392197,Kolkata Knight Riders,CH Gayle,12,11,0,1
392197,Kolkata Knight Riders,I Sharma,6,3,1,0
392197,Kolkata Knight Riders,LR Shukla,6,10,1,0
392197,Kolkata Knight Riders,SC Ganguly,34,30,3,1
392197,Kolkata Knight Riders,Yashpal Singh,8,8,0,0
392197,Mumbai Indians,AM Nayar,3,3,0,0
392197,Mumbai Indians,DJ Bravo,3,5,0,0
392197,Mumbai Indians,Harbhajan Singh,18,8,1,2
392197,Mumbai Indians,JP Duminy,18,14,1,0
392197,Mumbai Indians,S Dhawan,12,10,1,0
392197,Mumbai Indians,SR Tendulkar,68,45,6,4
392197,Mumbai Indians,SS Tiwary,4,3,0,0
392197,Mumbai Indians,ST Jayasuriya,52,32,2,4
392198,Delhi Daredevils,A Mishra,0,4,0,0
392198,Delhi Daredevils,AB de Villiers,50,40,5,1
392198,Delhi Daredevils,DL Vettori,29,27,3,0
392198,Delhi Daredevils,G Gambhir,8,6,1,0
392198,Delhi Daredevils,KD Karthik,4,5,0,0
392198,Delhi Daredevils,M Manhas,23,16,2,1
392198,Delhi Daredevils,PJ Sangwan,1,1,0,0
392198,Delhi Daredevils,TM Dilshan,7,10,1,0
392198,Delhi Daredevils,V Sehwag,16,11,2,1
392198,Rajasthan Royals,GC Smith,44,45,5,0
392198,Rajasthan Royals,PC Valthaty,1,5,0,0
392198,Rajasthan Royals,RA Jadeja,16,13,1,0
392198,Rajasthan Royals,RJ Quiney,4,9,1,0
392198,Rajasthan Royals,SA Asnodkar,11,8,1,1
392198,Rajasthan Royals,SK Warne,0,2,0,0
392198,Rajasthan Royals,YK Pathan,62,30,3,6
392199,Kolkata Knight Riders,AB Agarkar,6,7,0,0
392199,Kolkata Knight Riders,BB McCullum,0,1,0,0
392199,Kolkata Knight Riders,BJ Hodge,17,15,2,1
392199,Kolkata Knight Riders,CH Gayle,40,37,6,0
392199,Kolkata Knight Riders,LR Shukla,2,3,0,0
392199,Kolkata Knight Riders,MN van Wyk,43,35,4,0
392199,Kolkata Knight Riders,SC Ganguly,1,8,0,0
392199,Kolkata Knight Riders,WP Saha,21,14,0,1
392199,Royal Challengers Bangalore,JH Kallis,23,25,2,0
392199,Royal Challengers Bangalore,KP Pietersen,13,12,1,0
392199,Royal Challengers Bangalore,MK Pandey,2,2,0,0
392199,Royal Challengers Bangalore,MV Boucher,25,13,2,1
392199,Royal Challengers Bangalore,RE van der Merwe,9,9,0,1
392199,Royal Challengers Bangalore,SP Goswami,43,46,6,0
392199,Royal Challengers Bangalore,V Kohli,19,12,1,1
392200,Kings XI Punjab,DPMD Jayawardene,7,9,0,0
392200,Kings XI Punjab,IK Pathan,7,10,0,0
392200,Kings XI Punjab,K Goel,12,12,0,1
392200,Kings XI Punjab,KC Sangakkara,45,44,2,1
392200,Kings XI Punjab,PP Chawla,0,2,0,0
392200,Kings XI Punjab,RR Powar,10,10,1,0
392200,Kings XI Punjab,RS Bopara,6,14,0,0
392200,Kings XI Punjab,WA Mota,5,6,0,0
392200,Kings XI Punjab,Yuvraj Singh,10,13,1,0
392200,Mumbai Indians,AM Nayar,15,15,1,0
392200,Mumbai Indians,DJ Bravo,15,20,1,1
392200,Mumbai Indians,Harbhajan Singh,6,5,1,0
392200,Mumbai Indians,JP Duminy,59,63,4,0
392200,Mumbai Indians,S Dhawan,3,7,0,0
392200,Mumbai Indians,SR Tendulkar,1,5,0,0
392200,Mumbai Indians,SS Tiwary,6,4,0,0
392200,Mumbai Indians,ST Jayasuriya,0,1,0,0
392201,Deccan Chargers,AA Bilakhia,22,26,2,0
392201,Deccan Chargers,AC Gilchrist,8,5,2,0
392201,Deccan Chargers,DR Smith,48,28,5,2
392201,Deccan Chargers,HH Gibbs,0,4,0,0
392201,Deccan Chargers,PP Ojha,1,1,0,0
392201,Deccan Chargers,RG Sharma,17,20,2,0
392201,Deccan Chargers,RP Singh,2,4,0,0
392201,Deccan Chargers,Shoaib Ahmed,0,3,0,0
392201,Deccan Chargers,TL Suman,23,14,1,1
392201,Deccan Chargers,Y Venugopal Rao,16,15,1,0
392201,Delhi Daredevils,AB de Villiers,5,9,1,0
392201,Delhi Daredevils,G Gambhir,17,15,3,0
392201,Delhi Daredevils,KD Karthik,41,30,3,1
392201,Delhi Daredevils,M Manhas,3,2,0,0
392201,Delhi Daredevils,TM Dilshan,52,45,4,3
392201,Delhi Daredevils,V Sehwag,20,11,4,0
392202,Chennai Super Kings,JA Morkel,4,1,1,0
392202,Chennai Super Kings,JDP Oram,2,6,0,0
392202,Chennai Super Kings,ML Hayden,1,2,0,0
392202,Chennai Super Kings,MS Dhoni,22,19,0,1
392202,Chennai Super Kings,PA Patel,3,11,0,0
392202,Chennai Super Kings,S Badrinath,29,27,4,0
392202,Chennai Super Kings,SK Raina,98,54,10,5
392202,Rajasthan Royals,AD Mascarenhas,8,8,1,0
392202,Rajasthan Royals,GC Smith,2,5,0,0
392202,Rajasthan Royals,M Rawat,8,6,1,0
392202,Rajasthan Royals,MM Patel,0,1,0,0
392202,Rajasthan Royals,RA Jadeja,37,33,2,1
392202,Rajasthan Royals,RJ Quiney,28,31,4,0
392202,Rajasthan Royals,SA Asnodkar,10,8,0,1
392202,Rajasthan Royals,SK Trivedi,2,3,0,0
392202,Rajasthan Royals,SK Warne,3,9,0,0
392202,Rajasthan Royals,YK Pathan,20,13,3,0
392203,Kolkata Knight Riders,BB McCullum,5,7,0,0
392203,Kolkata Knight Riders,BJ Hodge,73,59,5,3
392203,Kolkata Knight Riders,CH Gayle,7,7,1,0
392203,Kolkata Knight Riders,LR Shukla,6,7,0,0
392203,Kolkata Knight Riders,MN van Wyk,32,35,3,0
392203,Kolkata Knight Riders,SC Ganguly,0,1,0,0
392203,Kolkata Knight Riders,WP Saha,8,4,1,0
392203,Mumbai Indians,AM Nayar,10,13,1,0
392203,Mumbai Indians,AM Rahane,10,7,1,0
392203,Mumbai Indians,GR Napier,15,16,1,0
392203,Mumbai Indians,Harbhajan Singh,6,7,0,0
392203,Mumbai Indians,JP Duminy,52,37,1,4
392203,Mumbai Indians,SR Tendulkar,34,30,3,2
392203,Mumbai Indians,ST Jayasuriya,6,8,1,0
392203,Mumbai Indians,Z Khan,2,2,0,0
392204,Kings XI Punjab,DPMD Jayawardene,19,15,2,0
392204,Kings XI Punjab,IK Pathan,12,9,2,0
392204,Kings XI Punjab,K Goel,20,29,2,0
392204,Kings XI Punjab,KC Sangakkara,17,23,2,0
392204,Kings XI Punjab,PP Chawla,3,4,0,0
392204,Kings XI Punjab,SM Katich,3,5,0,0
392204,Kings XI Punjab,TM Srivastava,0,1,0,0
392204,Kings XI Punjab,Yuvraj Singh,50,34,3,4
392204,Royal Challengers Bangalore,A Kumble,1,3,0,0
392204,Royal Challengers Bangalore,JD Ryder,2,5,0,0
392204,Royal Challengers Bangalore,JH Kallis,27,22,4,0
392204,Royal Challengers Bangalore,KP Appanna,0,1,0,0
392204,Royal Challengers Bangalore,MV Boucher,2,4,0,0
392204,Royal Challengers Bangalore,P Kumar,9,7,1,0
392204,Royal Challengers Bangalore,R Bishnoi,18,14,1,2
392204,Royal Challengers Bangalore,RE van der Merwe,35,19,3,3
392204,Royal Challengers Bangalore,RV Uthappa,19,17,2,0
392204,Royal Challengers Bangalore,SP Goswami,10,14,0,0
392204,Royal Challengers Bangalore,V Kohli,16,14,2,0
392205,Deccan Chargers,AA Bilakhia,1,5,0,0
392205,Deccan Chargers,AC Gilchrist,39,35,5,2
392205,Deccan Chargers,DR Smith,7,8,1,0
392205,Deccan Chargers,HH Gibbs,8,10,1,0
392205,Deccan Chargers,RG Sharma,38,32,2,2
392205,Deccan Chargers,TL Suman,41,30,2,1
392205,Rajasthan Royals,AS Raut,36,23,4,0
392205,Rajasthan Royals,GC Smith,0,2,0,0
392205,Rajasthan Royals,LA Carseldine,39,31,6,0
392205,Rajasthan Royals,NV Ojha,0,6,0,0
392205,Rajasthan Royals,RA Jadeja,12,17,0,1
392205,Rajasthan Royals,SA Asnodkar,0,1,0,0
392205,Rajasthan Royals,SK Warne,21,17,0,2
392205,Rajasthan Royals,SM Harwood,3,7,0,0
392205,Rajasthan Royals,YK Pathan,24,14,2,2
392206,Chennai Super Kings,JA Morkel,6,4,1,0
392206,Chennai Super Kings,JDP Oram,3,7,0,0
392206,Chennai Super Kings,L Balaji,2,3,0,0
392206,Chennai Super Kings,M Muralitharan,3,4,0,0
392206,Chennai Super Kings,M Vijay,14,13,2,0
392206,Chennai Super Kings,ML Hayden,30,19,4,1
392206,Chennai Super Kings,MS Dhoni,6,7,0,0
392206,Chennai Super Kings,S Badrinath,45,34,4,2
392206,Chennai Super Kings,SB Jakati,13,8,2,0
392206,Chennai Super Kings,SK Raina,32,21,2,2
392206,Delhi Daredevils,A Mishra,11,8,1,1
392206,Delhi Daredevils,AB de Villiers,0,1,0,0
392206,Delhi Daredevils,DA Warner,51,40,5,1
392206,Delhi Daredevils,G Gambhir,13,13,2,0
392206,Delhi Daredevils,KD Karthik,52,31,7,1
392206,Delhi Daredevils,M Manhas,0,4,0,0
392206,Delhi Daredevils,PJ Sangwan,0,3,0,0
392206,Delhi Daredevils,R Bhatia,2,7,0,0
392206,Delhi Daredevils,TM Dilshan,13,13,0,1
392207,Kings XI Punjab,DPMD Jayawardene,52,41,7,0
392207,Kings XI Punjab,IK Pathan,19,16,2,0
392207,Kings XI Punjab,KC Sangakkara,0,2,0,0
392207,Kings XI Punjab,S Sohal,25,17,0,3
392207,Kings XI Punjab,SM Katich,34,28,3,1
392207,Kings XI Punjab,Yuvraj Singh,14,16,1,0
392207,Kolkata Knight Riders,BB McCullum,19,31,1,0
392207,Kolkata Knight Riders,BJ Hodge,70,43,10,1
392207,Kolkata Knight Riders,CH Gayle,17,17,3,0
392207,Kolkata Knight Riders,MN van Wyk,18,12,1,1
392207,Kolkata Knight Riders,SC Ganguly,22,17,1,1
392208,Mumbai Indians,AM Nayar,29,19,4,0
392208,Mumbai Indians,AM Rahane,0,1,0,0
392208,Mumbai Indians,DJ Bravo,50,40,1,2
392208,Mumbai Indians,JP Duminy,1,6,0,0
392208,Mumbai Indians,SR Tendulkar,11,11,2,0
392208,Mumbai Indians,ST Jayasuriya,52,43,6,1
392208,Royal Challengers Bangalore,JH Kallis,69,59,5,2
392208,Royal Challengers Bangalore,RV Uthappa,66,42,8,2
392208,Royal Challengers Bangalore,W Jaffer,7,8,1,0
392209,Chennai Super Kings,JA Morkel,4,5,0,0
392209,Chennai Super Kings,M Vijay,31,33,2,1
392209,Chennai Super Kings,ML Hayden,43,26,5,3
392209,Chennai Super Kings,MS Dhoni,58,37,6,1
392209,Chennai Super Kings,SK Raina,32,19,1,2
392209,Deccan Chargers,AC Gilchrist,0,1,0,0
392209,Deccan Chargers,DR Smith,49,22,2,5
392209,Deccan Chargers,HH Gibbs,0,2,0,0
392209,Deccan Chargers,PP Ojha,0,2,0,0
392209,Deccan Chargers,RG Sharma,21,20,2,1
392209,Deccan Chargers,RJ Harris,1,4,0,0
392209,Deccan Chargers,RP Singh,2,6,0,0
392209,Deccan Chargers,Shoaib Ahmed,1,2,0,0
392209,Deccan Chargers,TL Suman,17,17,2,0
392209,Deccan Chargers,VVS Laxman,0,7,0,0
392209,Deccan Chargers,Y Venugopal Rao,2,5,0,0
392210,Kings XI Punjab,DPMD Jayawardene,9,11,0,1
392210,Kings XI Punjab,IK Pathan,19,17,2,0
392210,Kings XI Punjab,K Goel,1,4,0,0
392210,Kings XI Punjab,KC Sangakkara,11,15,2,0
392210,Kings XI Punjab,PP Chawla,6,7,1,0
392210,Kings XI Punjab,RR Powar,6,7,0,0
392210,Kings XI Punjab,S Sohal,0,1,0,0
392210,Kings XI Punjab,S Sreesanth,4,8,1,0
392210,Kings XI Punjab,SM Katich,10,13,2,0
392210,Kings XI Punjab,Yuvraj Singh,48,37,3,3
392210,Rajasthan Royals,AS Raut,1,1,0,0
392210,Rajasthan Royals,GC Smith,77,42,12,1
392210,Rajasthan Royals,LA Carseldine,16,8,2,0
392210,Rajasthan Royals,NV Ojha,68,51,5,5
392210,Rajasthan Royals,RA Jadeja,33,11,5,1
392210,Rajasthan Royals,YK Pathan,12,7,1,1
392211,Delhi Daredevils,DA Warner,36,23,5,1
392211,Delhi Daredevils,G Gambhir,71,57,7,0
392211,Delhi Daredevils,TM Dilshan,42,34,5,1
392211,Kolkata Knight Riders,BB McCullum,35,29,1,3
392211,Kolkata Knight Riders,BJ Hodge,10,19,0,0
392211,Kolkata Knight Riders,MC Henriques,30,24,2,1
392211,Kolkata Knight Riders,MN van Wyk,74,47,11,0
392211,Kolkata Knight Riders,WP Saha,1,1,0,0
392212,Deccan Chargers,AC Gilchrist,25,29,2,1
392212,Deccan Chargers,DB Ravi Teja,4,4,0,0
392212,Deccan Chargers,DR Smith,16,12,1,1
392212,Deccan Chargers,HH Gibbs,0,5,0,0
392212,Deccan Chargers,RG Sharma,38,36,2,1
392212,Deccan Chargers,RJ Harris,5,4,0,0
392212,Deccan Chargers,TL Suman,20,13,1,2
392212,Deccan Chargers,Y Venugopal Rao,28,17,2,1
392212,Mumbai Indians,AM Nayar,1,4,0,0
392212,Mumbai Indians,DJ Bravo,13,16,0,0
392212,Mumbai Indians,DS Kulkarni,7,9,0,0
392212,Mumbai Indians,Harbhajan Singh,0,1,0,0
392212,Mumbai Indians,JP Duminy,52,48,7,0
392212,Mumbai Indians,PR Shah,29,19,3,2
392212,Mumbai Indians,RR Raje,11,7,0,1
392212,Mumbai Indians,SR Tendulkar,2,4,0,0
392212,Mumbai Indians,SS Tiwary,3,5,0,0
392212,Mumbai Indians,ST Jayasuriya,5,7,1,0
392213,Rajasthan Royals,GC Smith,20,22,4,0
392213,Rajasthan Royals,LA Carseldine,9,8,1,0
392213,Rajasthan Royals,NV Ojha,52,38,3,3
392213,Rajasthan Royals,RA Jadeja,1,3,0,0
392213,Rajasthan Royals,YK Pathan,22,19,2,0
392213,Royal Challengers Bangalore,D du Preez,10,13,0,0
392213,Royal Challengers Bangalore,JH Kallis,10,13,0,1
392213,Royal Challengers Bangalore,MV Boucher,6,8,0,0
392213,Royal Challengers Bangalore,P Kumar,7,4,0,1
392213,Royal Challengers Bangalore,R Dravid,0,2,0,0
392213,Royal Challengers Bangalore,R Vinay Kumar,12,13,0,1
392213,Royal Challengers Bangalore,RE van der Merwe,15,16,1,0
392213,Royal Challengers Bangalore,RV Uthappa,17,20,3,0
392213,Royal Challengers Bangalore,V Kohli,15,22,1,0
392213,Royal Challengers Bangalore,W Jaffer,8,9,1,0
392214,Chennai Super Kings,JA Morkel,2,2,0,0
392214,Chennai Super Kings,ML Hayden,89,58,8,6
392214,Chennai Super Kings,MS Dhoni,56,27,7,2
392214,Chennai Super Kings,S Badrinath,0,1,0,0
392214,Chennai Super Kings,SK Raina,32,20,4,1
392214,Kings XI Punjab,DPMD Jayawardene,44,25,3,2
392214,Kings XI Punjab,K Goel,14,20,1,0
392214,Kings XI Punjab,S Sohal,2,2,0,0
392214,Kings XI Punjab,SM Katich,50,25,3,4
392214,Kings XI Punjab,Yuvraj Singh,58,36,5,2
392215,Delhi Daredevils,AB de Villiers,50,38,6,1
392215,Delhi Daredevils,DA Warner,21,30,0,1
392215,Delhi Daredevils,G Gambhir,19,23,2,0
392215,Delhi Daredevils,KD Karthik,5,3,1,0
392215,Delhi Daredevils,TM Dilshan,17,19,2,0
392215,Mumbai Indians,AM Nayar,18,28,1,0
392215,Mumbai Indians,AM Rahane,12,11,2,0
392215,Mumbai Indians,DJ Bravo,35,29,2,2
392215,Mumbai Indians,DS Kulkarni,1,4,0,0
392215,Mumbai Indians,Harbhajan Singh,10,6,0,1
392215,Mumbai Indians,JP Duminy,0,4,0,0
392215,Mumbai Indians,L Ronchi,0,2,0,0
392215,Mumbai Indians,PR Shah,11,20,0,0
392215,Mumbai Indians,RR Raje,1,2,0,0
392215,Mumbai Indians,SR Tendulkar,15,14,2,0
392216,Deccan Chargers,A Symonds,60,35,2,4
392216,Deccan Chargers,AC Gilchrist,20,15,3,1
392216,Deccan Chargers,HH Gibbs,13,13,1,0
392216,Deccan Chargers,RG Sharma,9,15,1,0
392216,Deccan Chargers,TL Suman,27,17,1,2
392216,Deccan Chargers,Y Venugopal Rao,32,25,1,2
392216,Kings XI Punjab,B Lee,14,10,0,1
392216,Kings XI Punjab,DPMD Jayawardene,43,28,1,3
392216,Kings XI Punjab,IK Pathan,10,12,1,0
392216,Kings XI Punjab,KC Sangakkara,25,18,1,1
392216,Kings XI Punjab,PP Chawla,8,6,1,0
392216,Kings XI Punjab,S Sohal,30,17,4,1
392216,Kings XI Punjab,SM Katich,9,11,1,0
392216,Kings XI Punjab,WA Mota,3,4,0,0
392216,Kings XI Punjab,Yuvraj Singh,18,13,1,1
392217,Chennai Super Kings,JDP Oram,1,2,0,0
392217,Chennai Super Kings,M Vijay,10,12,0,1
392217,Chennai Super Kings,ML Hayden,48,44,4,1
392217,Chennai Super Kings,S Badrinath,59,41,9,1
392217,Chennai Super Kings,SK Raina,13,11,1,1
392217,Rajasthan Royals,AS Raut,7,5,0,1
392217,Rajasthan Royals,GC Smith,30,33,2,0
392217,Rajasthan Royals,LA Carseldine,9,8,1,0
392217,Rajasthan Royals,NV Ojha,0,2,0,0
392217,Rajasthan Royals,RA Jadeja,27,19,3,1
392217,Rajasthan Royals,SA Asnodkar,26,25,3,1
392217,Rajasthan Royals,SK Warne,21,11,2,1
392217,Rajasthan Royals,SM Harwood,6,6,0,0
392217,Rajasthan Royals,YK Pathan,7,11,0,1
392218,Mumbai Indians,AM Rahane,62,49,4,1
392218,Mumbai Indians,JP Duminy,59,41,2,3
392218,Mumbai Indians,SR Tendulkar,0,3,0,0
392218,Mumbai Indians,ST Jayasuriya,29,27,4,0
392218,Royal Challengers Bangalore,A Kumble,7,6,1,0
392218,Royal Challengers Bangalore,JH Kallis,12,10,2,0
392218,Royal Challengers Bangalore,LRPL Taylor,16,16,0,1
392218,Royal Challengers Bangalore,MV Boucher,48,33,1,2
392218,Royal Challengers Bangalore,R Dravid,10,12,0,0
392218,Royal Challengers Bangalore,R Vinay Kumar,7,12,0,0
392218,Royal Challengers Bangalore,RE van der Merwe,3,4,0,0
392218,Royal Challengers Bangalore,RV Uthappa,4,5,1,0
392218,Royal Challengers Bangalore,V Kohli,20,22,4,0
392219,Delhi Daredevils,AB de Villiers,40,32,5,0
392219,Delhi Daredevils,DA Warner,36,23,5,1
392219,Delhi Daredevils,G Gambhir,18,24,3,0
392219,Delhi Daredevils,KD Karthik,17,22,0,0
392219,Delhi Daredevils,TM Dilshan,1,2,0,0
392219,Kolkata Knight Riders,AB Agarkar,39,29,3,2
392219,Kolkata Knight Riders,BB McCullum,6,3,0,1
392219,Kolkata Knight Riders,BJ Hodge,0,3,0,0
392219,Kolkata Knight Riders,M Kartik,11,10,0,0
392219,Kolkata Knight Riders,MC Henriques,2,8,0,0
392219,Kolkata Knight Riders,MN van Wyk,0,2,0,0
392219,Kolkata Knight Riders,SC Ganguly,44,44,1,2
392219,Kolkata Knight Riders,WP Saha,0,1,0,0
392219,Kolkata Knight Riders,Yashpal Singh,13,20,2,0
392220,Deccan Chargers,A Symonds,30,19,2,1
392220,Deccan Chargers,AC Gilchrist,10,11,0,1
392220,Deccan Chargers,DB Ravi Teja,7,3,1,0
392220,Deccan Chargers,DR Smith,47,32,0,4
392220,Deccan Chargers,RG Sharma,9,14,0,0
392220,Deccan Chargers,TL Suman,29,19,3,1
392220,Deccan Chargers,WPUJC Vaas,20,15,0,1
392220,Deccan Chargers,Y Venugopal Rao,12,7,2,0
392220,Rajasthan Royals,AS Raut,1,2,0,0
392220,Rajasthan Royals,GC Smith,1,3,0,0
392220,Rajasthan Royals,LA Carseldine,8,11,1,0
392220,Rajasthan Royals,M Morkel,8,8,1,0
392220,Rajasthan Royals,MM Patel,5,7,0,0
392220,Rajasthan Royals,NV Ojha,16,14,2,0
392220,Rajasthan Royals,RA Jadeja,19,20,0,0
392220,Rajasthan Royals,SA Asnodkar,44,39,6,1
392220,Rajasthan Royals,SK Trivedi,1,5,0,0
392220,Rajasthan Royals,SK Warne,0,1,0,0
392220,Rajasthan Royals,YK Pathan,6,7,0,0
392221,Kolkata Knight Riders,AD Mathews,16,13,2,0
392221,Kolkata Knight Riders,AN Ghosh,7,7,1,0
392221,Kolkata Knight Riders,BB McCullum,84,62,10,2
392221,Kolkata Knight Riders,DJ Hussey,43,27,3,2
392221,Kolkata Knight Riders,SC Ganguly,4,6,1,0
392221,Kolkata Knight Riders,WP Saha,10,5,0,1
392221,Royal Challengers Bangalore,JD Ryder,22,19,3,0
392221,Royal Challengers Bangalore,JH Kallis,32,34,4,1
392221,Royal Challengers Bangalore,LRPL Taylor,81,33,7,5
392221,Royal Challengers Bangalore,MV Boucher,13,9,0,1
392221,Royal Challengers Bangalore,R Dravid,12,12,1,0
392221,Royal Challengers Bangalore,RV Uthappa,7,9,0,0
392222,Kings XI Punjab,B Lee,8,12,1,0
392222,Kings XI Punjab,IK Pathan,0,3,0,0
392222,Kings XI Punjab,K Goel,20,21,2,0
392222,Kings XI Punjab,KC Sangakkara,8,19,0,0
392222,Kings XI Punjab,LA Pomersbach,5,7,0,0
392222,Kings XI Punjab,S Sohal,43,21,5,3
392222,Kings XI Punjab,S Sreesanth,1,10,0,0
392222,Kings XI Punjab,SM Katich,0,2,0,0
392222,Kings XI Punjab,WA Mota,4,7,0,0
392222,Kings XI Punjab,Yuvraj Singh,12,18,2,0
392222,Mumbai Indians,AM Rahane,1,5,0,0
392222,Mumbai Indians,DJ Bravo,70,58,7,3
392222,Mumbai Indians,SR Tendulkar,41,28,4,1
392222,Mumbai Indians,ST Jayasuriya,4,7,1,0
392223,Deccan Chargers,A Symonds,41,22,3,2
392223,Deccan Chargers,AC Gilchrist,64,33,5,5
392223,Deccan Chargers,DB Ravi Teja,27,34,3,0
392223,Deccan Chargers,DR Smith,1,2,0,0
392223,Deccan Chargers,PP Ojha,0,2,0,0
392223,Deccan Chargers,RG Sharma,6,7,1,0
392223,Deccan Chargers,RP Singh,0,1,0,0
392223,Deccan Chargers,Shoaib Ahmed,0,1,0,0
392223,Deccan Chargers,TL Suman,3,7,0,0
392223,Deccan Chargers,WPUJC Vaas,10,6,1,0
392223,Deccan Chargers,Y Venugopal Rao,1,3,0,0
392223,Delhi Daredevils,A Mishra,2,3,0,0
392223,Delhi Daredevils,AB de Villiers,44,36,4,1
392223,Delhi Daredevils,DA Warner,4,6,0,0
392223,Delhi Daredevils,G Gambhir,19,24,0,1
392223,Delhi Daredevils,KD Karthik,44,23,4,3
392223,Delhi Daredevils,R Bhatia,0,1,0,0
392223,Delhi Daredevils,TM Dilshan,37,18,7,1
392223,Delhi Daredevils,V Sehwag,11,9,1,0
392224,Chennai Super Kings,JA Morkel,9,7,1,0
392224,Chennai Super Kings,JDP Oram,7,15,0,0
392224,Chennai Super Kings,L Balaji,0,1,0,0
392224,Chennai Super Kings,M Muralitharan,4,2,1,0
392224,Chennai Super Kings,M Vijay,5,9,0,0
392224,Chennai Super Kings,ML Hayden,60,38,5,3
392224,Chennai Super Kings,MS Dhoni,18,20,1,0
392224,Chennai Super Kings,S Badrinath,2,9,0,0
392224,Chennai Super Kings,SB Jakati,7,7,1,0
392224,Chennai Super Kings,SK Raina,13,10,3,0
392224,Royal Challengers Bangalore,B Akhil,0,2,0,0
392224,Royal Challengers Bangalore,JH Kallis,0,1,0,0
392224,Royal Challengers Bangalore,LRPL Taylor,46,50,2,1
392224,Royal Challengers Bangalore,MV Boucher,5,5,1,0
392224,Royal Challengers Bangalore,P Kumar,12,6,0,1
392224,Royal Challengers Bangalore,R Dravid,8,7,2,0
392224,Royal Challengers Bangalore,R Vinay Kumar,6,2,1,0
392224,Royal Challengers Bangalore,RE van der Merwe,3,6,0,0
392224,Royal Challengers Bangalore,RV Uthappa,6,4,1,0
392224,Royal Challengers Bangalore,V Kohli,38,35,4,2
392225,Mumbai Indians,AM Nayar,35,18,4,1
392225,Mumbai Indians,AM Rahane,3,7,0,0
392225,Mumbai Indians,C Nanda,0,1,0,0
392225,Mumbai Indians,DJ Bravo,1,3,0,0
392225,Mumbai Indians,DS Kulkarni,1,4,0,0
392225,Mumbai Indians,Harbhajan Singh,7,8,0,0
392225,Mumbai Indians,JP Duminy,4,5,0,0
392225,Mumbai Indians,SL Malinga,0,1,0,0
392225,Mumbai Indians,SR Tendulkar,40,30,4,1
392225,Mumbai Indians,ST Jayasuriya,16,20,0,0
392225,Mumbai Indians,YV Takawale,18,22,2,0
392225,Rajasthan Royals,GC Smith,19,19,3,0
392225,Rajasthan Royals,J Botha,2,3,0,0
392225,Rajasthan Royals,NV Ojha,1,4,0,0
392225,Rajasthan Royals,RA Jadeja,42,32,4,1
392225,Rajasthan Royals,RJ Quiney,51,40,5,2
392225,Rajasthan Royals,SD Chitnis,6,8,1,0
392225,Rajasthan Royals,YK Pathan,17,14,3,0
392226,Delhi Daredevils,A Nehra,1,1,0,0
392226,Delhi Daredevils,AB de Villiers,11,11,1,0
392226,Delhi Daredevils,DL Vettori,1,2,0,0
392226,Delhi Daredevils,G Gambhir,8,11,0,0
392226,Delhi Daredevils,KD Karthik,32,29,0,1
392226,Delhi Daredevils,M Manhas,26,25,2,0
392226,Delhi Daredevils,MF Maharoof,3,8,0,0
392226,Delhi Daredevils,PJ Sangwan,5,5,0,0
392226,Delhi Daredevils,R Bhatia,0,1,0,0
392226,Delhi Daredevils,TM Dilshan,10,19,1,0
392226,Delhi Daredevils,V Sehwag,9,8,2,0
392226,Kings XI Punjab,IK Pathan,21,11,0,3
392226,Kings XI Punjab,KC Sangakkara,43,46,6,0
392226,Kings XI Punjab,LA Pomersbach,9,5,2,0
392226,Kings XI Punjab,S Sohal,3,12,0,0
392226,Kings XI Punjab,SM Katich,20,10,3,1
392226,Kings XI Punjab,Yuvraj Singh,18,31,1,0
392227,Chennai Super Kings,ML Hayden,60,57,4,1
392227,Chennai Super Kings,MS Dhoni,23,22,2,0
392227,Chennai Super Kings,PA Patel,0,1,0,0
392227,Chennai Super Kings,S Badrinath,22,23,2,1
392227,Chennai Super Kings,SK Raina,20,12,2,2
392227,Mumbai Indians,AM Nayar,33,27,1,2
392227,Mumbai Indians,DJ Bravo,5,8,1,0
392227,Mumbai Indians,Harbhajan Singh,1,1,0,0
392227,Mumbai Indians,JP Duminy,62,54,4,2
392227,Mumbai Indians,SR Tendulkar,11,14,0,0
392227,Mumbai Indians,ST Jayasuriya,30,16,3,2
392228,Deccan Chargers,A Symonds,18,12,0,1
392228,Deccan Chargers,AC Gilchrist,43,31,5,2
392228,Deccan Chargers,HH Gibbs,28,34,3,0
392228,Deccan Chargers,RG Sharma,32,12,3,2
392228,Deccan Chargers,TL Suman,31,24,3,1
392228,Deccan Chargers,Y Venugopal Rao,7,7,0,0
392228,Kolkata Knight Riders,BB McCullum,20,18,1,1
392228,Kolkata Knight Riders,BJ Hodge,48,41,5,0
392228,Kolkata Knight Riders,DJ Hussey,43,15,2,4
392228,Kolkata Knight Riders,Mashrafe Mortaza,2,2,0,0
392228,Kolkata Knight Riders,SC Ganguly,33,41,3,0
392228,Kolkata Knight Riders,WP Saha,7,3,0,1
392229,Deccan Chargers,A Symonds,25,24,1,0
392229,Deccan Chargers,AC Gilchrist,23,13,4,1
392229,Deccan Chargers,DB Ravi Teja,10,15,1,0
392229,Deccan Chargers,HH Gibbs,26,37,3,0
392229,Deccan Chargers,RG Sharma,42,25,3,3
392229,Deccan Chargers,RJ Harris,2,2,0,0
392229,Deccan Chargers,RP Singh,0,2,0,0
392229,Deccan Chargers,TL Suman,0,1,0,0
392229,Deccan Chargers,Y Venugopal Rao,0,1,0,0
392229,Kings XI Punjab,B Lee,0,5,0,0
392229,Kings XI Punjab,IK Pathan,17,11,2,0
392229,Kings XI Punjab,KC Sangakkara,56,42,4,1
392229,Kings XI Punjab,LA Pomersbach,1,2,0,0
392229,Kings XI Punjab,PP Chawla,1,1,0,0
392229,Kings XI Punjab,S Sohal,9,12,0,1
392229,Kings XI Punjab,SM Katich,11,10,2,0
392229,Kings XI Punjab,WA Mota,12,19,0,0
392229,Kings XI Punjab,Yuvraj Singh,20,18,2,1
392230,Delhi Daredevils,AB de Villiers,79,54,8,1
392230,Delhi Daredevils,G Gambhir,8,8,1,0
392230,Delhi Daredevils,KD Karthik,23,11,1,1
392230,Delhi Daredevils,TM Dilshan,33,41,1,0
392230,Delhi Daredevils,V Sehwag,2,6,0,0
392230,Rajasthan Royals,A Singh,0,1,0,0
392230,Rajasthan Royals,AS Raut,11,13,0,0
392230,Rajasthan Royals,GC Smith,0,4,0,0
392230,Rajasthan Royals,J Botha,37,30,3,0
392230,Rajasthan Royals,MM Patel,23,10,5,0
392230,Rajasthan Royals,NV Ojha,9,17,1,0
392230,Rajasthan Royals,RA Jadeja,24,18,3,0
392230,Rajasthan Royals,RJ Quiney,6,10,1,0
392230,Rajasthan Royals,SK Trivedi,6,9,0,0
392230,Rajasthan Royals,SK Warne,6,3,0,1
392230,Rajasthan Royals,YK Pathan,1,5,0,0
392231,Chennai Super Kings,GJ Bailey,30,27,4,0
392231,Chennai Super Kings,JA Morkel,21,10,1,2
392231,Chennai Super Kings,MS Dhoni,40,28,4,1
392231,Chennai Super Kings,PA Patel,25,19,4,0
392231,Chennai Super Kings,SK Raina,52,36,3,3
392231,Kolkata Knight Riders,BB McCullum,81,47,11,3
392231,Kolkata Knight Riders,BJ Hodge,71,44,4,4
392231,Kolkata Knight Riders,DJ Hussey,3,2,0,0
392231,Kolkata Knight Riders,SC Ganguly,4,14,0,0
392231,Kolkata Knight Riders,WP Saha,25,13,2,1
392232,Delhi Daredevils,AB McDonald,3,4,0,0
392232,Delhi Daredevils,AB de Villiers,28,29,3,0
392232,Delhi Daredevils,DL Vettori,4,2,0,0
392232,Delhi Daredevils,G Gambhir,27,19,3,1
392232,Delhi Daredevils,KD Karthik,31,29,1,0
392232,Delhi Daredevils,M Manhas,0,2,0,0
392232,Delhi Daredevils,MF Maharoof,18,13,0,0
392232,Delhi Daredevils,V Sehwag,0,2,0,0
392232,Delhi Daredevils,Y Nagar,20,20,1,0
392232,Royal Challengers Bangalore,JH Kallis,58,56,2,2
392232,Royal Challengers Bangalore,LRPL Taylor,25,11,1,3
392232,Royal Challengers Bangalore,MV Boucher,10,8,1,0
392232,Royal Challengers Bangalore,R Dravid,38,34,4,0
392232,Royal Challengers Bangalore,RV Uthappa,1,5,0,0
392233,Kolkata Knight Riders,AB Agarkar,13,17,0,0
392233,Kolkata Knight Riders,BB McCullum,9,4,2,0
392233,Kolkata Knight Riders,BJ Hodge,6,8,1,0
392233,Kolkata Knight Riders,DJ Hussey,9,13,2,0
392233,Kolkata Knight Riders,LR Shukla,48,46,3,2
392233,Kolkata Knight Riders,SC Ganguly,0,3,0,0
392233,Kolkata Knight Riders,SS Shaikh,6,7,1,0
392233,Kolkata Knight Riders,Yashpal Singh,6,19,0,0
392233,Rajasthan Royals,A Singh,1,2,0,0
392233,Rajasthan Royals,J Botha,8,6,2,0
392233,Rajasthan Royals,MM Patel,5,6,0,0
392233,Rajasthan Royals,NK Patel,14,22,1,0
392233,Rajasthan Royals,NV Ojha,22,12,0,3
392233,Rajasthan Royals,RA Jadeja,14,19,1,0
392233,Rajasthan Royals,RJ Quiney,1,2,0,0
392233,Rajasthan Royals,SA Asnodkar,4,6,1,0
392233,Rajasthan Royals,SK Warne,18,29,1,0
392233,Rajasthan Royals,T Henderson,0,1,0,0
392233,Rajasthan Royals,YK Pathan,9,15,1,0
392234,Chennai Super Kings,GJ Bailey,15,12,3,0
392234,Chennai Super Kings,JDP Oram,17,21,1,0
392234,Chennai Super Kings,L Balaji,2,6,0,0
392234,Chennai Super Kings,M Muralitharan,1,1,0,0
392234,Chennai Super Kings,MS Dhoni,2,2,0,0
392234,Chennai Super Kings,MS Gony,7,5,0,1
392234,Chennai Super Kings,PA Patel,32,23,4,1
392234,Chennai Super Kings,R Ashwin,8,15,1,0
392234,Chennai Super Kings,S Badrinath,4,9,0,0
392234,Chennai Super Kings,SK Raina,20,21,2,0
392234,Chennai Super Kings,T Thushara,1,5,0,0
392234,Kings XI Punjab,B Lee,6,7,1,0
392234,Kings XI Punjab,IK Pathan,14,12,1,0
392234,Kings XI Punjab,KC Sangakkara,7,9,0,0
392234,Kings XI Punjab,LA Pomersbach,26,32,1,1
392234,Kings XI Punjab,PP Chawla,4,4,0,0
392234,Kings XI Punjab,RR Powar,7,5,1,0
392234,Kings XI Punjab,S Sohal,3,9,0,0
392234,Kings XI Punjab,SM Katich,8,13,1,0
392234,Kings XI Punjab,WA Mota,5,10,0,0
392234,Kings XI Punjab,Yuvraj Singh,6,19,0,0
392235,Delhi Daredevils,A Mishra,13,4,1,1
392235,Delhi Daredevils,AB de Villiers,6,6,1,0
392235,Delhi Daredevils,DA Warner,15,9,1,1
392235,Delhi Daredevils,G Gambhir,47,38,7,0
392235,Delhi Daredevils,KD Karthik,0,1,0,0
392235,Delhi Daredevils,R Bhatia,2,7,0,0
392235,Delhi Daredevils,TM Dilshan,24,13,2,2
392235,Delhi Daredevils,V Sehwag,50,27,5,2
392235,Mumbai Indians,AM Nayar,4,4,0,0
392235,Mumbai Indians,AM Rahane,56,41,5,2
392235,Mumbai Indians,Harbhajan Singh,12,7,2,0
392235,Mumbai Indians,JP Duminy,9,6,2,0
392235,Mumbai Indians,Mohammad Ashraful,2,10,0,0
392235,Mumbai Indians,PR Shah,12,11,1,0
392235,Mumbai Indians,SR Tendulkar,46,40,8,0
392235,Mumbai Indians,ST Jayasuriya,0,1,0,0
392236,Deccan Chargers,A Symonds,18,15,1,1
392236,Deccan Chargers,AA Bilakhia,16,8,2,0
392236,Deccan Chargers,AC Gilchrist,15,18,2,0
392236,Deccan Chargers,HH Gibbs,60,43,3,4
392236,Deccan Chargers,RG Sharma,12,12,1,0
392236,Deccan Chargers,RJ Harris,4,3,0,0
392236,Deccan Chargers,TL Suman,12,12,1,0
392236,Deccan Chargers,Y Venugopal Rao,8,9,0,0
392236,Royal Challengers Bangalore,JH Kallis,5,7,0,0
392236,Royal Challengers Bangalore,LRPL Taylor,1,4,0,0
392236,Royal Challengers Bangalore,MK Pandey,114,73,10,4
392236,Royal Challengers Bangalore,R Dravid,6,9,0,0
392236,Royal Challengers Bangalore,RE van der Merwe,23,18,3,1
392236,Royal Challengers Bangalore,V Kohli,19,9,0,2
392237,Deccan Chargers,A Symonds,24,15,2,1
392237,Deccan Chargers,AA Bilakhia,10,20,0,0
392237,Deccan Chargers,AC Gilchrist,85,33,10,5
392237,Deccan Chargers,HH Gibbs,0,2,0,0
392237,Deccan Chargers,RG Sharma,5,11,0,0
392237,Deccan Chargers,TL Suman,24,25,3,0
392237,Delhi Daredevils,A Mishra,0,1,0,0
392237,Delhi Daredevils,AB de Villiers,26,21,0,2
392237,Delhi Daredevils,DA Warner,0,1,0,0
392237,Delhi Daredevils,G Gambhir,0,5,0,0
392237,Delhi Daredevils,KD Karthik,9,8,0,1
392237,Delhi Daredevils,PJ Sangwan,0,1,0,0
392237,Delhi Daredevils,R Bhatia,4,2,1,0
392237,Delhi Daredevils,TM Dilshan,65,51,7,1
392237,Delhi Daredevils,V Sehwag,39,30,5,0
392238,Chennai Super Kings,JA Morkel,20,17,1,1
392238,Chennai Super Kings,JDP Oram,9,7,0,1
392238,Chennai Super Kings,ML Hayden,26,19,2,1
392238,Chennai Super Kings,MS Dhoni,28,30,0,0
392238,Chennai Super Kings,PA Patel,36,27,7,0
392238,Chennai Super Kings,S Badrinath,1,1,0,0
392238,Chennai Super Kings,SK Raina,20,19,1,1
392238,Royal Challengers Bangalore,JH Kallis,9,7,2,0
392238,Royal Challengers Bangalore,LRPL Taylor,17,11,0,2
392238,Royal Challengers Bangalore,MK Pandey,48,34,7,0
392238,Royal Challengers Bangalore,R Dravid,44,39,6,0
392238,Royal Challengers Bangalore,RE van der Merwe,2,5,0,0
392238,Royal Challengers Bangalore,V Kohli,24,17,1,2
392239,Deccan Chargers,A Symonds,33,21,4,1
392239,Deccan Chargers,AA Bilakhia,6,7,0,0
392239,Deccan Chargers,AC Gilchrist,0,3,0,0
392239,Deccan Chargers,HH Gibbs,53,48,3,2
392239,Deccan Chargers,RG Sharma,24,23,1,1
392239,Deccan Chargers,RJ Harris,9,5,0,0
392239,Deccan Chargers,TL Suman,10,11,1,0
392239,Deccan Chargers,Y Venugopal Rao,0,2,0,0
392239,Royal Challengers Bangalore,A Kumble,1,1,0,0
392239,Royal Challengers Bangalore,JH Kallis,15,17,3,0
392239,Royal Challengers Bangalore,LRPL Taylor,27,20,3,1
392239,Royal Challengers Bangalore,MK Pandey,4,8,0,0
392239,Royal Challengers Bangalore,MV Boucher,5,6,1,0
392239,Royal Challengers Bangalore,P Kumar,2,3,0,0
392239,Royal Challengers Bangalore,R Dravid,9,13,0,0
392239,Royal Challengers Bangalore,R Vinay Kumar,8,8,1,0
392239,Royal Challengers Bangalore,RE van der Merwe,32,21,1,3
392239,Royal Challengers Bangalore,RV Uthappa,17,15,0,1
392239,Royal Challengers Bangalore,V Kohli,7,8,1,0
419106,Deccan Chargers,A Symonds,5,9,0,0
419106,Deccan Chargers,AC Gilchrist,54,35,3,3
419106,Deccan Chargers,Anirudh Singh,14,14,1,0
419106,Deccan Chargers,HH Gibbs,19,23,2,0
419106,Deccan Chargers,Jaskaran Singh,4,4,0,0
419106,Deccan Chargers,RG Sharma,13,12,2,0
419106,Deccan Chargers,TL Suman,7,8,1,0
419106,Deccan Chargers,VVS Laxman,22,14,2,1
419106,Deccan Chargers,WPUJC Vaas,0,1,0,0
419106,Kolkata Knight Riders,AD Mathews,65,45,5,4
419106,Kolkata Knight Riders,BJ Hodge,13,9,1,1
419106,Kolkata Knight Riders,CA Pujara,10,16,2,0
419106,Kolkata Knight Riders,MK Tiwary,0,1,0,0
419106,Kolkata Knight Riders,OA Shah,58,46,3,3
419106,Kolkata Knight Riders,SC Ganguly,0,3,0,0
419107,Mumbai Indians,AP Tare,23,13,3,1
419107,Mumbai Indians,AT Rayudu,55,33,6,2
419107,Mumbai Indians,Harbhajan Singh,8,6,1,0
419107,Mumbai Indians,R McLaren,11,5,2,0
419107,Mumbai Indians,R Sathish,6,5,1,0
419107,Mumbai Indians,SR Tendulkar,17,11,3,0
419107,Mumbai Indians,SS Tiwary,53,33,4,2
419107,Mumbai Indians,ST Jayasuriya,23,14,3,1
419107,Rajasthan Royals,A Uniyal,0,1,0,0
419107,Rajasthan Royals,AA Jhunjhunwala,14,11,1,1
419107,Rajasthan Royals,AD Mascarenhas,9,7,0,0
419107,Rajasthan Royals,GC Smith,26,22,4,0
419107,Rajasthan Royals,NV Ojha,12,12,2,0
419107,Rajasthan Royals,P Dogra,41,29,2,2
419107,Rajasthan Royals,SK Warne,1,1,0,0
419107,Rajasthan Royals,YK Pathan,100,37,9,8
419108,Delhi Daredevils,AB de Villiers,7,13,0,0
419108,Delhi Daredevils,G Gambhir,72,54,9,1
419108,Delhi Daredevils,KD Karthik,20,18,3,0
419108,Delhi Daredevils,M Manhas,31,24,2,0
419108,Delhi Daredevils,MF Maharoof,1,1,0,0
419108,Delhi Daredevils,TM Dilshan,0,3,0,0
419108,Delhi Daredevils,V Sehwag,8,6,2,0
419108,Kings XI Punjab,DPMD Jayawardene,0,1,0,0
419108,Kings XI Punjab,IK Pathan,21,16,2,0
419108,Kings XI Punjab,KC Sangakkara,17,9,1,1
419108,Kings XI Punjab,M Kaif,6,6,1,0
419108,Kings XI Punjab,MS Bisla,2,6,0,0
419108,Kings XI Punjab,PP Chawla,5,7,0,0
419108,Kings XI Punjab,RR Powar,3,7,0,0
419108,Kings XI Punjab,RS Bopara,56,48,7,1
419108,Kings XI Punjab,S Sreesanth,15,14,2,0
419108,Kings XI Punjab,YA Abdulla,0,1,0,0
419108,Kings XI Punjab,Yuvraj Singh,4,5,1,0
419109,Kolkata Knight Riders,BJ Hodge,50,45,7,0
419109,Kolkata Knight Riders,CA Pujara,5,15,0,0
419109,Kolkata Knight Riders,MK Tiwary,50,29,6,2
419109,Kolkata Knight Riders,OA Shah,2,5,0,0
419109,Kolkata Knight Riders,SC Ganguly,23,22,1,1
419109,Royal Challengers Bangalore,EJG Morgan,10,7,0,1
419109,Royal Challengers Bangalore,JH Kallis,65,51,7,1
419109,Royal Challengers Bangalore,MK Pandey,0,7,0,0
419109,Royal Challengers Bangalore,P Kumar,3,5,0,0
419109,Royal Challengers Bangalore,R Dravid,21,16,3,0
419109,Royal Challengers Bangalore,RE van der Merwe,1,2,0,0
419109,Royal Challengers Bangalore,RV Uthappa,20,17,1,0
419109,Royal Challengers Bangalore,SP Goswami,8,10,2,0
419109,Royal Challengers Bangalore,V Kohli,2,5,0,0
419110,Chennai Super Kings,JA Morkel,42,26,1,3
419110,Chennai Super Kings,JM Kemp,22,16,1,1
419110,Chennai Super Kings,L Balaji,15,10,1,1
419110,Chennai Super Kings,M Muralitharan,1,2,0,0
419110,Chennai Super Kings,M Vijay,3,6,0,0
419110,Chennai Super Kings,ML Hayden,17,11,0,2
419110,Chennai Super Kings,MS Dhoni,42,29,3,2
419110,Chennai Super Kings,R Ashwin,0,1,0,0
419110,Chennai Super Kings,S Badrinath,5,12,1,0
419110,Chennai Super Kings,S Tyagi,3,4,0,0
419110,Chennai Super Kings,SK Raina,6,3,0,1
419110,Deccan Chargers,A Symonds,50,43,3,3
419110,Deccan Chargers,AC Gilchrist,38,17,4,3
419110,Deccan Chargers,HH Gibbs,45,36,5,1
419110,Deccan Chargers,RG Sharma,19,9,2,1
419110,Deccan Chargers,TL Suman,10,4,2,0
419110,Deccan Chargers,VVS Laxman,12,11,2,0
419111,Delhi Daredevils,AB de Villiers,15,24,0,0
419111,Delhi Daredevils,G Gambhir,9,8,1,0
419111,Delhi Daredevils,KD Karthik,23,26,2,0
419111,Delhi Daredevils,M Manhas,11,10,1,0
419111,Delhi Daredevils,TM Dilshan,0,1,0,0
419111,Delhi Daredevils,V Sehwag,75,34,8,5
419111,Rajasthan Royals,A Uniyal,4,6,0,0
419111,Rajasthan Royals,AA Jhunjhunwala,53,45,5,1
419111,Rajasthan Royals,AD Mascarenhas,3,3,0,0
419111,Rajasthan Royals,GC Smith,18,17,3,0
419111,Rajasthan Royals,NV Ojha,24,14,4,1
419111,Rajasthan Royals,P Dogra,29,26,1,2
419111,Rajasthan Royals,SA Asnodkar,5,4,1,0
419111,Rajasthan Royals,YK Pathan,0,5,0,0
419112,Kings XI Punjab,DPMD Jayawardene,26,13,3,1
419112,Kings XI Punjab,IK Pathan,3,1,0,0
419112,Kings XI Punjab,MS Bisla,75,50,7,4
419112,Kings XI Punjab,RS Bopara,77,50,9,2
419112,Kings XI Punjab,Yuvraj Singh,9,6,1,0
419112,Royal Challengers Bangalore,JH Kallis,89,54,8,5
419112,Royal Challengers Bangalore,MK Pandey,38,26,2,3
419112,Royal Challengers Bangalore,RV Uthappa,51,21,4,4
419112,Royal Challengers Bangalore,V Kohli,16,12,1,1
419113,Chennai Super Kings,M Vijay,33,26,5,0
419113,Chennai Super Kings,ML Hayden,1,8,0,0
419113,Chennai Super Kings,MS Dhoni,66,33,6,3
419113,Chennai Super Kings,S Badrinath,43,33,3,1
419113,Chennai Super Kings,SK Raina,18,20,2,0
419113,Kolkata Knight Riders,AD Mathews,6,13,0,0
419113,Kolkata Knight Riders,BJ Hodge,0,2,0,0
419113,Kolkata Knight Riders,I Sharma,6,15,0,0
419113,Kolkata Knight Riders,LR Shukla,19,16,3,0
419113,Kolkata Knight Riders,M Kartik,21,20,2,0
419113,Kolkata Knight Riders,MK Tiwary,8,3,2,0
419113,Kolkata Knight Riders,OA Shah,5,4,1,0
419113,Kolkata Knight Riders,RS Gavaskar,2,8,0,0
419113,Kolkata Knight Riders,SC Ganguly,11,20,1,0
419113,Kolkata Knight Riders,SE Bond,1,2,0,0
419113,Kolkata Knight Riders,WP Saha,22,13,5,0
419114,Delhi Daredevils,A Mishra,3,5,0,0
419114,Delhi Daredevils,AB de Villiers,11,11,2,0
419114,Delhi Daredevils,DP Nannes,3,11,0,0
419114,Delhi Daredevils,KD Karthik,16,6,3,0
419114,Delhi Daredevils,M Manhas,1,3,0,0
419114,Delhi Daredevils,MF Maharoof,28,18,2,2
419114,Delhi Daredevils,PJ Sangwan,4,9,0,0
419114,Delhi Daredevils,S Ladda,0,8,0,0
419114,Delhi Daredevils,TM Dilshan,17,12,3,0
419114,Delhi Daredevils,V Sehwag,26,16,4,0
419114,Mumbai Indians,AP Tare,17,10,0,2
419114,Mumbai Indians,AT Rayudu,34,21,1,3
419114,Mumbai Indians,DJ Bravo,9,4,0,1
419114,Mumbai Indians,KA Pollard,10,7,2,0
419114,Mumbai Indians,SR Tendulkar,63,32,11,0
419114,Mumbai Indians,SS Tiwary,61,36,4,3
419114,Mumbai Indians,ST Jayasuriya,7,10,1,0
419115,Rajasthan Royals,AA Jhunjhunwala,5,7,1,0
419115,Rajasthan Royals,DR Martyn,19,24,1,0
419115,Rajasthan Royals,M Morkel,2,9,0,0
419115,Rajasthan Royals,MJ Lumb,10,17,1,0
419115,Rajasthan Royals,MM Patel,0,2,0,0
419115,Rajasthan Royals,NV Ojha,16,18,1,0
419115,Rajasthan Royals,P Dogra,3,9,0,0
419115,Rajasthan Royals,S Narwal,0,1,0,0
419115,Rajasthan Royals,SK Trivedi,0,1,0,0
419115,Rajasthan Royals,SK Warne,4,7,0,0
419115,Rajasthan Royals,YK Pathan,26,24,1,2
419115,Royal Challengers Bangalore,JH Kallis,44,34,7,0
419115,Royal Challengers Bangalore,MK Pandey,42,30,7,1
419116,Chennai Super Kings,JA Morkel,0,3,0,0
419116,Chennai Super Kings,JM Kemp,4,8,0,0
419116,Chennai Super Kings,M Vijay,14,6,1,1
419116,Chennai Super Kings,ML Hayden,93,43,9,7
419116,Chennai Super Kings,PA Patel,6,6,1,0
419116,Chennai Super Kings,S Badrinath,14,15,3,0
419116,Chennai Super Kings,SK Raina,49,34,3,3
419116,Delhi Daredevils,A Mishra,6,3,1,0
419116,Delhi Daredevils,AB de Villiers,2,3,0,0
419116,Delhi Daredevils,DA Warner,6,8,1,0
419116,Delhi Daredevils,KD Karthik,19,14,2,0
419116,Delhi Daredevils,M Manhas,32,22,5,0
419116,Delhi Daredevils,R Bhatia,21,9,1,2
419116,Delhi Daredevils,TM Dilshan,15,24,1,0
419116,Delhi Daredevils,V Sehwag,74,37,10,3
419117,Deccan Chargers,A Symonds,53,38,3,3
419117,Deccan Chargers,AC Gilchrist,33,12,4,2
419117,Deccan Chargers,Anirudh Singh,0,1,0,0
419117,Deccan Chargers,HH Gibbs,23,23,2,0
419117,Deccan Chargers,Jaskaran Singh,3,3,0,0
419117,Deccan Chargers,RG Sharma,1,2,0,0
419117,Deccan Chargers,RP Singh,4,2,0,0
419117,Deccan Chargers,TL Suman,26,22,2,1
419117,Deccan Chargers,VVS Laxman,10,7,1,0
419117,Deccan Chargers,WPUJC Vaas,16,10,1,1
419117,Kings XI Punjab,AB Barath,7,10,1,0
419117,Kings XI Punjab,Bipul Sharma,8,6,1,0
419117,Kings XI Punjab,DPMD Jayawardene,14,9,3,0
419117,Kings XI Punjab,IK Pathan,60,29,3,5
419117,Kings XI Punjab,KC Sangakkara,0,3,0,0
419117,Kings XI Punjab,MS Bisla,0,7,0,0
419117,Kings XI Punjab,PP Chawla,9,13,1,0
419117,Kings XI Punjab,RS Bopara,38,32,5,0
419117,Kings XI Punjab,S Sreesanth,12,5,3,0
419117,Kings XI Punjab,Yuvraj Singh,4,6,1,0
419118,Kolkata Knight Riders,BJ Hodge,36,34,3,0
419118,Kolkata Knight Riders,CA Pujara,29,25,4,0
419118,Kolkata Knight Riders,MK Tiwary,11,13,2,0
419118,Kolkata Knight Riders,OA Shah,19,17,0,2
419118,Kolkata Knight Riders,SC Ganguly,33,29,3,0
419118,Kolkata Knight Riders,WP Saha,1,2,0,0
419118,Rajasthan Royals,AA Jhunjhunwala,45,36,5,0
419118,Rajasthan Royals,AC Voges,37,22,2,2
419118,Rajasthan Royals,FY Fazal,31,23,6,0
419118,Rajasthan Royals,MJ Lumb,0,1,0,0
419118,Rajasthan Royals,MM Patel,4,3,0,0
419118,Rajasthan Royals,NV Ojha,27,18,5,0
419118,Rajasthan Royals,P Dogra,0,1,0,0
419118,Rajasthan Royals,SK Warne,1,2,0,0
419118,Rajasthan Royals,YK Pathan,15,14,2,0
419119,Mumbai Indians,AP Tare,9,10,2,0
419119,Mumbai Indians,AT Rayudu,3,4,0,0
419119,Mumbai Indians,DJ Bravo,1,2,0,0
419119,Mumbai Indians,Harbhajan Singh,4,6,0,0
419119,Mumbai Indians,KA Pollard,21,19,1,1
419119,Mumbai Indians,R Sathish,24,22,3,0
419119,Mumbai Indians,SR Tendulkar,25,22,4,0
419119,Mumbai Indians,SS Tiwary,25,21,3,0
419119,Mumbai Indians,ST Jayasuriya,2,5,0,0
419119,Mumbai Indians,Z Khan,23,9,3,1
419119,Royal Challengers Bangalore,EJG Morgan,7,6,0,0
419119,Royal Challengers Bangalore,JH Kallis,66,55,10,0
419119,Royal Challengers Bangalore,MK Pandey,40,27,3,2
419119,Royal Challengers Bangalore,RV Uthappa,23,15,2,1
419119,Royal Challengers Bangalore,V Kohli,17,12,0,2
419120,Deccan Chargers,A Symonds,35,24,3,2
419120,Deccan Chargers,AC Gilchrist,24,14,4,1
419120,Deccan Chargers,HH Gibbs,31,26,2,2
419120,Deccan Chargers,MD Mishra,1,3,0,0
419120,Deccan Chargers,RG Sharma,45,30,3,3
419120,Deccan Chargers,TL Suman,29,19,3,1
419120,Deccan Chargers,WPUJC Vaas,3,2,0,0
419120,Deccan Chargers,Y Venugopal Rao,1,2,0,0
419120,Delhi Daredevils,A Mishra,0,1,0,0
419120,Delhi Daredevils,AB de Villiers,27,26,2,0
419120,Delhi Daredevils,DA Warner,57,33,4,4
419120,Delhi Daredevils,DP Nannes,1,2,0,0
419120,Delhi Daredevils,KD Karthik,46,27,4,2
419120,Delhi Daredevils,M Manhas,8,8,1,0
419120,Delhi Daredevils,MC Henriques,11,5,2,0
419120,Delhi Daredevils,S Ladda,0,1,0,0
419120,Delhi Daredevils,UT Yadav,3,4,0,0
419120,Delhi Daredevils,V Sehwag,3,7,0,0
419120,Delhi Daredevils,Y Nagar,1,6,0,0
419121,Chennai Super Kings,JA Morkel,13,13,1,0
419121,Chennai Super Kings,M Vijay,0,3,0,0
419121,Chennai Super Kings,ML Hayden,33,24,4,2
419121,Chennai Super Kings,MS Gony,2,6,0,0
419121,Chennai Super Kings,PA Patel,57,58,4,2
419121,Chennai Super Kings,R Ashwin,2,5,0,0
419121,Chennai Super Kings,S Badrinath,2,2,0,0
419121,Chennai Super Kings,SK Raina,23,14,0,2
419121,Kings XI Punjab,DPMD Jayawardene,9,7,0,1
419121,Kings XI Punjab,IK Pathan,39,32,5,1
419121,Kings XI Punjab,J Theron,0,1,0,0
419121,Kings XI Punjab,KC Sangakkara,15,16,2,0
419121,Kings XI Punjab,M Kaif,14,16,0,0
419121,Kings XI Punjab,MS Bisla,7,9,1,0
419121,Kings XI Punjab,PP Chawla,8,4,2,0
419121,Kings XI Punjab,RR Powar,2,1,0,0
419121,Kings XI Punjab,RS Bopara,1,8,0,0
419121,Kings XI Punjab,Yuvraj Singh,47,30,5,2
419122,Kolkata Knight Riders,AD Mathews,3,3,0,0
419122,Kolkata Knight Riders,CH Gayle,75,60,7,2
419122,Kolkata Knight Riders,OA Shah,31,23,3,0
419122,Kolkata Knight Riders,SC Ganguly,31,34,5,0
419122,Mumbai Indians,KA Pollard,7,7,1,0
419122,Mumbai Indians,R Sathish,21,11,3,0
419122,Mumbai Indians,S Dhawan,23,21,4,0
419122,Mumbai Indians,SR Tendulkar,71,48,10,0
419122,Mumbai Indians,SS Tiwary,30,24,3,1
419123,Chennai Super Kings,GJ Bailey,18,27,2,0
419123,Chennai Super Kings,JA Morkel,19,19,1,1
419123,Chennai Super Kings,L Balaji,0,2,0,0
419123,Chennai Super Kings,M Vijay,3,7,0,0
419123,Chennai Super Kings,ML Hayden,32,28,5,0
419123,Chennai Super Kings,PA Patel,1,3,0,0
419123,Chennai Super Kings,R Ashwin,11,10,1,0
419123,Chennai Super Kings,S Badrinath,31,17,5,1
419123,Chennai Super Kings,SK Raina,9,7,0,1
419123,Royal Challengers Bangalore,EJG Morgan,1,4,0,0
419123,Royal Challengers Bangalore,JH Kallis,19,16,4,0
419123,Royal Challengers Bangalore,MK Pandey,20,28,2,0
419123,Royal Challengers Bangalore,MV Boucher,11,7,0,1
419123,Royal Challengers Bangalore,R Dravid,14,11,3,0
419123,Royal Challengers Bangalore,RV Uthappa,68,38,3,6
419123,Royal Challengers Bangalore,V Kohli,24,16,2,1
419124,Kings XI Punjab,DPMD Jayawardene,23,21,0,1
419124,Kings XI Punjab,IK Pathan,1,1,0,0
419124,Kings XI Punjab,J Theron,2,4,0,0
419124,Kings XI Punjab,KC Sangakkara,29,13,6,0
419124,Kings XI Punjab,M Kaif,8,8,1,0
419124,Kings XI Punjab,MS Bisla,35,18,4,2
419124,Kings XI Punjab,PP Chawla,8,8,1,0
419124,Kings XI Punjab,RS Bopara,25,26,1,0
419124,Kings XI Punjab,S Sreesanth,0,2,0,0
419124,Kings XI Punjab,SJ Srivastava,0,1,0,0
419124,Kings XI Punjab,Yuvraj Singh,15,13,0,1
419124,Rajasthan Royals,AC Voges,45,24,5,1
419124,Rajasthan Royals,FY Fazal,45,37,5,1
419124,Rajasthan Royals,MJ Lumb,41,30,7,0
419124,Rajasthan Royals,NV Ojha,13,9,3,0
419124,Rajasthan Royals,P Dogra,1,1,0,0
419124,Rajasthan Royals,YK Pathan,28,19,1,1
419125,Chennai Super Kings,ML Hayden,20,12,4,0
419125,Chennai Super Kings,PA Patel,8,12,1,0
419125,Chennai Super Kings,S Badrinath,55,45,6,0
419125,Chennai Super Kings,SK Raina,83,51,7,3
419125,Mumbai Indians,DJ Bravo,11,7,0,1
419125,Mumbai Indians,KA Pollard,20,9,3,1
419125,Mumbai Indians,R McLaren,1,1,0,0
419125,Mumbai Indians,R Sathish,5,9,0,0
419125,Mumbai Indians,S Dhawan,56,33,5,3
419125,Mumbai Indians,SR Tendulkar,72,52,8,1
419125,Mumbai Indians,SS Tiwary,2,3,0,0
419126,Deccan Chargers,A Symonds,22,14,3,0
419126,Deccan Chargers,AC Gilchrist,1,3,0,0
419126,Deccan Chargers,HH Gibbs,25,14,2,2
419126,Deccan Chargers,R Sharma,10,5,0,1
419126,Deccan Chargers,RG Sharma,49,35,2,3
419126,Deccan Chargers,RP Singh,1,4,0,0
419126,Deccan Chargers,TL Suman,9,15,0,0
419126,Deccan Chargers,VVS Laxman,10,12,1,0
419126,Deccan Chargers,WPUJC Vaas,8,13,0,0
419126,Deccan Chargers,Y Venugopal Rao,2,5,0,0
419126,Rajasthan Royals,FY Fazal,8,11,1,0
419126,Rajasthan Royals,MJ Lumb,45,32,7,0
419126,Rajasthan Royals,NV Ojha,14,17,1,1
419126,Rajasthan Royals,YK Pathan,73,34,2,8
419127,Kings XI Punjab,B Lee,7,5,1,0
419127,Kings XI Punjab,DPMD Jayawardene,16,15,1,0
419127,Kings XI Punjab,IK Pathan,22,14,1,1
419127,Kings XI Punjab,K Goel,17,17,1,1
419127,Kings XI Punjab,KC Sangakkara,30,27,3,0
419127,Kings XI Punjab,MS Bisla,22,24,3,0
419127,Kings XI Punjab,RS Bopara,0,2,0,0
419127,Kings XI Punjab,Yuvraj Singh,24,16,3,1
419127,Kolkata Knight Riders,AD Mathews,19,11,2,0
419127,Kolkata Knight Riders,CH Gayle,14,11,3,0
419127,Kolkata Knight Riders,DJ Hussey,3,5,0,0
419127,Kolkata Knight Riders,MK Tiwary,75,46,8,2
419127,Kolkata Knight Riders,Mandeep Singh,4,7,1,0
419127,Kolkata Knight Riders,SC Ganguly,50,40,6,1
419128,Delhi Daredevils,AB McDonald,18,12,1,1
419128,Delhi Daredevils,AB de Villiers,45,35,3,0
419128,Delhi Daredevils,DA Warner,33,14,3,2
419128,Delhi Daredevils,KD Karthik,17,19,1,0
419128,Delhi Daredevils,KM Jadhav,50,29,5,2
419128,Delhi Daredevils,V Sehwag,12,11,2,0
419128,Royal Challengers Bangalore,A Kumble,1,1,0,0
419128,Royal Challengers Bangalore,DW Steyn,8,9,1,0
419128,Royal Challengers Bangalore,EJG Morgan,17,13,2,0
419128,Royal Challengers Bangalore,JH Kallis,27,28,3,0
419128,Royal Challengers Bangalore,MK Pandey,39,29,4,1
419128,Royal Challengers Bangalore,MV Boucher,2,3,0,0
419128,Royal Challengers Bangalore,P Kumar,0,1,0,0
419128,Royal Challengers Bangalore,R Dravid,1,1,0,0
419128,Royal Challengers Bangalore,R Vinay Kumar,2,2,0,0
419128,Royal Challengers Bangalore,RV Uthappa,15,10,1,1
419128,Royal Challengers Bangalore,V Kohli,38,23,4,1
419129,Chennai Super Kings,JA Morkel,28,12,1,3
419129,Chennai Super Kings,KB Arun Karthik,3,5,0,0
419129,Chennai Super Kings,M Vijay,42,28,4,2
419129,Chennai Super Kings,ML Hayden,19,14,1,1
419129,Chennai Super Kings,MS Dhoni,21,19,2,0
419129,Chennai Super Kings,S Badrinath,25,27,2,0
419129,Chennai Super Kings,SK Raina,14,12,1,0
419129,Chennai Super Kings,T Thushara,2,3,0,0
419129,Rajasthan Royals,AA Jhunjhunwala,11,6,2,0
419129,Rajasthan Royals,AC Voges,20,19,1,0
419129,Rajasthan Royals,FY Fazal,17,18,1,0
419129,Rajasthan Royals,MJ Lumb,30,16,3,2
419129,Rajasthan Royals,NV Ojha,80,49,6,5
419129,Rajasthan Royals,P Dogra,5,3,1,0
419129,Rajasthan Royals,S Narwal,2,2,0,0
419129,Rajasthan Royals,SW Tait,1,1,0,0
419129,Rajasthan Royals,YK Pathan,8,6,1,0
419130,Deccan Chargers,A Symonds,1,6,0,0
419130,Deccan Chargers,AC Gilchrist,0,2,0,0
419130,Deccan Chargers,HH Gibbs,27,16,3,2
419130,Deccan Chargers,Jaskaran Singh,1,2,0,0
419130,Deccan Chargers,KAJ Roach,10,9,1,0
419130,Deccan Chargers,MD Mishra,13,12,1,1
419130,Deccan Chargers,RG Sharma,45,28,3,2
419130,Deccan Chargers,RP Singh,1,5,0,0
419130,Deccan Chargers,TL Suman,15,17,0,1
419130,Deccan Chargers,Y Venugopal Rao,7,9,1,0
419130,Mumbai Indians,AT Rayudu,6,7,0,0
419130,Mumbai Indians,DJ Bravo,23,16,3,1
419130,Mumbai Indians,Harbhajan Singh,49,16,8,2
419130,Mumbai Indians,KA Pollard,1,5,0,0
419130,Mumbai Indians,R McLaren,13,15,1,0
419130,Mumbai Indians,R Sathish,3,5,0,0
419130,Mumbai Indians,S Dhawan,8,12,2,0
419130,Mumbai Indians,SR Tendulkar,55,41,9,0
419130,Mumbai Indians,SS Tiwary,4,3,1,0
419131,Delhi Daredevils,DA Warner,107,68,9,5
419131,Delhi Daredevils,G Gambhir,1,2,0,0
419131,Delhi Daredevils,KD Karthik,0,1,0,0
419131,Delhi Daredevils,KM Jadhav,4,1,1,0
419131,Delhi Daredevils,PD Collingwood,53,45,3,2
419131,Delhi Daredevils,V Sehwag,8,3,2,0
419131,Kolkata Knight Riders,AB Agarkar,17,12,1,0
419131,Kolkata Knight Riders,AD Mathews,24,18,3,0
419131,Kolkata Knight Riders,CH Gayle,30,21,2,2
419131,Kolkata Knight Riders,CK Langeveldt,0,1,0,0
419131,Kolkata Knight Riders,DJ Hussey,29,32,2,1
419131,Kolkata Knight Riders,M Kartik,1,2,0,0
419131,Kolkata Knight Riders,MK Tiwary,0,3,0,0
419131,Kolkata Knight Riders,Mandeep Singh,0,4,0,0
419131,Kolkata Knight Riders,SC Ganguly,5,10,1,0
419131,Kolkata Knight Riders,WP Saha,20,17,2,0
419132,Kings XI Punjab,B Lee,3,3,0,0
419132,Kings XI Punjab,DPMD Jayawardene,20,18,2,0
419132,Kings XI Punjab,IK Pathan,18,14,1,0
419132,Kings XI Punjab,K Goel,1,3,0,0
419132,Kings XI Punjab,MS Bisla,11,10,1,0
419132,Kings XI Punjab,PP Chawla,22,12,3,0
419132,Kings XI Punjab,RS Bopara,1,4,0,0
419132,Kings XI Punjab,SE Marsh,57,47,6,1
419132,Kings XI Punjab,SJ Srivastava,1,1,0,0
419132,Kings XI Punjab,VS Malik,6,5,1,0
419132,Kings XI Punjab,Yuvraj Singh,2,3,0,0
419132,Mumbai Indians,AT Rayudu,9,12,1,0
419132,Mumbai Indians,DJ Bravo,8,4,0,1
419132,Mumbai Indians,Harbhajan Singh,1,1,0,0
419132,Mumbai Indians,KA Pollard,20,13,2,1
419132,Mumbai Indians,R Sathish,17,9,2,0
419132,Mumbai Indians,S Dhawan,50,40,6,0
419132,Mumbai Indians,SR Tendulkar,11,15,2,0
419132,Mumbai Indians,SS Tiwary,31,23,1,2
419133,Chennai Super Kings,JA Morkel,1,3,0,0
419133,Chennai Super Kings,M Vijay,78,39,4,6
419133,Chennai Super Kings,ML Hayden,12,14,0,1
419133,Chennai Super Kings,MS Dhoni,14,19,1,0
419133,Chennai Super Kings,S Badrinath,7,6,1,0
419133,Chennai Super Kings,SK Raina,40,32,3,1
419133,Royal Challengers Bangalore,CL White,21,13,2,1
419133,Royal Challengers Bangalore,JH Kallis,52,49,7,0
419133,Royal Challengers Bangalore,KP Pietersen,23,14,2,1
419133,Royal Challengers Bangalore,MK Pandey,5,7,1,0
419133,Royal Challengers Bangalore,RV Uthappa,21,13,1,2
419133,Royal Challengers Bangalore,V Kohli,34,24,3,1
419134,Delhi Daredevils,AB McDonald,14,9,2,0
419134,Delhi Daredevils,DA Warner,4,8,0,0
419134,Delhi Daredevils,G Gambhir,43,37,3,0
419134,Delhi Daredevils,KD Karthik,69,37,6,4
419134,Delhi Daredevils,KM Jadhav,10,9,1,0
419134,Delhi Daredevils,PD Collingwood,16,8,2,1
419134,Delhi Daredevils,V Sehwag,19,12,3,1
419134,Rajasthan Royals,AA Jhunjhunwala,2,5,0,0
419134,Rajasthan Royals,AC Voges,15,17,1,0
419134,Rajasthan Royals,FY Fazal,0,2,0,0
419134,Rajasthan Royals,MJ Lumb,0,2,0,0
419134,Rajasthan Royals,NV Ojha,27,14,4,1
419134,Rajasthan Royals,P Dogra,20,25,0,1
419134,Rajasthan Royals,S Narwal,12,9,2,0
419134,Rajasthan Royals,SK Trivedi,7,5,0,1
419134,Rajasthan Royals,SK Warne,0,1,0,0
419134,Rajasthan Royals,SW Tait,11,12,0,1
419134,Rajasthan Royals,YK Pathan,24,14,2,2
419135,Deccan Chargers,A Symonds,45,37,5,0
419135,Deccan Chargers,AC Gilchrist,9,5,2,0
419135,Deccan Chargers,HH Gibbs,50,45,5,1
419135,Deccan Chargers,MD Mishra,29,16,6,0
419135,Deccan Chargers,RG Sharma,2,6,0,0
419135,Deccan Chargers,TL Suman,15,11,0,1
419135,Kolkata Knight Riders,AB Agarkar,8,5,1,0
419135,Kolkata Knight Riders,AD Mathews,4,4,0,0
419135,Kolkata Knight Riders,CA Pujara,17,13,3,0
419135,Kolkata Knight Riders,CH Gayle,4,7,1,0
419135,Kolkata Knight Riders,DJ Hussey,31,26,1,2
419135,Kolkata Knight Riders,MK Tiwary,5,7,0,0
419135,Kolkata Knight Riders,SC Ganguly,88,54,9,5
419135,Kolkata Knight Riders,WP Saha,10,4,2,0
419136,Kings XI Punjab,B Lee,1,1,0,0
419136,Kings XI Punjab,IK Pathan,16,5,2,1
419136,Kings XI Punjab,KC Sangakkara,45,27,8,0
419136,Kings XI Punjab,MS Bisla,28,26,4,0
419136,Kings XI Punjab,RS Bopara,42,33,3,0
419136,Kings XI Punjab,SE Marsh,2,9,0,0
419136,Kings XI Punjab,Yuvraj Singh,36,19,3,2
419136,Royal Challengers Bangalore,CL White,6,3,1,0
419136,Royal Challengers Bangalore,JH Kallis,9,10,1,0
419136,Royal Challengers Bangalore,KP Pietersen,66,44,7,1
419136,Royal Challengers Bangalore,MK Pandey,29,24,3,0
419136,Royal Challengers Bangalore,RV Uthappa,22,8,1,2
419136,Royal Challengers Bangalore,V Kohli,42,26,4,1
419137,Chennai Super Kings,JA Morkel,62,34,3,5
419137,Chennai Super Kings,M Vijay,127,56,8,11
419137,Chennai Super Kings,ML Hayden,34,21,5,1
419137,Chennai Super Kings,MS Dhoni,0,1,0,0
419137,Chennai Super Kings,S Badrinath,4,1,1,0
419137,Chennai Super Kings,SK Raina,13,7,2,0
419137,Rajasthan Royals,AA Jhunjhunwala,7,4,0,1
419137,Rajasthan Royals,AS Raut,2,4,0,0
419137,Rajasthan Royals,FY Fazal,4,5,0,0
419137,Rajasthan Royals,MJ Lumb,37,26,6,1
419137,Rajasthan Royals,NV Ojha,94,54,8,6
419137,Rajasthan Royals,SR Watson,60,25,5,5
419137,Rajasthan Royals,YK Pathan,4,2,1,0
419138,Deccan Chargers,A Symonds,21,18,2,0
419138,Deccan Chargers,AC Gilchrist,19,14,1,1
419138,Deccan Chargers,HH Gibbs,17,15,3,0
419138,Deccan Chargers,Jaskaran Singh,0,2,0,0
419138,Deccan Chargers,MD Mishra,5,6,0,0
419138,Deccan Chargers,PP Ojha,2,2,0,0
419138,Deccan Chargers,R Sharma,5,7,1,0
419138,Deccan Chargers,RG Sharma,11,13,0,0
419138,Deccan Chargers,RJ Harris,13,10,1,0
419138,Deccan Chargers,TL Suman,11,16,0,0
419138,Deccan Chargers,VVS Laxman,4,7,0,0
419138,Mumbai Indians,AT Rayudu,55,29,6,2
419138,Mumbai Indians,DJ Bravo,2,8,0,0
419138,Mumbai Indians,KA Pollard,21,10,3,0
419138,Mumbai Indians,S Dhawan,14,13,1,0
419138,Mumbai Indians,SR Tendulkar,35,25,5,0
419138,Mumbai Indians,SS Tiwary,44,35,1,3
419139,Kings XI Punjab,DPMD Jayawardene,110,59,14,3
419139,Kings XI Punjab,KC Sangakkara,38,22,2,2
419139,Kings XI Punjab,MS Bisla,18,13,3,0
419139,Kings XI Punjab,Yuvraj Singh,33,16,2,3
419139,Kolkata Knight Riders,AD Mathews,17,11,2,0
419139,Kolkata Knight Riders,CH Gayle,88,42,6,8
419139,Kolkata Knight Riders,DJ Hussey,11,5,1,1
419139,Kolkata Knight Riders,MK Tiwary,35,32,2,0
419139,Kolkata Knight Riders,SC Ganguly,36,30,5,1
419140,Delhi Daredevils,DA Warner,33,21,3,2
419140,Delhi Daredevils,DL Vettori,19,17,2,0
419140,Delhi Daredevils,G Gambhir,1,1,0,0
419140,Delhi Daredevils,KD Karthik,6,4,1,0
419140,Delhi Daredevils,KM Jadhav,7,9,0,0
419140,Delhi Daredevils,PD Collingwood,75,46,3,7
419140,Delhi Daredevils,V Sehwag,35,22,5,2
419140,Royal Challengers Bangalore,A Kumble,1,1,0,0
419140,Royal Challengers Bangalore,A Mithun,5,4,1,0
419140,Royal Challengers Bangalore,CL White,4,11,0,0
419140,Royal Challengers Bangalore,JH Kallis,54,41,5,1
419140,Royal Challengers Bangalore,KP Appanna,1,2,0,0
419140,Royal Challengers Bangalore,KP Pietersen,16,19,0,1
419140,Royal Challengers Bangalore,LRPL Taylor,22,10,0,3
419140,Royal Challengers Bangalore,R Dravid,14,9,2,0
419140,Royal Challengers Bangalore,R Vinay Kumar,3,3,0,0
419140,Royal Challengers Bangalore,RV Uthappa,12,9,0,1
419140,Royal Challengers Bangalore,V Kohli,13,11,1,0
419141,Deccan Chargers,A Symonds,15,19,2,0
419141,Deccan Chargers,AA Bilakhia,2,4,0,0
419141,Deccan Chargers,AC Gilchrist,34,17,3,3
419141,Deccan Chargers,Anirudh Singh,9,12,1,0
419141,Deccan Chargers,DR Smith,4,7,0,0
419141,Deccan Chargers,RG Sharma,73,44,8,2
419141,Deccan Chargers,RJ Harris,1,2,0,0
419141,Deccan Chargers,RP Singh,3,5,0,0
419141,Deccan Chargers,VVS Laxman,6,9,1,0
419141,Rajasthan Royals,AA Jhunjhunwala,11,8,1,0
419141,Rajasthan Royals,AP Dole,4,4,1,0
419141,Rajasthan Royals,AS Raut,0,3,0,0
419141,Rajasthan Royals,FY Fazal,36,29,4,0
419141,Rajasthan Royals,M Morkel,7,7,1,0
419141,Rajasthan Royals,MJ Lumb,15,10,2,1
419141,Rajasthan Royals,NV Ojha,1,5,0,0
419141,Rajasthan Royals,SK Trivedi,9,6,2,0
419141,Rajasthan Royals,SK Warne,1,4,0,0
419141,Rajasthan Royals,SR Watson,58,36,3,3
419141,Rajasthan Royals,YK Pathan,5,7,0,0
419142,Chennai Super Kings,M Vijay,14,17,2,0
419142,Chennai Super Kings,MEK Hussey,14,15,0,0
419142,Chennai Super Kings,ML Hayden,35,31,2,1
419142,Chennai Super Kings,MS Dhoni,31,18,4,0
419142,Chennai Super Kings,S Badrinath,30,21,4,0
419142,Chennai Super Kings,SK Raina,23,18,2,1
419142,Mumbai Indians,AN Ahmed,4,7,0,0
419142,Mumbai Indians,AT Rayudu,3,4,0,0
419142,Mumbai Indians,DJ Bravo,2,3,0,0
419142,Mumbai Indians,Harbhajan Singh,33,22,2,3
419142,Mumbai Indians,KA Pollard,5,6,0,0
419142,Mumbai Indians,R McLaren,1,3,0,0
419142,Mumbai Indians,R Sathish,4,5,0,0
419142,Mumbai Indians,S Dhawan,16,18,2,0
419142,Mumbai Indians,SR Tendulkar,45,35,6,0
419142,Mumbai Indians,SS Tiwary,14,17,1,0
419143,Kings XI Punjab,Bipul Sharma,1,1,0,0
419143,Kings XI Punjab,DPMD Jayawardene,44,33,6,1
419143,Kings XI Punjab,IK Pathan,24,23,1,0
419143,Kings XI Punjab,KC Sangakkara,9,7,1,0
419143,Kings XI Punjab,MS Bisla,20,14,4,0
419143,Kings XI Punjab,PP Chawla,10,15,0,0
419143,Kings XI Punjab,RS Bopara,8,11,0,0
419143,Kings XI Punjab,Yuvraj Singh,28,16,1,3
419143,Rajasthan Royals,MJ Lumb,83,41,16,2
419143,Rajasthan Royals,NV Ojha,44,37,4,1
419143,Rajasthan Royals,YK Pathan,21,12,0,2
419144,Delhi Daredevils,A Mishra,4,6,0,0
419144,Delhi Daredevils,DA Warner,0,5,0,0
419144,Delhi Daredevils,DL Vettori,12,6,2,0
419144,Delhi Daredevils,G Gambhir,47,29,6,1
419144,Delhi Daredevils,KD Karthik,20,17,2,0
419144,Delhi Daredevils,KM Jadhav,5,8,0,0
419144,Delhi Daredevils,MF Maharoof,2,3,0,0
419144,Delhi Daredevils,PD Collingwood,2,3,0,0
419144,Delhi Daredevils,R Bhatia,2,3,0,0
419144,Delhi Daredevils,V Sehwag,64,40,6,3
419144,Kolkata Knight Riders,AD Mathews,46,28,3,2
419144,Kolkata Knight Riders,BB McCullum,6,7,0,0
419144,Kolkata Knight Riders,CH Gayle,40,21,5,2
419144,Kolkata Knight Riders,MK Tiwary,26,18,1,1
419144,Kolkata Knight Riders,SC Ganguly,56,46,8,1
419145,Deccan Chargers,A Symonds,53,24,5,3
419145,Deccan Chargers,AC Gilchrist,32,19,3,2
419145,Deccan Chargers,MD Mishra,9,11,2,0
419145,Deccan Chargers,RG Sharma,6,5,1,0
419145,Deccan Chargers,TL Suman,78,57,6,3
419145,Royal Challengers Bangalore,CL White,13,3,0,2
419145,Royal Challengers Bangalore,JH Kallis,68,44,9,1
419145,Royal Challengers Bangalore,LRPL Taylor,1,2,0,0
419145,Royal Challengers Bangalore,MK Pandey,1,6,0,0
419145,Royal Challengers Bangalore,R Dravid,26,25,2,1
419145,Royal Challengers Bangalore,RV Uthappa,2,5,0,0
419145,Royal Challengers Bangalore,V Kohli,58,35,4,4
419146,Kings XI Punjab,AB Barath,33,27,4,1
419146,Kings XI Punjab,DPMD Jayawardene,31,18,7,0
419146,Kings XI Punjab,IK Pathan,15,6,1,1
419146,Kings XI Punjab,KC Sangakkara,56,42,6,1
419146,Kings XI Punjab,RS Sodhi,4,2,1,0
419146,Kings XI Punjab,Yuvraj Singh,15,21,1,0
419146,Mumbai Indians,AT Rayudu,33,18,7,0
419146,Mumbai Indians,Harbhajan Singh,9,7,1,0
419146,Mumbai Indians,JP Duminy,35,28,1,2
419146,Mumbai Indians,KA Pollard,18,14,2,0
419146,Mumbai Indians,R McLaren,0,1,0,0
419146,Mumbai Indians,R Sathish,20,17,1,0
419146,Mumbai Indians,S Dhawan,2,4,0,0
419146,Mumbai Indians,SR Tendulkar,29,25,3,0
419146,Mumbai Indians,SS Tiwary,4,5,0,0
419146,Mumbai Indians,Z Khan,0,1,0,0
419147,Chennai Super Kings,DE Bollinger,2,3,0,0
419147,Chennai Super Kings,M Vijay,23,13,1,1
419147,Chennai Super Kings,MEK Hussey,8,11,0,0
419147,Chennai Super Kings,ML Hayden,19,18,3,0
419147,Chennai Super Kings,MS Dhoni,7,13,0,0
419147,Chennai Super Kings,R Ashwin,5,6,0,0
419147,Chennai Super Kings,S Badrinath,6,6,1,0
419147,Chennai Super Kings,SK Raina,52,42,4,2
419147,Chennai Super Kings,T Thushara,8,8,0,0
419147,Deccan Chargers,A Symonds,27,22,1,2
419147,Deccan Chargers,AC Gilchrist,7,8,1,0
419147,Deccan Chargers,DR Smith,13,8,0,1
419147,Deccan Chargers,MD Mishra,21,18,2,1
419147,Deccan Chargers,RG Sharma,8,15,0,0
419147,Deccan Chargers,TL Suman,55,44,4,2
419148,Kolkata Knight Riders,AB Agarkar,6,6,0,0
419148,Kolkata Knight Riders,AB Dinda,0,1,0,0
419148,Kolkata Knight Riders,AD Mathews,1,2,0,0
419148,Kolkata Knight Riders,BAW Mendis,1,1,0,0
419148,Kolkata Knight Riders,BB McCullum,45,36,5,2
419148,Kolkata Knight Riders,CA Pujara,16,8,0,2
419148,Kolkata Knight Riders,CH Gayle,34,15,6,1
419148,Kolkata Knight Riders,I Sharma,0,2,0,0
419148,Kolkata Knight Riders,MK Tiwary,0,2,0,0
419148,Kolkata Knight Riders,SC Ganguly,33,32,2,2
419148,Kolkata Knight Riders,WP Saha,13,15,0,1
419148,Royal Challengers Bangalore,JH Kallis,8,11,0,0
419148,Royal Challengers Bangalore,LRPL Taylor,14,6,1,1
419148,Royal Challengers Bangalore,R Dravid,52,35,5,2
419148,Royal Challengers Bangalore,RV Uthappa,50,22,4,4
419148,Royal Challengers Bangalore,S Sriram,27,29,3,0
419149,Delhi Daredevils,A Mishra,10,10,0,0
419149,Delhi Daredevils,A Nehra,1,4,0,0
419149,Delhi Daredevils,DA Warner,6,11,1,0
419149,Delhi Daredevils,DL Vettori,2,4,0,0
419149,Delhi Daredevils,G Gambhir,26,12,5,0
419149,Delhi Daredevils,KD Karthik,17,35,1,0
419149,Delhi Daredevils,M Manhas,26,28,1,0
419149,Delhi Daredevils,MF Maharoof,0,1,0,0
419149,Delhi Daredevils,PD Collingwood,4,7,0,0
419149,Delhi Daredevils,R Bhatia,1,5,0,0
419149,Delhi Daredevils,V Sehwag,0,1,0,0
419149,Kings XI Punjab,AB Barath,2,5,0,0
419149,Kings XI Punjab,DPMD Jayawardene,38,35,4,1
419149,Kings XI Punjab,IK Pathan,12,17,1,0
419149,Kings XI Punjab,KC Sangakkara,33,30,4,0
419149,Kings XI Punjab,Yuvraj Singh,21,25,2,1
419150,Mumbai Indians,AT Rayudu,0,3,0,0
419150,Mumbai Indians,JP Duminy,31,32,4,0
419150,Mumbai Indians,KA Pollard,25,13,3,1
419150,Mumbai Indians,R Sathish,1,2,0,0
419150,Mumbai Indians,SR Tendulkar,89,59,10,2
419150,Mumbai Indians,SS Tiwary,15,9,3,0
419150,Mumbai Indians,ST Jayasuriya,1,2,0,0
419150,Rajasthan Royals,AA Jhunjhunwala,22,22,0,1
419150,Rajasthan Royals,AC Voges,28,27,2,0
419150,Rajasthan Royals,AP Dole,30,18,2,1
419150,Rajasthan Royals,AS Raut,20,17,0,2
419150,Rajasthan Royals,FY Fazal,10,15,1,0
419150,Rajasthan Royals,MJ Lumb,8,6,2,0
419150,Rajasthan Royals,NV Ojha,0,5,0,0
419150,Rajasthan Royals,SR Watson,1,2,0,0
419150,Rajasthan Royals,YK Pathan,10,8,0,1
419151,Deccan Chargers,A Symonds,19,20,2,0
419151,Deccan Chargers,AC Gilchrist,0,1,0,0
419151,Deccan Chargers,B Sumanth,6,4,0,0
419151,Deccan Chargers,HH Gibbs,12,10,1,1
419151,Deccan Chargers,MD Mishra,41,30,1,3
419151,Deccan Chargers,RG Sharma,51,45,7,0
419151,Deccan Chargers,RJ Harris,13,9,0,1
419151,Deccan Chargers,TL Suman,0,1,0,0
419151,Royal Challengers Bangalore,A Kumble,2,4,0,0
419151,Royal Challengers Bangalore,CL White,4,3,0,0
419151,Royal Challengers Bangalore,DW Steyn,0,1,0,0
419151,Royal Challengers Bangalore,JH Kallis,27,37,1,0
419151,Royal Challengers Bangalore,KP Appanna,1,1,0,0
419151,Royal Challengers Bangalore,LRPL Taylor,1,5,0,0
419151,Royal Challengers Bangalore,MK Pandey,0,1,0,0
419151,Royal Challengers Bangalore,R Dravid,49,35,8,0
419151,Royal Challengers Bangalore,R Vinay Kumar,4,7,0,0
419151,Royal Challengers Bangalore,RV Uthappa,34,20,0,3
419151,Royal Challengers Bangalore,V Kohli,3,4,0,0
419152,Delhi Daredevils,A Mishra,12,16,0,0
419152,Delhi Daredevils,AB McDonald,33,31,0,1
419152,Delhi Daredevils,AB de Villiers,4,7,0,0
419152,Delhi Daredevils,DA Warner,31,15,5,1
419152,Delhi Daredevils,G Gambhir,17,9,3,0
419152,Delhi Daredevils,KD Karthik,11,14,0,0
419152,Delhi Daredevils,PD Collingwood,2,5,0,0
419152,Delhi Daredevils,PJ Sangwan,6,5,0,0
419152,Delhi Daredevils,V Sehwag,20,18,3,0
419152,Mumbai Indians,AT Rayudu,24,21,2,0
419152,Mumbai Indians,C Madan,15,18,3,0
419152,Mumbai Indians,JP Duminy,21,14,3,0
419152,Mumbai Indians,KA Pollard,45,13,2,5
419152,Mumbai Indians,SR Tendulkar,30,26,3,0
419152,Mumbai Indians,SS Tiwary,38,28,1,2
419153,Chennai Super Kings,M Vijay,50,40,4,2
419153,Chennai Super Kings,ML Hayden,0,2,0,0
419153,Chennai Super Kings,SK Raina,78,39,11,3
419153,Kolkata Knight Riders,AB Agarkar,9,5,2,0
419153,Kolkata Knight Riders,AD Mathews,48,48,3,2
419153,Kolkata Knight Riders,BB McCullum,0,4,0,0
419153,Kolkata Knight Riders,CH Gayle,7,4,0,1
419153,Kolkata Knight Riders,DJ Hussey,0,3,0,0
419153,Kolkata Knight Riders,Iqbal Abdulla,0,1,0,0
419153,Kolkata Knight Riders,LR Shukla,17,10,0,2
419153,Kolkata Knight Riders,MK Tiwary,27,31,2,0
419153,Kolkata Knight Riders,SC Ganguly,10,12,2,0
419153,Kolkata Knight Riders,WP Saha,1,2,0,0
419154,Rajasthan Royals,AA Jhunjhunwala,13,22,1,0
419154,Rajasthan Royals,AC Voges,28,27,3,0
419154,Rajasthan Royals,AG Paunikar,0,1,0,0
419154,Rajasthan Royals,AS Raut,32,20,3,1
419154,Rajasthan Royals,MJ Lumb,9,8,1,0
419154,Rajasthan Royals,NV Ojha,7,9,1,0
419154,Rajasthan Royals,SR Watson,22,24,3,0
419154,Rajasthan Royals,YK Pathan,11,9,2,0
419154,Royal Challengers Bangalore,JH Kallis,0,3,0,0
419154,Royal Challengers Bangalore,KP Pietersen,62,29,10,2
419154,Royal Challengers Bangalore,LRPL Taylor,10,11,0,1
419154,Royal Challengers Bangalore,MK Pandey,14,13,3,0
419154,Royal Challengers Bangalore,R Dravid,5,4,1,0
419154,Royal Challengers Bangalore,RV Uthappa,26,21,2,1
419154,Royal Challengers Bangalore,V Kohli,14,13,2,0
419155,Chennai Super Kings,DE Bollinger,16,13,1,1
419155,Chennai Super Kings,JA Morkel,1,4,0,0
419155,Chennai Super Kings,L Balaji,3,8,0,0
419155,Chennai Super Kings,M Vijay,17,11,3,0
419155,Chennai Super Kings,MEK Hussey,15,18,2,0
419155,Chennai Super Kings,ML Hayden,1,5,0,0
419155,Chennai Super Kings,MS Dhoni,0,2,0,0
419155,Chennai Super Kings,R Ashwin,6,13,0,0
419155,Chennai Super Kings,S Badrinath,30,28,2,0
419155,Chennai Super Kings,SK Raina,15,19,2,0
419155,Delhi Daredevils,DA Warner,0,2,0,0
419155,Delhi Daredevils,G Gambhir,57,56,5,0
419155,Delhi Daredevils,KD Karthik,13,16,1,0
419155,Delhi Daredevils,M Manhas,25,32,2,0
419155,Delhi Daredevils,TM Dilshan,1,2,0,0
419155,Delhi Daredevils,V Sehwag,4,4,0,0
419156,Deccan Chargers,A Symonds,4,6,0,0
419156,Deccan Chargers,AC Gilchrist,9,5,2,0
419156,Deccan Chargers,B Sumanth,6,3,1,0
419156,Deccan Chargers,MD Mishra,20,21,4,0
419156,Deccan Chargers,MR Marsh,15,11,1,1
419156,Deccan Chargers,RG Sharma,68,38,6,3
419156,Deccan Chargers,TL Suman,43,31,3,3
419156,Kings XI Punjab,DPMD Jayawardene,93,62,13,2
419156,Kings XI Punjab,IK Pathan,1,1,0,0
419156,Kings XI Punjab,KC Sangakkara,52,36,9,1
419156,Kings XI Punjab,SE Marsh,0,1,0,0
419156,Kings XI Punjab,Yuvraj Singh,20,20,1,1
419157,Mumbai Indians,AM Nayar,9,7,1,0
419157,Mumbai Indians,AT Rayudu,46,27,3,4
419157,Mumbai Indians,JP Duminy,42,19,3,3
419157,Mumbai Indians,KA Pollard,20,7,0,3
419157,Mumbai Indians,R McLaren,40,42,4,0
419157,Mumbai Indians,SR Tendulkar,19,18,3,0
419157,Royal Challengers Bangalore,A Kumble,1,3,0,0
419157,Royal Challengers Bangalore,DW Steyn,0,2,0,0
419157,Royal Challengers Bangalore,JH Kallis,14,15,0,1
419157,Royal Challengers Bangalore,KP Pietersen,21,16,1,1
419157,Royal Challengers Bangalore,LRPL Taylor,9,11,0,0
419157,Royal Challengers Bangalore,MK Pandey,16,18,2,0
419157,Royal Challengers Bangalore,Pankaj Singh,1,2,0,0
419157,Royal Challengers Bangalore,R Dravid,16,11,2,0
419157,Royal Challengers Bangalore,R Vinay Kumar,10,12,1,0
419157,Royal Challengers Bangalore,RV Uthappa,4,6,0,0
419157,Royal Challengers Bangalore,V Kohli,37,24,4,1
419158,Kolkata Knight Riders,BB McCullum,6,7,1,0
419158,Kolkata Knight Riders,CA Pujara,45,38,5,1
419158,Kolkata Knight Riders,CH Gayle,0,2,0,0
419158,Kolkata Knight Riders,SC Ganguly,75,50,11,2
419158,Rajasthan Royals,AC Voges,8,7,1,0
419158,Rajasthan Royals,AJ Finch,21,21,0,1
419158,Rajasthan Royals,AS Raut,2,4,0,0
419158,Rajasthan Royals,FY Fazal,13,13,1,0
419158,Rajasthan Royals,NV Ojha,18,22,3,0
419158,Rajasthan Royals,P Dogra,8,12,0,0
419158,Rajasthan Royals,SK Trivedi,4,2,1,0
419158,Rajasthan Royals,SK Warne,3,4,0,0
419158,Rajasthan Royals,SR Watson,44,26,7,1
419158,Rajasthan Royals,YK Pathan,8,9,1,0
419159,Chennai Super Kings,JA Morkel,14,7,2,0
419159,Chennai Super Kings,M Vijay,13,11,2,0
419159,Chennai Super Kings,ML Hayden,5,8,1,0
419159,Chennai Super Kings,MS Dhoni,54,29,5,2
419159,Chennai Super Kings,S Badrinath,53,36,7,2
419159,Chennai Super Kings,SK Raina,46,27,5,3
419159,Kings XI Punjab,DPMD Jayawardene,21,8,2,2
419159,Kings XI Punjab,IK Pathan,44,27,4,1
419159,Kings XI Punjab,KC Sangakkara,33,24,5,0
419159,Kings XI Punjab,SE Marsh,88,57,8,5
419159,Kings XI Punjab,Yuvraj Singh,1,4,0,0
419160,Deccan Chargers,A Symonds,54,30,3,5
419160,Deccan Chargers,AC Gilchrist,10,9,2,0
419160,Deccan Chargers,B Sumanth,7,12,0,0
419160,Deccan Chargers,MD Mishra,25,19,2,1
419160,Deccan Chargers,MR Marsh,13,19,0,0
419160,Deccan Chargers,R Sharma,14,8,2,0
419160,Deccan Chargers,RG Sharma,11,9,2,0
419160,Deccan Chargers,TL Suman,5,6,1,0
419160,Deccan Chargers,WPUJC Vaas,3,8,0,0
419160,Delhi Daredevils,A Mishra,4,9,0,0
419160,Delhi Daredevils,A Nehra,22,15,2,1
419160,Delhi Daredevils,DA Warner,5,4,1,0
419160,Delhi Daredevils,G Gambhir,4,9,0,0
419160,Delhi Daredevils,KD Karthik,1,2,0,0
419160,Delhi Daredevils,M Manhas,23,22,2,0
419160,Delhi Daredevils,PD Collingwood,51,42,1,3
419160,Delhi Daredevils,TM Dilshan,11,11,2,0
419160,Delhi Daredevils,V Sehwag,8,6,2,0
419161,Kolkata Knight Riders,BB McCullum,57,55,8,0
419161,Kolkata Knight Riders,DJ Hussey,20,14,1,1
419161,Kolkata Knight Riders,SC Ganguly,42,36,4,2
419161,Mumbai Indians,AP Tare,1,3,0,0
419161,Mumbai Indians,AT Rayudu,27,15,3,1
419161,Mumbai Indians,DJ Bravo,5,9,0,0
419161,Mumbai Indians,JP Duminy,19,27,2,0
419161,Mumbai Indians,R McLaren,0,2,0,0
419161,Mumbai Indians,R Sathish,11,11,1,0
419161,Mumbai Indians,S Dhawan,10,11,1,0
419161,Mumbai Indians,SS Tiwary,46,37,4,1
419161,Mumbai Indians,STR Binny,8,5,1,0
419162,Mumbai Indians,AM Nayar,22,18,2,0
419162,Mumbai Indians,AT Rayudu,40,36,4,0
419162,Mumbai Indians,JP Duminy,3,4,0,0
419162,Mumbai Indians,KA Pollard,33,13,1,3
419162,Mumbai Indians,S Dhawan,12,9,2,0
419162,Mumbai Indians,SR Tendulkar,9,9,2,0
419162,Mumbai Indians,SS Tiwary,52,31,3,4
419162,Royal Challengers Bangalore,A Kumble,1,2,0,0
419162,Royal Challengers Bangalore,DW Steyn,5,5,1,0
419162,Royal Challengers Bangalore,JH Kallis,11,9,2,0
419162,Royal Challengers Bangalore,KP Pietersen,19,14,2,0
419162,Royal Challengers Bangalore,LRPL Taylor,31,30,1,1
419162,Royal Challengers Bangalore,MK Pandey,5,9,0,0
419162,Royal Challengers Bangalore,P Kumar,1,2,0,0
419162,Royal Challengers Bangalore,R Dravid,23,22,3,0
419162,Royal Challengers Bangalore,R Vinay Kumar,8,8,0,0
419162,Royal Challengers Bangalore,RV Uthappa,26,13,2,2
419162,Royal Challengers Bangalore,V Kohli,9,6,1,0
419163,Chennai Super Kings,JA Morkel,4,4,0,0
419163,Chennai Super Kings,M Vijay,15,10,1,1
419163,Chennai Super Kings,ML Hayden,8,9,2,0
419163,Chennai Super Kings,MS Dhoni,30,32,3,0
419163,Chennai Super Kings,R Ashwin,6,5,1,0
419163,Chennai Super Kings,S Anirudha,24,15,1,2
419163,Chennai Super Kings,S Badrinath,37,41,3,1
419163,Chennai Super Kings,SK Raina,2,4,0,0
419163,Deccan Chargers,A Symonds,23,22,3,0
419163,Deccan Chargers,AC Gilchrist,15,20,1,1
419163,Deccan Chargers,B Sumanth,16,18,2,0
419163,Deccan Chargers,HH Gibbs,18,26,1,0
419163,Deccan Chargers,Harmeet Singh,0,1,0,0
419163,Deccan Chargers,MD Mishra,2,5,0,0
419163,Deccan Chargers,PP Ojha,1,4,0,0
419163,Deccan Chargers,RG Sharma,2,5,0,0
419163,Deccan Chargers,RJ Harris,15,8,1,1
419163,Deccan Chargers,RP Singh,0,3,0,0
419163,Deccan Chargers,TL Suman,4,4,1,0
419164,Deccan Chargers,A Symonds,2,8,0,0
419164,Deccan Chargers,AC Gilchrist,4,4,1,0
419164,Deccan Chargers,Anirudh Singh,40,39,4,1
419164,Deccan Chargers,DR Smith,5,10,1,0
419164,Deccan Chargers,MD Mishra,0,1,0,0
419164,Deccan Chargers,PP Ojha,0,2,0,0
419164,Deccan Chargers,R Sharma,0,6,0,0
419164,Deccan Chargers,RG Sharma,0,4,0,0
419164,Deccan Chargers,RJ Harris,3,10,0,0
419164,Deccan Chargers,Y Venugopal Rao,24,27,2,1
419164,Royal Challengers Bangalore,JH Kallis,19,32,3,0
419164,Royal Challengers Bangalore,KP Pietersen,29,21,1,2
419164,Royal Challengers Bangalore,R Dravid,35,30,5,0
419165,Chennai Super Kings,JA Morkel,15,6,1,1
419165,Chennai Super Kings,M Vijay,26,19,1,2
419165,Chennai Super Kings,ML Hayden,17,31,1,1
419165,Chennai Super Kings,MS Dhoni,22,15,2,1
419165,Chennai Super Kings,S Anirudha,6,3,1,0
419165,Chennai Super Kings,S Badrinath,14,11,2,0
419165,Chennai Super Kings,SK Raina,57,35,3,3
419165,Mumbai Indians,AM Nayar,27,26,1,2
419165,Mumbai Indians,AT Rayudu,21,14,1,1
419165,Mumbai Indians,CRD Fernando,2,2,0,0
419165,Mumbai Indians,Harbhajan Singh,1,2,0,0
419165,Mumbai Indians,JP Duminy,6,7,0,0
419165,Mumbai Indians,KA Pollard,27,10,3,2
419165,Mumbai Indians,S Dhawan,0,8,0,0
419165,Mumbai Indians,SL Malinga,1,1,0,0
419165,Mumbai Indians,SR Tendulkar,48,45,7,0
419165,Mumbai Indians,SS Tiwary,0,2,0,0
419165,Mumbai Indians,Z Khan,1,3,0,0
501198,Chennai Super Kings,JA Morkel,15,9,1,1
501198,Chennai Super Kings,M Vijay,4,4,1,0
501198,Chennai Super Kings,MS Dhoni,29,21,1,1
501198,Chennai Super Kings,S Anirudha,64,55,6,2
501198,Chennai Super Kings,SB Styris,5,2,1,0
501198,Chennai Super Kings,SK Raina,33,29,4,0
501198,Kolkata Knight Riders,EJG Morgan,6,6,1,0
501198,Kolkata Knight Riders,G Gambhir,1,2,0,0
501198,Kolkata Knight Riders,Iqbal Abdulla,3,3,0,0
501198,Kolkata Knight Riders,JH Kallis,54,42,7,0
501198,Kolkata Knight Riders,LR Shukla,14,10,2,0
501198,Kolkata Knight Riders,MK Tiwary,27,15,1,2
501198,Kolkata Knight Riders,MS Bisla,27,29,3,0
501198,Kolkata Knight Riders,R Bhatia,0,1,0,0
501198,Kolkata Knight Riders,YK Pathan,11,12,0,1
501199,Deccan Chargers,A Mishra,2,2,0,0
501199,Deccan Chargers,B Chipli,6,9,1,0
501199,Deccan Chargers,DB Ravi Teja,28,20,2,1
501199,Deccan Chargers,DT Christian,26,19,1,2
501199,Deccan Chargers,DW Steyn,7,6,1,0
501199,Deccan Chargers,I Sharma,1,1,0,0
501199,Deccan Chargers,IR Jaggi,25,28,3,0
501199,Deccan Chargers,JP Duminy,14,17,0,1
501199,Deccan Chargers,KC Sangakkara,0,3,0,0
501199,Deccan Chargers,S Dhawan,24,15,2,1
501199,Rajasthan Royals,AG Paunikar,20,18,4,0
501199,Rajasthan Royals,J Botha,67,47,8,1
501199,Rajasthan Royals,LRPL Taylor,21,13,1,2
501199,Rajasthan Royals,R Dravid,28,35,2,0
501200,Kochi Tuskers Kerala,BB McCullum,45,32,4,2
501200,Kochi Tuskers Kerala,BJ Hodge,27,21,3,0
501200,Kochi Tuskers Kerala,DPMD Jayawardene,18,18,2,0
501200,Kochi Tuskers Kerala,PA Patel,1,4,0,0
501200,Kochi Tuskers Kerala,RA Jadeja,23,16,2,1
501200,Kochi Tuskers Kerala,RV Gomez,0,1,0,0
501200,Kochi Tuskers Kerala,VVS Laxman,36,28,2,2
501200,Royal Challengers Bangalore,AB de Villiers,54,40,1,5
501200,Royal Challengers Bangalore,AUK Pathan,12,4,3,0
501200,Royal Challengers Bangalore,MA Agarwal,33,22,2,2
501200,Royal Challengers Bangalore,SS Tiwary,26,24,2,0
501200,Royal Challengers Bangalore,TM Dilshan,1,4,0,0
501200,Royal Challengers Bangalore,V Kohli,23,18,4,0
501201,Delhi Daredevils,AB Dinda,0,5,0,0
501201,Delhi Daredevils,AJ Finch,8,12,1,0
501201,Delhi Daredevils,DA Warner,1,3,0,0
501201,Delhi Daredevils,IK Pathan,0,1,0,0
501201,Delhi Daredevils,M Morkel,0,2,0,0
501201,Delhi Daredevils,NV Ojha,29,30,2,1
501201,Delhi Daredevils,RE van der Merwe,8,6,1,0
501201,Delhi Daredevils,UBT Chand,0,2,0,0
501201,Delhi Daredevils,UT Yadav,0,4,0,0
501201,Delhi Daredevils,V Sehwag,19,16,2,1
501201,Delhi Daredevils,Y Venugopal Rao,26,25,3,0
501201,Mumbai Indians,AT Rayudu,14,15,2,0
501201,Mumbai Indians,DJ Jacobs,1,6,0,0
501201,Mumbai Indians,RG Sharma,27,30,3,0
501201,Mumbai Indians,SR Tendulkar,46,50,3,1
501202,Kings XI Punjab,AC Gilchrist,1,3,0,0
501202,Kings XI Punjab,AM Nayar,12,17,2,0
501202,Kings XI Punjab,KD Karthik,0,7,0,0
501202,Kings XI Punjab,NJ Rimmington,1,1,0,0
501202,Kings XI Punjab,P Kumar,3,5,0,0
501202,Kings XI Punjab,PC Valthaty,6,6,1,0
501202,Kings XI Punjab,PP Chawla,15,28,0,0
501202,Kings XI Punjab,R McLaren,51,43,6,1
501202,Kings XI Punjab,SE Marsh,1,3,0,0
501202,Kings XI Punjab,Sunny Singh,12,6,3,0
501202,Pune Warriors,GC Smith,0,1,0,0
501202,Pune Warriors,JD Ryder,31,17,6,0
501202,Pune Warriors,M Manhas,35,32,5,1
501202,Pune Warriors,RV Uthappa,22,14,1,2
501202,Pune Warriors,Yuvraj Singh,21,15,2,1
501203,Deccan Chargers,A Mishra,12,5,1,1
501203,Deccan Chargers,B Chipli,48,40,6,1
501203,Deccan Chargers,DB Ravi Teja,14,10,1,1
501203,Deccan Chargers,DT Christian,25,13,1,2
501203,Deccan Chargers,DW Steyn,13,12,1,0
501203,Deccan Chargers,I Sharma,1,1,0,0
501203,Deccan Chargers,IR Jaggi,3,9,0,0
501203,Deccan Chargers,JP Duminy,6,8,0,0
501203,Deccan Chargers,KC Sangakkara,16,15,2,0
501203,Deccan Chargers,S Dhawan,7,7,1,0
501203,Kolkata Knight Riders,G Gambhir,29,18,4,0
501203,Kolkata Knight Riders,JH Kallis,53,45,7,1
501203,Kolkata Knight Riders,MK Tiwary,30,21,2,2
501203,Kolkata Knight Riders,MS Bisla,19,21,3,0
501203,Kolkata Knight Riders,YK Pathan,22,15,4,0
501204,Delhi Daredevils,AJ Finch,11,14,1,1
501204,Delhi Daredevils,DA Warner,54,44,6,1
501204,Delhi Daredevils,IK Pathan,9,5,2,0
501204,Delhi Daredevils,NV Ojha,0,2,0,0
501204,Delhi Daredevils,RE van der Merwe,2,3,0,0
501204,Delhi Daredevils,UBT Chand,2,10,0,0
501204,Delhi Daredevils,V Sehwag,4,2,1,0
501204,Delhi Daredevils,Y Venugopal Rao,60,40,4,4
501204,Rajasthan Royals,AG Paunikar,5,7,1,0
501204,Rajasthan Royals,AL Menaria,22,15,0,3
501204,Rajasthan Royals,AM Rahane,18,17,1,1
501204,Rajasthan Royals,J Botha,39,32,4,0
501204,Rajasthan Royals,LRPL Taylor,18,10,1,1
501204,Rajasthan Royals,R Dravid,38,30,6,1
501205,Mumbai Indians,AT Rayudu,63,49,9,0
501205,Mumbai Indians,DJ Jacobs,22,16,2,2
501205,Mumbai Indians,SR Tendulkar,55,46,7,0
501205,Royal Challengers Bangalore,AB de Villiers,38,36,3,1
501205,Royal Challengers Bangalore,AUK Pathan,0,2,0,0
501205,Royal Challengers Bangalore,MA Agarwal,0,1,0,0
501205,Royal Challengers Bangalore,SS Tiwary,16,10,3,0
501205,Royal Challengers Bangalore,TM Dilshan,59,52,4,2
501205,Royal Challengers Bangalore,V Kohli,12,19,2,0
501206,Chennai Super Kings,M Vijay,74,43,6,4
501206,Chennai Super Kings,MS Dhoni,43,19,4,2
501206,Chennai Super Kings,S Anirudha,0,1,0,0
501206,Chennai Super Kings,S Badrinath,66,56,8,0
501206,Chennai Super Kings,SK Raina,0,1,0,0
501206,Kings XI Punjab,AC Gilchrist,19,15,2,0
501206,Kings XI Punjab,AM Nayar,0,1,0,0
501206,Kings XI Punjab,KD Karthik,21,11,2,1
501206,Kings XI Punjab,PC Valthaty,120,63,19,2
501206,Kings XI Punjab,SE Marsh,12,14,0,0
501206,Kings XI Punjab,Sunny Singh,20,11,2,1
501207,Kochi Tuskers Kerala,BB McCullum,0,1,0,0
501207,Kochi Tuskers Kerala,BJ Hodge,39,36,2,2
501207,Kochi Tuskers Kerala,DPMD Jayawardene,2,3,0,0
501207,Kochi Tuskers Kerala,PA Patel,21,19,4,0
501207,Kochi Tuskers Kerala,R Vinay Kumar,1,1,0,0
501207,Kochi Tuskers Kerala,RA Jadeja,47,32,3,3
501207,Kochi Tuskers Kerala,RP Singh,0,1,0,0
501207,Kochi Tuskers Kerala,RV Gomez,26,18,3,0
501207,Kochi Tuskers Kerala,S Sreesanth,1,6,0,0
501207,Kochi Tuskers Kerala,VVS Laxman,0,3,0,0
501207,Pune Warriors,GC Smith,24,24,3,0
501207,Pune Warriors,JD Ryder,17,10,3,0
501207,Pune Warriors,M Manhas,12,19,1,0
501207,Pune Warriors,MD Mishra,37,21,2,2
501207,Pune Warriors,R Sharma,10,9,0,1
501207,Pune Warriors,RV Uthappa,31,13,3,2
501207,Pune Warriors,WD Parnell,1,5,0,0
501207,Pune Warriors,Yuvraj Singh,8,12,0,0
501208,Deccan Chargers,B Chipli,61,35,5,3
501208,Deccan Chargers,DT Christian,0,1,0,0
501208,Deccan Chargers,JP Duminy,22,15,2,1
501208,Deccan Chargers,KC Sangakkara,36,25,3,1
501208,Deccan Chargers,S Dhawan,11,8,2,0
501208,Deccan Chargers,S Sohal,38,36,5,1
501208,Royal Challengers Bangalore,AB de Villiers,0,7,0,0
501208,Royal Challengers Bangalore,CA Pujara,25,15,4,0
501208,Royal Challengers Bangalore,DL Vettori,3,6,0,0
501208,Royal Challengers Bangalore,JJ van der Wath,0,1,0,0
501208,Royal Challengers Bangalore,MA Agarwal,16,12,2,0
501208,Royal Challengers Bangalore,R Ninan,3,5,0,0
501208,Royal Challengers Bangalore,S Aravind,2,3,0,0
501208,Royal Challengers Bangalore,SS Tiwary,7,10,0,0
501208,Royal Challengers Bangalore,TM Dilshan,7,8,1,0
501208,Royal Challengers Bangalore,V Kohli,71,50,5,3
501208,Royal Challengers Bangalore,Z Khan,0,3,0,0
501209,Kolkata Knight Riders,G Gambhir,75,43,11,1
501209,Kolkata Knight Riders,JH Kallis,80,65,7,2
501209,Kolkata Knight Riders,MS Bisla,1,3,0,0
501209,Rajasthan Royals,AG Paunikar,9,15,2,0
501209,Rajasthan Royals,AL Menaria,27,21,2,1
501209,Rajasthan Royals,J Botha,12,12,0,0
501209,Rajasthan Royals,LRPL Taylor,35,25,2,2
501209,Rajasthan Royals,R Dravid,35,34,4,0
501209,Rajasthan Royals,SR Watson,22,13,0,2
501210,Kochi Tuskers Kerala,BB McCullum,81,60,10,2
501210,Kochi Tuskers Kerala,BJ Hodge,11,7,2,0
501210,Kochi Tuskers Kerala,DPMD Jayawardene,56,36,9,0
501210,Kochi Tuskers Kerala,RA Jadeja,25,11,2,2
501210,Mumbai Indians,AT Rayudu,53,33,3,4
501210,Mumbai Indians,DJ Jacobs,12,21,1,0
501210,Mumbai Indians,SR Tendulkar,100,66,12,3
501211,Chennai Super Kings,JA Morkel,9,8,1,0
501211,Chennai Super Kings,M Vijay,31,21,3,2
501211,Chennai Super Kings,MEK Hussey,83,56,11,1
501211,Chennai Super Kings,MS Dhoni,22,16,1,1
501211,Chennai Super Kings,S Badrinath,5,3,1,0
501211,Chennai Super Kings,SK Raina,29,16,3,1
501211,Royal Challengers Bangalore,AB de Villiers,65,44,5,2
501211,Royal Challengers Bangalore,AUK Pathan,14,5,2,1
501211,Royal Challengers Bangalore,CA Pujara,2,4,0,0
501211,Royal Challengers Bangalore,DL Vettori,2,2,0,0
501211,Royal Challengers Bangalore,JJ van der Wath,14,10,1,1
501211,Royal Challengers Bangalore,MA Agarwal,7,13,1,0
501211,Royal Challengers Bangalore,SS Tiwary,14,13,0,0
501211,Royal Challengers Bangalore,TM Dilshan,0,1,0,0
501211,Royal Challengers Bangalore,V Kohli,35,28,4,1
501212,Deccan Chargers,A Mishra,0,1,0,0
501212,Deccan Chargers,B Chipli,14,12,2,0
501212,Deccan Chargers,DB Ravi Teja,10,6,1,0
501212,Deccan Chargers,DT Christian,30,13,2,2
501212,Deccan Chargers,DW Steyn,1,2,0,0
501212,Deccan Chargers,JP Duminy,18,16,1,0
501212,Deccan Chargers,KC Sangakkara,35,28,5,0
501212,Deccan Chargers,MS Gony,0,1,0,0
501212,Deccan Chargers,S Dhawan,45,36,5,1
501212,Deccan Chargers,S Sohal,7,5,1,0
501212,Kings XI Punjab,AC Gilchrist,61,46,5,3
501212,Kings XI Punjab,AM Nayar,13,10,2,0
501212,Kings XI Punjab,KD Karthik,3,5,0,0
501212,Kings XI Punjab,PC Valthaty,75,45,8,5
501213,Delhi Daredevils,AJ Finch,25,12,1,2
501213,Delhi Daredevils,DA Warner,46,28,6,2
501213,Delhi Daredevils,IK Pathan,14,16,1,0
501213,Delhi Daredevils,JR Hopes,13,4,1,1
501213,Delhi Daredevils,MS Wade,3,4,0,0
501213,Delhi Daredevils,NV Ojha,11,9,0,1
501213,Delhi Daredevils,V Sehwag,37,23,6,0
501213,Delhi Daredevils,Y Venugopal Rao,31,20,1,3
501213,Pune Warriors,GC Smith,12,14,2,0
501213,Pune Warriors,JD Ryder,60,26,5,5
501213,Pune Warriors,M Manhas,20,18,1,1
501213,Pune Warriors,MD Mishra,7,11,0,0
501213,Pune Warriors,RV Uthappa,4,10,0,0
501213,Pune Warriors,WD Parnell,10,9,1,0
501213,Pune Warriors,Yuvraj Singh,66,32,4,5
501214,Kolkata Knight Riders,G Gambhir,35,34,3,0
501214,Kolkata Knight Riders,JH Kallis,0,2,0,0
501214,Kolkata Knight Riders,MK Tiwary,30,25,4,1
501214,Kolkata Knight Riders,MS Bisla,9,22,0,0
501214,Rajasthan Royals,A Singh,0,2,0,0
501214,Rajasthan Royals,AG Paunikar,15,14,2,0
501214,Rajasthan Royals,AL Menaria,21,17,1,1
501214,Rajasthan Royals,AM Rahane,6,9,0,0
501214,Rajasthan Royals,AS Raut,11,15,1,0
501214,Rajasthan Royals,FY Fazal,3,4,0,0
501214,Rajasthan Royals,LRPL Taylor,6,9,0,0
501214,Rajasthan Royals,SK Trivedi,0,2,0,0
501214,Rajasthan Royals,SK Warne,3,6,0,0
501214,Rajasthan Royals,SR Watson,11,13,2,0
501214,Rajasthan Royals,SW Tait,0,1,0,0
501215,Chennai Super Kings,JA Morkel,9,4,0,1
501215,Chennai Super Kings,M Vijay,28,18,6,0
501215,Chennai Super Kings,MEK Hussey,8,10,2,0
501215,Chennai Super Kings,MS Dhoni,14,13,1,1
501215,Chennai Super Kings,S Badrinath,19,17,1,0
501215,Chennai Super Kings,SK Raina,50,40,5,1
501215,Kochi Tuskers Kerala,BB McCullum,47,33,4,3
501215,Kochi Tuskers Kerala,BJ Hodge,19,14,2,0
501215,Kochi Tuskers Kerala,DPMD Jayawardene,16,11,2,1
501215,Kochi Tuskers Kerala,PA Patel,34,26,4,1
501215,Kochi Tuskers Kerala,RA Jadeja,16,6,0,2
501216,Deccan Chargers,B Chipli,5,3,0,0
501216,Deccan Chargers,CL White,31,25,2,1
501216,Deccan Chargers,DT Christian,8,11,0,0
501216,Deccan Chargers,KC Sangakkara,49,35,8,1
501216,Deccan Chargers,S Dhawan,8,5,2,0
501216,Deccan Chargers,S Sohal,62,41,8,1
501216,Delhi Daredevils,AJ Finch,0,1,0,0
501216,Delhi Daredevils,DA Warner,51,48,5,1
501216,Delhi Daredevils,IK Pathan,5,9,0,0
501216,Delhi Daredevils,JR Hopes,17,14,0,1
501216,Delhi Daredevils,M Morkel,8,3,0,1
501216,Delhi Daredevils,NV Ojha,2,4,0,0
501216,Delhi Daredevils,V Sehwag,12,7,3,0
501216,Delhi Daredevils,Y Nagar,23,11,1,2
501216,Delhi Daredevils,Y Venugopal Rao,21,23,3,0
501218,Mumbai Indians,A Symonds,16,15,2,0
501218,Mumbai Indians,AT Rayudu,37,40,4,0
501218,Mumbai Indians,JEC Franklin,6,8,1,0
501218,Mumbai Indians,RG Sharma,20,18,1,1
501218,Mumbai Indians,SR Tendulkar,35,39,2,0
501218,Pune Warriors,AC Thomas,0,2,0,0
501218,Pune Warriors,JD Ryder,12,15,2,0
501218,Pune Warriors,M Kartik,11,12,1,0
501218,Pune Warriors,M Manhas,0,1,0,0
501218,Pune Warriors,MD Mishra,12,10,2,0
501218,Pune Warriors,R Sharma,13,9,1,1
501218,Pune Warriors,RV Uthappa,45,34,6,1
501218,Pune Warriors,SB Wagh,2,2,0,0
501218,Pune Warriors,TD Paine,2,9,0,0
501218,Pune Warriors,WD Parnell,9,8,1,0
501218,Pune Warriors,Yuvraj Singh,0,2,0,0
501219,Kochi Tuskers Kerala,BB McCullum,23,19,2,1
501219,Kochi Tuskers Kerala,BJ Hodge,2,8,0,0
501219,Kochi Tuskers Kerala,DPMD Jayawardene,25,27,5,0
501219,Kochi Tuskers Kerala,KM Jadhav,12,11,1,0
501219,Kochi Tuskers Kerala,PA Patel,9,11,1,0
501219,Kochi Tuskers Kerala,R Vinay Kumar,11,10,1,0
501219,Kochi Tuskers Kerala,RA Jadeja,29,18,1,3
501219,Kochi Tuskers Kerala,RR Powar,3,6,0,0
501219,Kochi Tuskers Kerala,RV Gomez,10,10,0,1
501219,Kolkata Knight Riders,B Lee,1,3,0,0
501219,Kolkata Knight Riders,EJG Morgan,10,12,1,0
501219,Kolkata Knight Riders,G Gambhir,3,5,0,0
501219,Kolkata Knight Riders,Iqbal Abdulla,12,9,1,0
501219,Kolkata Knight Riders,JH Kallis,6,9,0,0
501219,Kolkata Knight Riders,L Balaji,1,1,0,0
501219,Kolkata Knight Riders,MK Tiwary,46,51,2,2
501219,Kolkata Knight Riders,MS Bisla,16,14,2,0
501219,Kolkata Knight Riders,R Bhatia,10,8,1,0
501219,Kolkata Knight Riders,Shakib Al Hasan,2,5,0,0
501219,Kolkata Knight Riders,YK Pathan,8,3,0,1
501220,Kings XI Punjab,AC Gilchrist,28,15,4,1
501220,Kings XI Punjab,AM Nayar,1,3,0,0
501220,Kings XI Punjab,KD Karthik,21,16,3,0
501220,Kings XI Punjab,PC Valthaty,46,29,4,3
501220,Kings XI Punjab,PP Chawla,4,3,1,0
501220,Kings XI Punjab,R McLaren,2,7,0,0
501220,Kings XI Punjab,SE Marsh,71,42,6,3
501220,Kings XI Punjab,Sunny Singh,5,5,1,0
501220,Rajasthan Royals,AL Menaria,34,26,2,1
501220,Rajasthan Royals,AS Raut,25,21,3,0
501220,Rajasthan Royals,DH Yagnik,10,9,1,0
501220,Rajasthan Royals,LRPL Taylor,0,5,0,0
501220,Rajasthan Royals,R Dravid,8,7,2,0
501220,Rajasthan Royals,SA Asnodkar,9,9,1,0
501220,Rajasthan Royals,SK Warne,5,3,1,0
501220,Rajasthan Royals,SR Watson,24,16,4,0
501220,Rajasthan Royals,STR Binny,30,24,2,1
501221,Chennai Super Kings,DE Bollinger,0,1,0,0
501221,Chennai Super Kings,JA Morkel,3,3,0,0
501221,Chennai Super Kings,Joginder Sharma,0,1,0,0
501221,Chennai Super Kings,M Vijay,12,9,1,1
501221,Chennai Super Kings,MEK Hussey,41,33,6,0
501221,Chennai Super Kings,MS Dhoni,3,6,0,0
501221,Chennai Super Kings,R Ashwin,0,2,0,0
501221,Chennai Super Kings,S Anirudha,9,9,0,1
501221,Chennai Super Kings,S Badrinath,71,48,7,2
501221,Chennai Super Kings,S Randiv,2,4,0,0
501221,Chennai Super Kings,SK Raina,5,4,1,0
501221,Mumbai Indians,A Symonds,31,26,1,2
501221,Mumbai Indians,AT Rayudu,27,29,4,0
501221,Mumbai Indians,KA Pollard,0,2,0,0
501221,Mumbai Indians,R Sathish,0,7,0,0
501221,Mumbai Indians,RG Sharma,87,48,8,5
501221,Mumbai Indians,SR Tendulkar,5,8,1,0
501222,Kolkata Knight Riders,BJ Haddin,18,11,2,1
501222,Kolkata Knight Riders,EJG Morgan,6,6,0,0
501222,Kolkata Knight Riders,G Gambhir,48,37,6,0
501222,Kolkata Knight Riders,JH Kallis,40,42,4,0
501222,Kolkata Knight Riders,YK Pathan,46,24,3,3
501222,Royal Challengers Bangalore,CH Gayle,102,55,10,7
501222,Royal Challengers Bangalore,TM Dilshan,38,31,6,0
501222,Royal Challengers Bangalore,V Kohli,30,23,3,1
501223,Delhi Daredevils,AJ Finch,3,5,0,0
501223,Delhi Daredevils,DA Warner,77,48,7,4
501223,Delhi Daredevils,NV Ojha,19,8,1,2
501223,Delhi Daredevils,V Sehwag,77,35,8,4
501223,Delhi Daredevils,Y Nagar,11,9,1,1
501223,Delhi Daredevils,Y Venugopal Rao,28,15,3,1
501223,Kings XI Punjab,AC Gilchrist,42,32,8,1
501223,Kings XI Punjab,AM Nayar,17,13,3,0
501223,Kings XI Punjab,DJ Hussey,20,10,0,2
501223,Kings XI Punjab,KD Karthik,6,5,1,0
501223,Kings XI Punjab,PC Valthaty,14,10,0,2
501223,Kings XI Punjab,RJ Harris,1,1,0,0
501223,Kings XI Punjab,SE Marsh,95,45,9,6
501223,Kings XI Punjab,Sunny Singh,2,4,0,0
501224,Deccan Chargers,A Mishra,25,19,4,0
501224,Deccan Chargers,B Chipli,6,8,1,0
501224,Deccan Chargers,CL White,1,7,0,0
501224,Deccan Chargers,DB Ravi Teja,1,4,0,0
501224,Deccan Chargers,DT Christian,21,18,1,1
501224,Deccan Chargers,DW Steyn,4,9,0,0
501224,Deccan Chargers,I Sharma,1,2,0,0
501224,Deccan Chargers,KC Sangakkara,34,28,3,0
501224,Deccan Chargers,S Dhawan,25,22,5,0
501224,Deccan Chargers,S Sohal,5,3,0,0
501224,Mumbai Indians,A Symonds,44,33,4,1
501224,Mumbai Indians,AT Rayudu,7,8,0,0
501224,Mumbai Indians,DJ Jacobs,32,20,5,1
501224,Mumbai Indians,KA Pollard,0,1,0,0
501224,Mumbai Indians,RG Sharma,56,34,5,3
501224,Mumbai Indians,SR Tendulkar,28,24,4,0
501225,Kochi Tuskers Kerala,BJ Hodge,8,14,0,0
501225,Kochi Tuskers Kerala,DPMD Jayawardene,13,13,2,0
501225,Kochi Tuskers Kerala,KM Jadhav,5,9,0,0
501225,Kochi Tuskers Kerala,M Muralitharan,5,7,0,0
501225,Kochi Tuskers Kerala,NLTC Perera,1,4,0,0
501225,Kochi Tuskers Kerala,PA Patel,32,34,2,0
501225,Kochi Tuskers Kerala,R Vinay Kumar,5,4,1,0
501225,Kochi Tuskers Kerala,RA Jadeja,22,23,2,0
501225,Kochi Tuskers Kerala,RP Singh,1,1,0,0
501225,Kochi Tuskers Kerala,RV Gomez,0,1,0,0
501225,Kochi Tuskers Kerala,VVS Laxman,8,10,1,0
501225,Rajasthan Royals,J Botha,14,7,3,0
501225,Rajasthan Royals,LRPL Taylor,2,1,0,0
501225,Rajasthan Royals,R Dravid,44,37,5,1
501225,Rajasthan Royals,SR Watson,49,40,4,2
501226,Chennai Super Kings,JA Morkel,0,4,0,0
501226,Chennai Super Kings,M Vijay,31,29,2,1
501226,Chennai Super Kings,MEK Hussey,61,48,6,1
501226,Chennai Super Kings,MS Dhoni,26,21,2,1
501226,Chennai Super Kings,S Anirudha,7,7,0,0
501226,Chennai Super Kings,S Badrinath,11,7,0,1
501226,Chennai Super Kings,SK Raina,2,4,0,0
501226,Pune Warriors,AC Thomas,1,2,0,0
501226,Pune Warriors,JD Ryder,15,11,1,1
501226,Pune Warriors,JE Taylor,2,1,0,0
501226,Pune Warriors,M Kartik,1,2,0,0
501226,Pune Warriors,M Manhas,20,23,0,1
501226,Pune Warriors,MD Mishra,9,9,1,0
501226,Pune Warriors,MK Pandey,12,9,2,0
501226,Pune Warriors,NL McCullum,15,16,0,0
501226,Pune Warriors,R Sharma,1,1,0,0
501226,Pune Warriors,RV Uthappa,0,3,0,0
501226,Pune Warriors,Yuvraj Singh,34,43,2,0
501227,Delhi Daredevils,DA Warner,7,11,1,0
501227,Delhi Daredevils,IK Pathan,13,7,0,2
501227,Delhi Daredevils,JR Hopes,54,42,7,0
501227,Delhi Daredevils,MS Wade,8,9,0,0
501227,Delhi Daredevils,NV Ojha,16,11,0,2
501227,Delhi Daredevils,V Sehwag,25,18,3,0
501227,Delhi Daredevils,Y Nagar,0,2,0,0
501227,Delhi Daredevils,Y Venugopal Rao,24,20,2,1
501227,Royal Challengers Bangalore,A Mithun,0,2,0,0
501227,Royal Challengers Bangalore,AB de Villiers,5,2,1,0
501227,Royal Challengers Bangalore,CA Pujara,7,12,0,0
501227,Royal Challengers Bangalore,CH Gayle,26,14,4,1
501227,Royal Challengers Bangalore,DL Vettori,18,19,1,1
501227,Royal Challengers Bangalore,J Syed Mohammad,13,10,2,0
501227,Royal Challengers Bangalore,SS Tiwary,18,19,1,1
501227,Royal Challengers Bangalore,TM Dilshan,0,1,0,0
501227,Royal Challengers Bangalore,V Kohli,56,38,8,2
501228,Chennai Super Kings,M Vijay,31,31,1,1
501228,Chennai Super Kings,MEK Hussey,9,17,1,0
501228,Chennai Super Kings,S Badrinath,63,44,6,2
501228,Chennai Super Kings,SK Raina,34,25,1,2
501228,Pune Warriors,JD Ryder,19,12,4,0
501228,Pune Warriors,JE Taylor,1,2,0,0
501228,Pune Warriors,M Manhas,0,4,0,0
501228,Pune Warriors,MD Mishra,2,9,0,0
501228,Pune Warriors,MK Pandey,10,13,1,0
501228,Pune Warriors,MR Marsh,11,15,1,0
501228,Pune Warriors,RV Uthappa,31,22,2,2
501228,Pune Warriors,Yuvraj Singh,62,43,3,4
501229,Deccan Chargers,A Mishra,0,1,0,0
501229,Deccan Chargers,B Chipli,4,10,0,0
501229,Deccan Chargers,CL White,31,34,2,1
501229,Deccan Chargers,DB Ravi Teja,8,5,1,0
501229,Deccan Chargers,DT Christian,9,11,0,0
501229,Deccan Chargers,KC Sangakkara,65,45,10,0
501229,Deccan Chargers,MS Gony,0,1,0,0
501229,Deccan Chargers,S Dhawan,4,9,0,0
501229,Deccan Chargers,S Sohal,1,4,0,0
501229,Kochi Tuskers Kerala,BB McCullum,0,4,0,0
501229,Kochi Tuskers Kerala,BJ Hodge,0,2,0,0
501229,Kochi Tuskers Kerala,DPMD Jayawardene,4,8,1,0
501229,Kochi Tuskers Kerala,KM Jadhav,0,2,0,0
501229,Kochi Tuskers Kerala,NLTC Perera,22,23,4,0
501229,Kochi Tuskers Kerala,PA Patel,0,3,0,0
501229,Kochi Tuskers Kerala,R Vinay Kumar,18,19,2,0
501229,Kochi Tuskers Kerala,RA Jadeja,23,35,2,0
501229,Kochi Tuskers Kerala,RP Singh,0,1,0,0
501229,Kochi Tuskers Kerala,RV Gomez,0,1,0,0
501229,Kochi Tuskers Kerala,S Sreesanth,0,1,0,0
501230,Delhi Daredevils,DA Warner,2,6,0,0
501230,Delhi Daredevils,IK Pathan,9,12,0,1
501230,Delhi Daredevils,JR Hopes,25,30,1,1
501230,Delhi Daredevils,M Morkel,6,5,1,0
501230,Delhi Daredevils,NV Ojha,1,2,0,0
501230,Delhi Daredevils,TR Birt,8,11,0,0
501230,Delhi Daredevils,UT Yadav,1,1,0,0
501230,Delhi Daredevils,V Sehwag,34,23,5,1
501230,Delhi Daredevils,Y Nagar,19,12,0,2
501230,Delhi Daredevils,Y Venugopal Rao,19,18,2,0
501230,Kolkata Knight Riders,B Lee,1,1,0,0
501230,Kolkata Knight Riders,EJG Morgan,0,1,0,0
501230,Kolkata Knight Riders,G Gambhir,18,19,2,0
501230,Kolkata Knight Riders,JH Kallis,11,11,2,0
501230,Kolkata Knight Riders,L Balaji,3,1,0,0
501230,Kolkata Knight Riders,MK Tiwary,61,47,2,3
501230,Kolkata Knight Riders,RN ten Doeschate,19,12,2,1
501230,Kolkata Knight Riders,SP Goswami,22,20,4,0
501230,Kolkata Knight Riders,YK Pathan,5,8,0,0
501231,Mumbai Indians,A Symonds,17,26,1,0
501231,Mumbai Indians,AG Murtaza,2,5,0,0
501231,Mumbai Indians,AT Rayudu,11,13,1,0
501231,Mumbai Indians,DJ Jacobs,15,15,0,1
501231,Mumbai Indians,Harbhajan Singh,10,7,0,1
501231,Mumbai Indians,KA Pollard,4,15,0,0
501231,Mumbai Indians,R Sathish,7,6,0,0
501231,Mumbai Indians,RG Sharma,13,22,1,0
501231,Mumbai Indians,SL Malinga,1,4,0,0
501231,Mumbai Indians,SR Tendulkar,7,7,1,0
501231,Rajasthan Royals,AL Menaria,4,4,1,0
501231,Rajasthan Royals,J Botha,45,39,2,1
501231,Rajasthan Royals,LRPL Taylor,13,18,1,0
501231,Rajasthan Royals,R Dravid,5,16,0,0
501231,Rajasthan Royals,SR Watson,26,32,3,1
501232,Pune Warriors,Harpreet Singh,1,1,0,0
501232,Pune Warriors,JD Ryder,51,34,4,2
501232,Pune Warriors,M Manhas,3,5,0,0
501232,Pune Warriors,MK Pandey,19,23,2,0
501232,Pune Warriors,RV Uthappa,23,17,3,1
501232,Pune Warriors,TD Paine,8,17,0,0
501232,Pune Warriors,Yuvraj Singh,41,23,2,3
501232,Royal Challengers Bangalore,AB de Villiers,26,20,1,1
501232,Royal Challengers Bangalore,CH Gayle,49,26,4,4
501232,Royal Challengers Bangalore,M Kaif,8,5,1,0
501232,Royal Challengers Bangalore,SS Tiwary,14,8,1,1
501232,Royal Challengers Bangalore,TM Dilshan,15,19,2,0
501232,Royal Challengers Bangalore,V Kohli,67,42,4,4
501233,Delhi Daredevils,DA Warner,3,7,0,0
501233,Delhi Daredevils,IK Pathan,13,7,1,1
501233,Delhi Daredevils,NV Ojha,0,3,0,0
501233,Delhi Daredevils,RE van der Merwe,2,4,0,0
501233,Delhi Daredevils,TR Birt,20,12,2,1
501233,Delhi Daredevils,V Sehwag,80,47,8,5
501233,Delhi Daredevils,Y Nagar,22,30,1,0
501233,Delhi Daredevils,Y Venugopal Rao,1,10,0,0
501233,Kochi Tuskers Kerala,B Akhil,13,9,0,1
501233,Kochi Tuskers Kerala,BB McCullum,7,7,1,0
501233,Kochi Tuskers Kerala,BJ Hodge,27,25,3,0
501233,Kochi Tuskers Kerala,DPMD Jayawardene,18,28,2,0
501233,Kochi Tuskers Kerala,M Klinger,2,6,0,0
501233,Kochi Tuskers Kerala,PA Patel,1,3,0,0
501233,Kochi Tuskers Kerala,R Vinay Kumar,11,9,0,1
501233,Kochi Tuskers Kerala,RA Jadeja,31,22,3,1
501233,Kochi Tuskers Kerala,RP Singh,1,1,0,0
501233,Kochi Tuskers Kerala,RR Powar,0,1,0,0
501233,Kochi Tuskers Kerala,S Sreesanth,0,2,0,0
501234,Kings XI Punjab,AC Gilchrist,26,27,3,1
501234,Kings XI Punjab,AM Nayar,0,2,0,0
501234,Kings XI Punjab,Bipul Sharma,16,12,1,0
501234,Kings XI Punjab,DJ Hussey,15,20,1,0
501234,Kings XI Punjab,KD Karthik,42,42,4,0
501234,Kings XI Punjab,P Kumar,2,2,0,0
501234,Kings XI Punjab,PC Valthaty,7,8,1,0
501234,Kings XI Punjab,SE Marsh,5,7,1,0
501234,Kolkata Knight Riders,EJG Morgan,28,15,6,0
501234,Kolkata Knight Riders,G Gambhir,45,44,4,0
501234,Kolkata Knight Riders,JH Kallis,1,4,0,0
501234,Kolkata Knight Riders,MK Tiwary,34,41,3,1
501235,Pune Warriors,Harpreet Singh,13,19,0,0
501235,Pune Warriors,JD Ryder,18,12,3,0
501235,Pune Warriors,M Manhas,24,19,1,1
501235,Pune Warriors,MK Pandey,30,31,4,0
501235,Pune Warriors,NL McCullum,11,6,0,1
501235,Pune Warriors,R Sharma,0,1,0,0
501235,Pune Warriors,RV Uthappa,35,21,7,0
501235,Pune Warriors,Yuvraj Singh,7,11,0,0
501235,Rajasthan Royals,AL Menaria,29,22,0,3
501235,Rajasthan Royals,AM Rahane,15,9,2,0
501235,Rajasthan Royals,J Botha,12,18,1,0
501235,Rajasthan Royals,LRPL Taylor,47,35,4,2
501235,Rajasthan Royals,R Dravid,18,20,2,0
501235,Rajasthan Royals,SR Watson,12,13,0,1
501236,Chennai Super Kings,JA Morkel,19,5,0,3
501236,Chennai Super Kings,M Vijay,3,14,0,0
501236,Chennai Super Kings,MEK Hussey,46,41,5,0
501236,Chennai Super Kings,MS Dhoni,21,21,1,1
501236,Chennai Super Kings,S Anirudha,3,2,0,0
501236,Chennai Super Kings,S Badrinath,5,2,1,0
501236,Chennai Super Kings,SK Raina,59,35,6,2
501236,Deccan Chargers,A Mishra,2,5,0,0
501236,Deccan Chargers,B Chipli,17,15,0,0
501236,Deccan Chargers,CL White,13,18,1,0
501236,Deccan Chargers,DT Christian,1,1,0,0
501236,Deccan Chargers,I Sharma,1,1,0,0
501236,Deccan Chargers,JP Duminy,17,11,2,0
501236,Deccan Chargers,KC Sangakkara,15,12,1,1
501236,Deccan Chargers,S Dhawan,19,27,0,0
501236,Deccan Chargers,S Sohal,56,30,6,4
501237,Kings XI Punjab,AC Gilchrist,0,2,0,0
501237,Kings XI Punjab,AM Nayar,14,9,2,0
501237,Kings XI Punjab,Bipul Sharma,1,2,0,0
501237,Kings XI Punjab,DJ Hussey,1,5,0,0
501237,Kings XI Punjab,KD Karthik,1,2,0,0
501237,Kings XI Punjab,P Kumar,2,3,0,0
501237,Kings XI Punjab,PC Valthaty,33,38,1,2
501237,Kings XI Punjab,PP Chawla,10,10,1,0
501237,Kings XI Punjab,RJ Harris,1,2,0,0
501237,Kings XI Punjab,SE Marsh,61,47,8,0
501237,Mumbai Indians,A Symonds,4,6,0,0
501237,Mumbai Indians,AT Rayudu,51,37,8,1
501237,Mumbai Indians,DJ Jacobs,10,10,2,0
501237,Mumbai Indians,KA Pollard,20,11,1,2
501237,Mumbai Indians,RG Sharma,18,11,3,0
501237,Mumbai Indians,SR Tendulkar,51,45,3,1
501238,Delhi Daredevils,DA Warner,13,14,2,0
501238,Delhi Daredevils,IK Pathan,5,6,0,0
501238,Delhi Daredevils,NV Ojha,13,14,1,1
501238,Delhi Daredevils,RE van der Merwe,2,3,0,0
501238,Delhi Daredevils,TR Birt,27,15,5,0
501238,Delhi Daredevils,V Sehwag,15,9,2,1
501238,Delhi Daredevils,Y Nagar,18,23,1,0
501238,Delhi Daredevils,Y Venugopal Rao,40,36,5,0
501238,Kochi Tuskers Kerala,BB McCullum,37,18,5,2
501238,Kochi Tuskers Kerala,BJ Hodge,24,12,3,1
501238,Kochi Tuskers Kerala,DPMD Jayawardene,7,10,1,0
501238,Kochi Tuskers Kerala,M Klinger,18,19,3,0
501238,Kochi Tuskers Kerala,PA Patel,37,31,5,0
501239,Deccan Chargers,A Mishra,9,9,0,0
501239,Deccan Chargers,B Chipli,12,7,2,0
501239,Deccan Chargers,CL White,13,13,1,0
501239,Deccan Chargers,DB Ravi Teja,30,21,3,0
501239,Deccan Chargers,DT Christian,1,3,0,0
501239,Deccan Chargers,KC Sangakkara,0,2,0,0
501239,Deccan Chargers,S Dhawan,54,45,4,1
501239,Deccan Chargers,S Sohal,26,20,3,0
501239,Kolkata Knight Riders,EJG Morgan,14,15,0,1
501239,Kolkata Knight Riders,G Gambhir,35,22,3,1
501239,Kolkata Knight Riders,JH Kallis,30,31,4,0
501239,Kolkata Knight Riders,MK Tiwary,33,26,3,1
501239,Kolkata Knight Riders,YK Pathan,47,26,3,3
501240,Chennai Super Kings,M Vijay,5,6,1,0
501240,Chennai Super Kings,MEK Hussey,79,55,8,1
501240,Chennai Super Kings,SK Raina,61,51,3,1
501240,Rajasthan Royals,AL Menaria,2,8,0,0
501240,Rajasthan Royals,AM Rahane,4,8,0,0
501240,Rajasthan Royals,DH Yagnik,1,1,0,0
501240,Rajasthan Royals,J Botha,8,6,1,0
501240,Rajasthan Royals,LRPL Taylor,20,13,2,0
501240,Rajasthan Royals,R Dravid,66,51,10,0
501240,Rajasthan Royals,SR Watson,32,26,5,0
501240,Rajasthan Royals,STR Binny,7,7,0,0
501241,Mumbai Indians,A Symonds,3,3,0,0
501241,Mumbai Indians,AC Blizzard,6,6,1,0
501241,Mumbai Indians,AT Rayudu,27,28,2,0
501241,Mumbai Indians,Harbhajan Singh,9,3,0,1
501241,Mumbai Indians,KA Pollard,28,20,2,2
501241,Mumbai Indians,RG Sharma,12,20,0,0
501241,Mumbai Indians,SR Tendulkar,24,24,5,0
501241,Mumbai Indians,TL Suman,36,16,3,3
501241,Pune Warriors,AA Jhunjhunwala,10,15,2,0
501241,Pune Warriors,GC Smith,6,12,1,0
501241,Pune Warriors,JD Ryder,0,1,0,0
501241,Pune Warriors,M Manhas,0,1,0,0
501241,Pune Warriors,MK Pandey,59,47,4,3
501241,Pune Warriors,R Sharma,0,1,0,0
501241,Pune Warriors,RV Uthappa,34,26,0,2
501241,Pune Warriors,SB Wagh,0,1,0,0
501241,Pune Warriors,Yuvraj Singh,20,16,1,2
501242,Kochi Tuskers Kerala,BB McCullum,1,8,0,0
501242,Kochi Tuskers Kerala,BJ Hodge,35,18,3,2
501242,Kochi Tuskers Kerala,DPMD Jayawardene,55,41,2,2
501242,Kochi Tuskers Kerala,M Klinger,29,25,3,0
501242,Kochi Tuskers Kerala,PA Patel,21,16,4,0
501242,Kochi Tuskers Kerala,RA Jadeja,8,11,1,0
501242,Kochi Tuskers Kerala,RV Gomez,1,1,0,0
501242,Kolkata Knight Riders,B Lee,1,2,0,0
501242,Kolkata Knight Riders,EJG Morgan,66,51,8,2
501242,Kolkata Knight Riders,G Gambhir,0,1,0,0
501242,Kolkata Knight Riders,JH Kallis,45,41,5,0
501242,Kolkata Knight Riders,MK Tiwary,1,7,0,0
501242,Kolkata Knight Riders,MV Boucher,5,4,0,0
501242,Kolkata Knight Riders,R Bhatia,1,1,0,0
501242,Kolkata Knight Riders,YK Pathan,17,13,2,0
501243,Deccan Chargers,B Chipli,1,2,0,0
501243,Deccan Chargers,DB Ravi Teja,2,9,0,0
501243,Deccan Chargers,DT Christian,27,21,2,0
501243,Deccan Chargers,I Malhotra,7,4,1,0
501243,Deccan Chargers,JP Duminy,55,30,2,4
501243,Deccan Chargers,KC Sangakkara,44,36,8,0
501243,Deccan Chargers,S Dhawan,29,18,5,0
501243,Delhi Daredevils,AJ Finch,0,2,0,0
501243,Delhi Daredevils,IK Pathan,12,15,1,0
501243,Delhi Daredevils,JR Hopes,17,10,2,0
501243,Delhi Daredevils,NV Ojha,7,10,1,0
501243,Delhi Daredevils,TR Birt,4,8,0,0
501243,Delhi Daredevils,V Sehwag,119,55,13,6
501243,Delhi Daredevils,Y Nagar,7,3,0,1
501243,Delhi Daredevils,Y Venugopal Rao,3,11,0,0
501244,Kings XI Punjab,AC Gilchrist,0,1,0,0
501244,Kings XI Punjab,AM Nayar,1,4,0,0
501244,Kings XI Punjab,KD Karthik,20,15,3,0
501244,Kings XI Punjab,L Ablish,0,2,0,0
501244,Kings XI Punjab,P Kumar,15,7,2,1
501244,Kings XI Punjab,PC Valthaty,21,16,4,0
501244,Kings XI Punjab,PP Chawla,5,6,0,0
501244,Kings XI Punjab,R McLaren,28,32,1,0
501244,Kings XI Punjab,RJ Harris,17,24,1,0
501244,Kings XI Punjab,SE Marsh,4,8,0,0
501244,Kings XI Punjab,Sunny Singh,4,5,0,0
501244,Royal Challengers Bangalore,A Mithun,6,3,1,0
501244,Royal Challengers Bangalore,AB de Villiers,27,14,2,2
501244,Royal Challengers Bangalore,AUK Pathan,0,1,0,0
501244,Royal Challengers Bangalore,CH Gayle,107,49,10,9
501244,Royal Challengers Bangalore,M Kaif,3,4,0,0
501244,Royal Challengers Bangalore,SS Tiwary,13,9,2,0
501244,Royal Challengers Bangalore,TM Dilshan,16,9,4,0
501244,Royal Challengers Bangalore,V Kohli,27,31,4,0
501245,Chennai Super Kings,JA Morkel,30,30,3,0
501245,Chennai Super Kings,M Vijay,5,14,0,0
501245,Chennai Super Kings,MEK Hussey,15,26,0,0
501245,Chennai Super Kings,S Badrinath,54,41,3,2
501245,Chennai Super Kings,SK Raina,4,9,0,0
501245,Kolkata Knight Riders,EJG Morgan,5,6,1,0
501245,Kolkata Knight Riders,G Gambhir,16,19,2,0
501245,Kolkata Knight Riders,JH Kallis,21,23,2,0
501245,Kolkata Knight Riders,MK Tiwary,15,12,2,0
501246,Delhi Daredevils,AB Agarkar,7,5,1,0
501246,Delhi Daredevils,CA Ingram,1,2,0,0
501246,Delhi Daredevils,DA Warner,1,2,0,0
501246,Delhi Daredevils,IK Pathan,23,18,4,0
501246,Delhi Daredevils,JR Hopes,55,44,10,0
501246,Delhi Daredevils,M Morkel,10,8,1,0
501246,Delhi Daredevils,NV Ojha,1,7,0,0
501246,Delhi Daredevils,S Nadeem,0,1,0,0
501246,Delhi Daredevils,V Sehwag,2,4,0,0
501246,Delhi Daredevils,Y Nagar,0,1,0,0
501246,Delhi Daredevils,Y Venugopal Rao,37,27,4,1
501246,Mumbai Indians,A Symonds,4,4,0,0
501246,Mumbai Indians,AC Blizzard,37,23,8,0
501246,Mumbai Indians,AT Rayudu,59,39,7,2
501246,Mumbai Indians,KA Pollard,9,8,1,0
501246,Mumbai Indians,RG Sharma,49,32,2,3
501246,Mumbai Indians,SR Tendulkar,14,14,3,0
501247,Kochi Tuskers Kerala,BB McCullum,22,16,3,0
501247,Kochi Tuskers Kerala,BJ Hodge,5,12,0,0
501247,Kochi Tuskers Kerala,DPMD Jayawardene,3,7,0,0
501247,Kochi Tuskers Kerala,M Klinger,24,25,3,0
501247,Kochi Tuskers Kerala,P Parameswaran,1,1,0,0
501247,Kochi Tuskers Kerala,PA Patel,19,13,3,0
501247,Kochi Tuskers Kerala,R Vinay Kumar,3,3,0,0
501247,Kochi Tuskers Kerala,RA Jadeja,23,22,2,0
501247,Kochi Tuskers Kerala,RR Powar,8,6,0,0
501247,Kochi Tuskers Kerala,RV Gomez,7,15,1,0
501247,Royal Challengers Bangalore,CH Gayle,44,15,3,5
501247,Royal Challengers Bangalore,TM Dilshan,52,31,8,1
501247,Royal Challengers Bangalore,V Kohli,27,33,3,0
501248,Kings XI Punjab,AC Gilchrist,3,8,0,0
501248,Kings XI Punjab,DJ Hussey,4,5,0,0
501248,Kings XI Punjab,KD Karthik,30,27,3,0
501248,Kings XI Punjab,Mandeep Singh,6,11,0,0
501248,Kings XI Punjab,P Kumar,3,5,0,0
501248,Kings XI Punjab,PC Valthaty,23,22,4,0
501248,Kings XI Punjab,RJ Harris,4,4,1,0
501248,Kings XI Punjab,SD Chitnis,9,9,1,0
501248,Kings XI Punjab,SE Marsh,32,28,3,1
501248,Kings XI Punjab,SJ Srivastava,1,1,0,0
501248,Pune Warriors,AA Jhunjhunwala,0,2,0,0
501248,Pune Warriors,CJ Ferguson,6,14,0,0
501248,Pune Warriors,JD Ryder,15,18,3,0
501248,Pune Warriors,MK Pandey,28,30,3,0
501248,Pune Warriors,MR Marsh,2,6,0,0
501248,Pune Warriors,RV Uthappa,22,18,3,0
501248,Pune Warriors,Yuvraj Singh,35,15,5,2
501249,Chennai Super Kings,JA Morkel,5,4,0,0
501249,Chennai Super Kings,M Vijay,53,40,2,3
501249,Chennai Super Kings,MEK Hussey,46,30,8,0
501249,Chennai Super Kings,MS Dhoni,41,19,3,3
501249,Chennai Super Kings,SK Raina,43,27,6,0
501249,Rajasthan Royals,A Singh,1,2,0,0
501249,Rajasthan Royals,AL Menaria,2,5,0,0
501249,Rajasthan Royals,AM Rahane,52,36,7,0
501249,Rajasthan Royals,AS Raut,19,14,1,1
501249,Rajasthan Royals,DH Yagnik,3,7,0,0
501249,Rajasthan Royals,J Botha,14,17,0,0
501249,Rajasthan Royals,LRPL Taylor,6,8,0,0
501249,Rajasthan Royals,R Dravid,20,16,2,0
501249,Rajasthan Royals,SK Warne,0,2,0,0
501249,Rajasthan Royals,SR Watson,11,10,1,0
501250,Deccan Chargers,A Mishra,0,1,0,0
501250,Deccan Chargers,B Chipli,18,14,2,0
501250,Deccan Chargers,DB Ravi Teja,30,27,4,0
501250,Deccan Chargers,DT Christian,10,11,1,0
501250,Deccan Chargers,DW Steyn,11,6,1,0
501250,Deccan Chargers,JP Duminy,30,30,1,0
501250,Deccan Chargers,KC Sangakkara,12,13,1,0
501250,Deccan Chargers,S Dhawan,24,17,1,2
501250,Deccan Chargers,S Sohal,0,1,0,0
501250,Pune Warriors,CJ Ferguson,15,8,3,0
501250,Pune Warriors,JD Ryder,35,20,5,2
501250,Pune Warriors,MK Pandey,49,42,6,2
501250,Pune Warriors,RV Uthappa,1,3,0,0
501250,Pune Warriors,SC Ganguly,32,31,3,1
501250,Pune Warriors,Yuvraj Singh,2,6,0,0
501251,Kings XI Punjab,AC Gilchrist,28,28,2,1
501251,Kings XI Punjab,Bipul Sharma,6,4,0,0
501251,Kings XI Punjab,DJ Hussey,0,3,0,0
501251,Kings XI Punjab,KD Karthik,31,24,4,1
501251,Kings XI Punjab,Mandeep Singh,8,5,0,1
501251,Kings XI Punjab,P Kumar,2,2,0,0
501251,Kings XI Punjab,PC Valthaty,14,14,3,0
501251,Kings XI Punjab,RJ Harris,6,4,1,0
501251,Kings XI Punjab,SE Marsh,43,34,5,0
501251,Kings XI Punjab,SJ Srivastava,3,2,0,0
501251,Mumbai Indians,A Symonds,8,6,1,0
501251,Mumbai Indians,AC Blizzard,15,10,3,0
501251,Mumbai Indians,AT Rayudu,13,19,2,0
501251,Mumbai Indians,DS Kulkarni,2,4,0,0
501251,Mumbai Indians,Harbhajan Singh,12,7,1,1
501251,Mumbai Indians,KA Pollard,17,11,1,1
501251,Mumbai Indians,MM Patel,0,1,0,0
501251,Mumbai Indians,RG Sharma,5,5,1,0
501251,Mumbai Indians,SR Tendulkar,6,9,1,0
501251,Mumbai Indians,TL Suman,4,5,0,0
501252,Rajasthan Royals,AL Menaria,8,6,1,0
501252,Rajasthan Royals,AM Rahane,17,10,1,1
501252,Rajasthan Royals,AS Raut,5,8,0,0
501252,Rajasthan Royals,DH Yagnik,2,4,0,0
501252,Rajasthan Royals,J Botha,19,20,1,0
501252,Rajasthan Royals,LRPL Taylor,13,13,0,0
501252,Rajasthan Royals,R Dravid,37,30,6,0
501252,Rajasthan Royals,SR Watson,34,29,3,2
501252,Royal Challengers Bangalore,CH Gayle,70,44,7,4
501252,Royal Challengers Bangalore,TM Dilshan,38,24,8,0
501252,Royal Challengers Bangalore,V Kohli,39,34,3,1
501253,Chennai Super Kings,M Vijay,35,33,2,2
501253,Chennai Super Kings,MEK Hussey,5,4,1,0
501253,Chennai Super Kings,MS Dhoni,63,31,5,4
501253,Chennai Super Kings,S Badrinath,55,42,6,1
501253,Chennai Super Kings,SK Raina,14,10,1,1
501253,Delhi Daredevils,AB McDonald,8,7,0,0
501253,Delhi Daredevils,CA Ingram,7,12,1,0
501253,Delhi Daredevils,DA Warner,21,25,2,0
501253,Delhi Daredevils,IK Pathan,44,34,3,2
501253,Delhi Daredevils,JR Hopes,8,6,0,0
501253,Delhi Daredevils,NV Ojha,25,14,3,2
501253,Delhi Daredevils,Y Nagar,1,2,0,0
501253,Delhi Daredevils,Y Venugopal Rao,30,20,2,2
501254,Kings XI Punjab,AC Gilchrist,9,15,1,0
501254,Kings XI Punjab,DJ Hussey,21,15,2,1
501254,Kings XI Punjab,KD Karthik,69,33,7,5
501254,Kings XI Punjab,Mandeep Singh,15,10,1,0
501254,Kings XI Punjab,PC Valthaty,17,10,1,2
501254,Kings XI Punjab,SE Marsh,42,30,5,2
501254,Kochi Tuskers Kerala,BB McCullum,32,27,2,2
501254,Kochi Tuskers Kerala,BJ Hodge,4,6,0,0
501254,Kochi Tuskers Kerala,DPMD Jayawardene,76,52,8,2
501254,Kochi Tuskers Kerala,OA Shah,23,12,1,2
501254,Kochi Tuskers Kerala,PA Patel,0,1,0,0
501254,Kochi Tuskers Kerala,R Vinay Kumar,1,1,0,0
501254,Kochi Tuskers Kerala,RA Jadeja,17,18,1,1
501254,Kochi Tuskers Kerala,RV Gomez,2,3,0,0
501255,Kolkata Knight Riders,EJG Morgan,2,5,0,0
501255,Kolkata Knight Riders,G Gambhir,7,9,1,0
501255,Kolkata Knight Riders,JH Kallis,17,14,3,0
501255,Kolkata Knight Riders,MK Tiwary,19,24,1,0
501255,Kolkata Knight Riders,MV Boucher,1,2,0,0
501255,Kolkata Knight Riders,YK Pathan,36,24,2,3
501255,Royal Challengers Bangalore,AB de Villiers,13,13,2,0
501255,Royal Challengers Bangalore,CH Gayle,38,12,6,2
501255,Royal Challengers Bangalore,KB Arun Karthik,1,2,0,0
501255,Royal Challengers Bangalore,LA Pomersbach,16,14,2,0
501255,Royal Challengers Bangalore,M Kaif,15,13,1,0
501255,Royal Challengers Bangalore,SS Tiwary,1,5,0,0
501255,Royal Challengers Bangalore,V Kohli,15,15,2,0
501256,Deccan Chargers,A Mishra,18,6,4,0
501256,Deccan Chargers,B Chipli,10,11,1,0
501256,Deccan Chargers,DT Christian,18,23,0,0
501256,Deccan Chargers,JP Duminy,8,10,1,0
501256,Deccan Chargers,KC Sangakkara,27,28,1,1
501256,Deccan Chargers,MJ Lumb,0,2,0,0
501256,Deccan Chargers,S Dhawan,27,18,2,1
501256,Deccan Chargers,S Sohal,20,22,0,2
501256,Mumbai Indians,A Symonds,8,19,0,0
501256,Mumbai Indians,AC Blizzard,1,7,0,0
501256,Mumbai Indians,AT Rayudu,2,8,0,0
501256,Mumbai Indians,Harbhajan Singh,17,12,1,1
501256,Mumbai Indians,KA Pollard,24,13,3,1
501256,Mumbai Indians,RG Sharma,4,6,1,0
501256,Mumbai Indians,SR Tendulkar,37,42,3,0
501256,Mumbai Indians,TL Suman,14,13,0,2
501257,Delhi Daredevils,DA Warner,29,29,4,1
501257,Delhi Daredevils,IK Pathan,3,7,0,0
501257,Delhi Daredevils,JR Hopes,7,7,1,0
501257,Delhi Daredevils,M Morkel,16,6,1,1
501257,Delhi Daredevils,NV Ojha,28,28,2,2
501257,Delhi Daredevils,S Sriram,4,7,0,0
501257,Delhi Daredevils,TR Birt,16,11,2,1
501257,Delhi Daredevils,VR Aaron,0,5,0,0
501257,Delhi Daredevils,Y Nagar,10,7,2,0
501257,Delhi Daredevils,Y Venugopal Rao,16,13,1,1
501257,Kings XI Punjab,AC Gilchrist,9,9,2,0
501257,Kings XI Punjab,DJ Hussey,3,4,0,0
501257,Kings XI Punjab,KD Karthik,27,19,4,0
501257,Kings XI Punjab,Mandeep Singh,11,7,2,0
501257,Kings XI Punjab,PC Valthaty,62,50,7,3
501257,Kings XI Punjab,PP Chawla,1,1,0,0
501257,Kings XI Punjab,RJ Harris,2,2,0,0
501257,Kings XI Punjab,SE Marsh,46,28,5,3
501258,Kochi Tuskers Kerala,BB McCullum,29,10,1,4
501258,Kochi Tuskers Kerala,BJ Hodge,33,17,5,2
501258,Kochi Tuskers Kerala,DPMD Jayawardene,6,3,1,0
501258,Kochi Tuskers Kerala,PA Patel,21,14,2,1
501258,Rajasthan Royals,AA Chavan,1,3,0,0
501258,Rajasthan Royals,AL Menaria,31,28,3,1
501258,Rajasthan Royals,AM Rahane,8,9,1,0
501258,Rajasthan Royals,FY Fazal,16,15,3,0
501258,Rajasthan Royals,JDP Oram,0,3,0,0
501258,Rajasthan Royals,ND Doshi,0,13,0,0
501258,Rajasthan Royals,PR Shah,5,5,1,0
501258,Rajasthan Royals,R Dravid,1,4,0,0
501258,Rajasthan Royals,SK Warne,2,9,0,0
501258,Rajasthan Royals,SR Watson,20,13,0,3
501258,Rajasthan Royals,SW Tait,10,9,1,0
501259,Deccan Chargers,B Chipli,5,4,1,0
501259,Deccan Chargers,DT Christian,14,12,1,0
501259,Deccan Chargers,JP Duminy,23,26,0,1
501259,Deccan Chargers,KC Sangakkara,25,21,2,1
501259,Deccan Chargers,S Dhawan,28,25,4,0
501259,Deccan Chargers,S Sohal,34,28,2,2
501259,Pune Warriors,B Kumar,1,1,0,0
501259,Pune Warriors,CJ Ferguson,11,13,1,0
501259,Pune Warriors,JD Ryder,18,14,1,1
501259,Pune Warriors,M Manhas,0,1,0,0
501259,Pune Warriors,MK Pandey,23,20,3,1
501259,Pune Warriors,MR Marsh,37,28,1,3
501259,Pune Warriors,RV Uthappa,4,5,1,0
501259,Pune Warriors,SC Ganguly,0,5,0,0
501259,Pune Warriors,WD Parnell,16,16,0,1
501259,Pune Warriors,Yuvraj Singh,23,17,3,1
501260,Kings XI Punjab,AC Gilchrist,106,53,8,9
501260,Kings XI Punjab,DJ Hussey,0,1,0,0
501260,Kings XI Punjab,PC Valthaty,20,17,2,1
501260,Kings XI Punjab,SE Marsh,79,49,7,5
501260,Royal Challengers Bangalore,A Mithun,10,7,0,1
501260,Royal Challengers Bangalore,AB de Villiers,34,27,3,1
501260,Royal Challengers Bangalore,AUK Pathan,7,4,0,1
501260,Royal Challengers Bangalore,CH Gayle,0,7,0,0
501260,Royal Challengers Bangalore,CK Langeveldt,8,8,0,1
501260,Royal Challengers Bangalore,JJ van der Wath,4,5,0,0
501260,Royal Challengers Bangalore,KB Arun Karthik,6,6,1,0
501260,Royal Challengers Bangalore,M Kaif,15,11,3,0
501260,Royal Challengers Bangalore,S Aravind,11,5,2,0
501260,Royal Challengers Bangalore,SS Tiwary,6,11,1,0
501260,Royal Challengers Bangalore,V Kohli,11,11,2,0
501261,Chennai Super Kings,JA Morkel,13,10,2,0
501261,Chennai Super Kings,M Vijay,16,11,3,0
501261,Chennai Super Kings,MEK Hussey,32,37,2,0
501261,Chennai Super Kings,MS Dhoni,9,6,1,0
501261,Chennai Super Kings,S Badrinath,13,10,0,1
501261,Chennai Super Kings,SK Raina,19,13,1,2
501261,Chennai Super Kings,WP Saha,46,33,1,3
501261,Kochi Tuskers Kerala,BB McCullum,33,37,3,0
501261,Kochi Tuskers Kerala,BJ Hodge,51,42,3,2
501261,Kochi Tuskers Kerala,KM Jadhav,1,1,0,0
501261,Kochi Tuskers Kerala,OA Shah,3,3,0,0
501261,Kochi Tuskers Kerala,PA Patel,6,7,0,0
501261,Kochi Tuskers Kerala,RA Jadeja,19,13,1,1
501261,Kochi Tuskers Kerala,Y Gnaneswara Rao,19,17,3,0
501262,Kolkata Knight Riders,G Gambhir,54,46,7,0
501262,Kolkata Knight Riders,MK Tiwary,24,24,1,1
501262,Kolkata Knight Riders,R Bhatia,1,3,0,0
501262,Kolkata Knight Riders,SP Goswami,6,3,1,0
501262,Kolkata Knight Riders,YK Pathan,29,24,3,1
501262,Pune Warriors,CJ Ferguson,16,19,2,0
501262,Pune Warriors,JD Ryder,1,6,0,0
501262,Pune Warriors,MK Pandey,16,12,3,0
501262,Pune Warriors,RV Uthappa,12,19,1,0
501262,Pune Warriors,S Rana,18,15,2,0
501262,Pune Warriors,SC Ganguly,18,22,0,1
501262,Pune Warriors,WD Parnell,1,1,0,0
501262,Pune Warriors,Yuvraj Singh,24,26,2,0
501263,Mumbai Indians,AT Rayudu,2,8,0,0
501263,Mumbai Indians,Harbhajan Singh,1,1,0,0
501263,Mumbai Indians,JEC Franklin,11,5,2,0
501263,Mumbai Indians,KA Pollard,20,18,2,0
501263,Mumbai Indians,RG Sharma,58,47,5,1
501263,Mumbai Indians,SR Tendulkar,31,35,3,0
501263,Mumbai Indians,TL Suman,5,6,1,0
501263,Rajasthan Royals,R Dravid,43,32,6,0
501263,Rajasthan Royals,SR Watson,89,47,9,6
501264,Deccan Chargers,CL White,15,12,0,0
501264,Deccan Chargers,DB Ravi Teja,60,41,5,2
501264,Deccan Chargers,JP Duminy,12,10,0,1
501264,Deccan Chargers,S Dhawan,95,57,14,1
501264,Kings XI Punjab,AC Gilchrist,51,37,6,2
501264,Kings XI Punjab,AM Nayar,3,7,0,0
501264,Kings XI Punjab,BA Bhatt,0,5,0,0
501264,Kings XI Punjab,KD Karthik,11,14,1,0
501264,Kings XI Punjab,Mandeep Singh,7,8,1,0
501264,Kings XI Punjab,P Kumar,0,7,0,0
501264,Kings XI Punjab,PC Valthaty,5,6,1,0
501264,Kings XI Punjab,PP Chawla,13,7,0,2
501264,Kings XI Punjab,R McLaren,9,14,0,0
501264,Kings XI Punjab,RJ Harris,0,1,0,0
501264,Kings XI Punjab,SE Marsh,13,8,3,0
501265,Delhi Daredevils,CA Ingram,13,11,1,0
501265,Delhi Daredevils,DA Warner,19,10,1,2
501265,Delhi Daredevils,MS Wade,11,20,0,0
501265,Delhi Daredevils,NV Ojha,8,19,1,0
501265,Delhi Daredevils,Y Venugopal Rao,0,1,0,0
501266,Chennai Super Kings,DJ Bravo,5,5,1,0
501266,Chennai Super Kings,JA Morkel,5,9,0,0
501266,Chennai Super Kings,M Vijay,6,9,1,0
501266,Chennai Super Kings,MEK Hussey,4,7,0,0
501266,Chennai Super Kings,MS Dhoni,70,40,3,6
501266,Chennai Super Kings,R Ashwin,2,4,0,0
501266,Chennai Super Kings,S Badrinath,0,10,0,0
501266,Chennai Super Kings,SK Raina,4,6,1,0
501266,Chennai Super Kings,WP Saha,22,30,1,1
501266,Royal Challengers Bangalore,AB de Villiers,0,3,0,0
501266,Royal Challengers Bangalore,CH Gayle,75,50,4,6
501266,Royal Challengers Bangalore,SS Tiwary,13,26,1,0
501266,Royal Challengers Bangalore,V Kohli,31,29,5,0
501267,Kolkata Knight Riders,G Gambhir,8,7,0,1
501267,Kolkata Knight Riders,JH Kallis,59,42,4,3
501267,Kolkata Knight Riders,MK Tiwary,35,22,5,1
501267,Kolkata Knight Riders,R Bhatia,11,6,2,0
501267,Kolkata Knight Riders,RN ten Doeschate,18,12,1,1
501267,Kolkata Knight Riders,SP Goswami,1,3,0,0
501267,Kolkata Knight Riders,Shakib Al Hasan,1,1,0,0
501267,Kolkata Knight Riders,YK Pathan,36,27,4,1
501267,Mumbai Indians,AT Rayudu,17,6,0,2
501267,Mumbai Indians,Harbhajan Singh,30,29,5,0
501267,Mumbai Indians,JEC Franklin,45,23,5,1
501267,Mumbai Indians,KA Pollard,18,22,2,0
501267,Mumbai Indians,RG Sharma,10,9,1,0
501267,Mumbai Indians,SR Tendulkar,38,27,6,0
501267,Mumbai Indians,TL Suman,4,4,1,0
501268,Chennai Super Kings,JA Morkel,28,10,1,3
501268,Chennai Super Kings,M Vijay,5,5,1,0
501268,Chennai Super Kings,MEK Hussey,0,4,0,0
501268,Chennai Super Kings,MS Dhoni,29,19,3,1
501268,Chennai Super Kings,S Badrinath,34,32,5,0
501268,Chennai Super Kings,SK Raina,73,48,4,6
501268,Royal Challengers Bangalore,AB de Villiers,11,10,0,1
501268,Royal Challengers Bangalore,CH Gayle,8,9,0,1
501268,Royal Challengers Bangalore,LA Pomersbach,29,18,2,2
501268,Royal Challengers Bangalore,MA Agarwal,34,33,5,0
501268,Royal Challengers Bangalore,SS Tiwary,9,6,1,0
501268,Royal Challengers Bangalore,V Kohli,70,44,5,3
501269,Kolkata Knight Riders,B Lee,2,3,0,0
501269,Kolkata Knight Riders,G Gambhir,4,8,1,0
501269,Kolkata Knight Riders,JH Kallis,7,7,1,0
501269,Kolkata Knight Riders,MK Tiwary,4,7,0,0
501269,Kolkata Knight Riders,R Bhatia,2,3,0,0
501269,Kolkata Knight Riders,RN ten Doeschate,70,49,6,3
501269,Kolkata Knight Riders,SP Goswami,0,3,0,0
501269,Kolkata Knight Riders,Shakib Al Hasan,26,16,4,0
501269,Kolkata Knight Riders,YK Pathan,26,24,3,0
501269,Mumbai Indians,AC Blizzard,51,30,7,2
501269,Mumbai Indians,AT Rayudu,12,16,2,0
501269,Mumbai Indians,Harbhajan Singh,11,5,1,1
501269,Mumbai Indians,JEC Franklin,29,25,2,0
501269,Mumbai Indians,KA Pollard,3,5,0,0
501269,Mumbai Indians,SR Tendulkar,36,28,6,0
501269,Mumbai Indians,TL Suman,2,7,0,0
501270,Mumbai Indians,AC Blizzard,10,11,2,0
501270,Mumbai Indians,AN Ahmed,18,13,1,1
501270,Mumbai Indians,AT Rayudu,0,1,0,0
501270,Mumbai Indians,Harbhajan Singh,13,7,1,1
501270,Mumbai Indians,JEC Franklin,16,17,0,1
501270,Mumbai Indians,KA Pollard,3,6,0,0
501270,Mumbai Indians,R Sathish,18,21,1,0
501270,Mumbai Indians,RG Sharma,13,15,1,0
501270,Mumbai Indians,SL Malinga,7,5,0,1
501270,Mumbai Indians,SR Tendulkar,40,24,7,0
501270,Royal Challengers Bangalore,AB de Villiers,21,14,0,1
501270,Royal Challengers Bangalore,CH Gayle,89,47,9,5
501270,Royal Challengers Bangalore,LA Pomersbach,4,4,0,0
501270,Royal Challengers Bangalore,MA Agarwal,41,31,4,2
501270,Royal Challengers Bangalore,SS Tiwary,8,12,0,0
501270,Royal Challengers Bangalore,V Kohli,8,12,0,0
501271,Chennai Super Kings,DJ Bravo,6,1,0,1
501271,Chennai Super Kings,JA Morkel,2,4,0,0
501271,Chennai Super Kings,M Vijay,95,52,4,6
501271,Chennai Super Kings,MEK Hussey,63,45,3,3
501271,Chennai Super Kings,MS Dhoni,22,13,0,2
501271,Chennai Super Kings,SK Raina,8,5,0,1
501271,Royal Challengers Bangalore,A Mithun,11,8,2,0
501271,Royal Challengers Bangalore,AB de Villiers,18,12,3,0
501271,Royal Challengers Bangalore,CH Gayle,0,3,0,0
501271,Royal Challengers Bangalore,DL Vettori,0,1,0,0
501271,Royal Challengers Bangalore,J Syed Mohammad,2,2,0,0
501271,Royal Challengers Bangalore,LA Pomersbach,2,3,0,0
501271,Royal Challengers Bangalore,MA Agarwal,10,5,2,0
501271,Royal Challengers Bangalore,SS Tiwary,42,33,1,3
501271,Royal Challengers Bangalore,V Kohli,35,32,1,1
501271,Royal Challengers Bangalore,Z Khan,21,21,2,0
548306,Chennai Super Kings,DE Bollinger,3,5,0,0
548306,Chennai Super Kings,DJ Bravo,19,19,3,0
548306,Chennai Super Kings,F du Plessis,3,2,0,0
548306,Chennai Super Kings,JA Morkel,3,8,0,0
548306,Chennai Super Kings,M Vijay,10,17,1,0
548306,Chennai Super Kings,MS Dhoni,4,6,0,0
548306,Chennai Super Kings,R Ashwin,3,5,0,0
548306,Chennai Super Kings,RA Jadeja,3,5,0,0
548306,Chennai Super Kings,S Badrinath,10,16,0,0
548306,Chennai Super Kings,SB Jakati,6,10,0,0
548306,Chennai Super Kings,SK Raina,36,26,2,1
548306,Mumbai Indians,AT Rayudu,18,18,0,1
548306,Mumbai Indians,JEC Franklin,25,30,2,0
548306,Mumbai Indians,RE Levi,50,35,6,3
548306,Mumbai Indians,RG Sharma,0,3,0,0
548306,Mumbai Indians,SR Tendulkar,16,15,1,1
548307,Delhi Daredevils,AJ Finch,30,27,5,0
548307,Delhi Daredevils,GJ Maxwell,3,7,0,0
548307,Delhi Daredevils,IK Pathan,42,20,2,3
548307,Delhi Daredevils,V Sehwag,20,13,1,1
548307,Kolkata Knight Riders,B Lee,9,5,0,1
548307,Kolkata Knight Riders,BB McCullum,9,7,2,0
548307,Kolkata Knight Riders,DB Das,18,9,0,2
548307,Kolkata Knight Riders,G Gambhir,16,15,2,0
548307,Kolkata Knight Riders,Iqbal Abdulla,1,1,0,0
548307,Kolkata Knight Riders,JH Kallis,4,4,1,0
548307,Kolkata Knight Riders,LR Shukla,26,17,1,2
548307,Kolkata Knight Riders,MK Tiwary,0,1,0,0
548307,Kolkata Knight Riders,R Bhatia,7,9,0,0
548307,Kolkata Knight Riders,YK Pathan,0,4,0,0
548308,Mumbai Indians,AT Rayudu,1,2,0,0
548308,Mumbai Indians,Harbhajan Singh,16,15,2,0
548308,Mumbai Indians,JEC Franklin,32,42,1,1
548308,Mumbai Indians,KA Pollard,8,11,0,0
548308,Mumbai Indians,KD Karthik,32,32,4,1
548308,Mumbai Indians,MM Patel,1,2,0,0
548308,Mumbai Indians,PP Ojha,0,1,0,0
548308,Mumbai Indians,RE Levi,0,2,0,0
548308,Mumbai Indians,RG Sharma,1,6,0,0
548308,Mumbai Indians,SA Yadav,0,4,0,0
548308,Mumbai Indians,SL Malinga,5,3,1,0
548308,Pune Warriors,B Kumar,2,4,0,0
548308,Pune Warriors,CJ Ferguson,12,13,1,0
548308,Pune Warriors,M Kartik,14,9,1,1
548308,Pune Warriors,MK Pandey,0,5,0,0
548308,Pune Warriors,MN Samuels,4,4,0,0
548308,Pune Warriors,RV Uthappa,36,33,3,0
548308,Pune Warriors,SC Ganguly,3,6,0,0
548308,Pune Warriors,SPD Smith,39,32,4,0
548308,Pune Warriors,WD Parnell,11,14,2,0
548309,Kings XI Punjab,AC Gilchrist,27,17,3,1
548309,Kings XI Punjab,AM Nayar,10,10,0,1
548309,Kings XI Punjab,Bipul Sharma,18,13,2,0
548309,Kings XI Punjab,DJ Hussey,13,10,1,0
548309,Kings XI Punjab,Harmeet Singh,1,1,0,0
548309,Kings XI Punjab,JP Faulkner,11,9,0,0
548309,Kings XI Punjab,Mandeep Singh,34,25,5,0
548309,Kings XI Punjab,P Kumar,10,6,0,1
548309,Kings XI Punjab,PC Valthaty,13,15,2,0
548309,Kings XI Punjab,PP Chawla,10,8,0,1
548309,Kings XI Punjab,SE Marsh,7,6,1,0
548309,Rajasthan Royals,AL Menaria,0,3,0,0
548309,Rajasthan Royals,AM Rahane,98,66,16,1
548309,Rajasthan Royals,BJ Hodge,21,16,1,1
548309,Rajasthan Royals,KK Cooper,11,3,1,1
548309,Rajasthan Royals,OA Shah,14,8,2,0
548309,Rajasthan Royals,R Dravid,28,24,3,0
548310,Delhi Daredevils,AJ Finch,25,24,3,0
548310,Delhi Daredevils,DAJ Bracewell,12,9,1,0
548310,Delhi Daredevils,GJ Maxwell,3,4,0,0
548310,Delhi Daredevils,IK Pathan,24,15,2,1
548310,Delhi Daredevils,M Morkel,2,3,0,0
548310,Delhi Daredevils,NV Ojha,33,26,4,1
548310,Delhi Daredevils,V Sehwag,0,1,0,0
548310,Delhi Daredevils,Y Nagar,16,15,2,0
548310,Delhi Daredevils,Y Venugopal Rao,18,23,1,0
548310,Royal Challengers Bangalore,AB McDonald,30,19,4,2
548310,Royal Challengers Bangalore,AB de Villiers,64,42,6,2
548310,Royal Challengers Bangalore,CA Pujara,11,12,1,0
548310,Royal Challengers Bangalore,DL Vettori,3,4,0,0
548310,Royal Challengers Bangalore,HV Patel,0,1,0,0
548310,Royal Challengers Bangalore,MA Agarwal,16,15,1,1
548310,Royal Challengers Bangalore,R Vinay Kumar,18,16,1,0
548310,Royal Challengers Bangalore,SS Tiwary,1,3,0,0
548310,Royal Challengers Bangalore,V Kohli,8,8,1,0
548311,Chennai Super Kings,DJ Bravo,43,17,0,5
548311,Chennai Super Kings,F du Plessis,39,25,1,4
548311,Chennai Super Kings,JA Morkel,2,3,0,0
548311,Chennai Super Kings,M Vijay,2,5,0,0
548311,Chennai Super Kings,MS Dhoni,7,9,0,0
548311,Chennai Super Kings,RA Jadeja,48,29,3,3
548311,Chennai Super Kings,S Badrinath,25,20,3,0
548311,Chennai Super Kings,SK Raina,16,12,3,0
548311,Deccan Chargers,Ankit Sharma,15,8,0,2
548311,Deccan Chargers,B Chipli,10,9,0,1
548311,Deccan Chargers,CL White,23,16,2,1
548311,Deccan Chargers,DB Ravi Teja,0,2,0,0
548311,Deccan Chargers,DJ Harris,15,14,3,0
548311,Deccan Chargers,DT Christian,2,3,0,0
548311,Deccan Chargers,DW Steyn,5,8,0,0
548311,Deccan Chargers,MS Gony,4,8,0,0
548311,Deccan Chargers,PA Patel,20,17,3,0
548311,Deccan Chargers,S Dhawan,21,18,3,0
548312,Kolkata Knight Riders,B Lee,25,11,2,2
548312,Kolkata Knight Riders,BB McCullum,2,4,0,0
548312,Kolkata Knight Riders,DB Das,12,14,0,1
548312,Kolkata Knight Riders,G Gambhir,0,1,0,0
548312,Kolkata Knight Riders,Iqbal Abdulla,1,2,0,0
548312,Kolkata Knight Riders,JH Kallis,5,8,0,0
548312,Kolkata Knight Riders,LR Shukla,8,8,0,1
548312,Kolkata Knight Riders,MK Tiwary,59,49,7,0
548312,Kolkata Knight Riders,R Bhatia,8,8,1,0
548312,Kolkata Knight Riders,SP Narine,0,1,0,0
548312,Kolkata Knight Riders,YK Pathan,15,14,0,1
548312,Rajasthan Royals,AL Menaria,40,30,4,1
548312,Rajasthan Royals,AM Rahane,0,4,0,0
548312,Rajasthan Royals,BJ Hodge,44,29,3,2
548312,Rajasthan Royals,KK Cooper,5,4,0,0
548312,Rajasthan Royals,OA Shah,23,11,2,1
548312,Rajasthan Royals,R Dravid,26,24,2,2
548312,Rajasthan Royals,SP Goswami,23,18,2,0
548313,Kings XI Punjab,AC Gilchrist,6,11,1,0
548313,Kings XI Punjab,AD Mascarenhas,5,5,0,0
548313,Kings XI Punjab,AM Nayar,24,28,2,0
548313,Kings XI Punjab,Bipul Sharma,35,18,3,2
548313,Kings XI Punjab,DJ Hussey,18,17,0,1
548313,Kings XI Punjab,JP Faulkner,3,4,0,0
548313,Kings XI Punjab,Mandeep Singh,24,22,3,0
548313,Kings XI Punjab,P Kumar,1,2,0,0
548313,Kings XI Punjab,PC Valthaty,1,5,0,0
548313,Kings XI Punjab,PP Chawla,16,8,2,1
548313,Pune Warriors,CJ Ferguson,3,6,0,0
548313,Pune Warriors,JD Ryder,8,8,0,0
548313,Pune Warriors,MK Pandey,12,2,1,1
548313,Pune Warriors,MN Samuels,46,39,4,2
548313,Pune Warriors,R Sharma,0,2,0,0
548313,Pune Warriors,RV Uthappa,40,33,2,2
548313,Pune Warriors,SC Ganguly,20,18,3,0
548313,Pune Warriors,SPD Smith,25,12,0,3
548314,Deccan Chargers,A Mishra,0,2,0,0
548314,Deccan Chargers,Ankit Sharma,1,2,0,0
548314,Deccan Chargers,B Chipli,1,6,0,0
548314,Deccan Chargers,CL White,30,22,1,2
548314,Deccan Chargers,DB Ravi Teja,4,2,1,0
548314,Deccan Chargers,DT Christian,39,36,1,2
548314,Deccan Chargers,DW Steyn,2,2,0,0
548314,Deccan Chargers,KC Sangakkara,14,19,1,0
548314,Deccan Chargers,PA Patel,1,5,0,0
548314,Deccan Chargers,S Dhawan,41,24,2,4
548314,Mumbai Indians,AT Rayudu,19,24,1,0
548314,Mumbai Indians,JEC Franklin,7,4,1,0
548314,Mumbai Indians,KA Pollard,24,18,0,3
548314,Mumbai Indians,KD Karthik,7,6,1,0
548314,Mumbai Indians,RE Levi,3,9,0,0
548314,Mumbai Indians,RG Sharma,73,50,4,5
548314,Mumbai Indians,TL Suman,5,9,1,0
548315,Kolkata Knight Riders,B Lee,8,4,0,1
548315,Kolkata Knight Riders,G Gambhir,64,39,9,1
548315,Kolkata Knight Riders,JH Kallis,22,23,3,1
548315,Kolkata Knight Riders,LR Shukla,5,8,0,0
548315,Kolkata Knight Riders,MK Tiwary,2,5,0,0
548315,Kolkata Knight Riders,MS Bisla,46,29,2,3
548315,Kolkata Knight Riders,R Bhatia,4,1,1,0
548315,Kolkata Knight Riders,RN ten Doeschate,3,4,0,0
548315,Kolkata Knight Riders,Shakib Al Hasan,4,4,0,0
548315,Kolkata Knight Riders,YK Pathan,1,3,0,0
548315,Royal Challengers Bangalore,AB de Villiers,10,10,1,0
548315,Royal Challengers Bangalore,CA Pujara,6,9,0,1
548315,Royal Challengers Bangalore,CH Gayle,2,8,0,0
548315,Royal Challengers Bangalore,DL Vettori,20,12,3,1
548315,Royal Challengers Bangalore,HV Patel,10,9,1,0
548315,Royal Challengers Bangalore,MA Agarwal,5,6,0,0
548315,Royal Challengers Bangalore,R Vinay Kumar,25,26,0,1
548315,Royal Challengers Bangalore,SS Tiwary,18,19,1,0
548315,Royal Challengers Bangalore,V Kohli,6,14,1,0
548315,Royal Challengers Bangalore,Z Khan,11,7,1,0
548316,Chennai Super Kings,DJ Bravo,22,31,1,0
548316,Chennai Super Kings,F du Plessis,15,12,3,0
548316,Chennai Super Kings,JA Morkel,2,3,0,0
548316,Chennai Super Kings,MS Dhoni,11,18,0,0
548316,Chennai Super Kings,R Ashwin,8,5,1,0
548316,Chennai Super Kings,RA Jadeja,13,17,1,0
548316,Chennai Super Kings,S Badrinath,15,16,1,1
548316,Chennai Super Kings,SB Jakati,1,2,0,0
548316,Chennai Super Kings,SK Raina,17,16,0,2
548316,Delhi Daredevils,DPMD Jayawardene,20,21,1,0
548316,Delhi Daredevils,KP Pietersen,43,26,3,2
548316,Delhi Daredevils,NV Ojha,14,12,3,0
548316,Delhi Daredevils,V Sehwag,33,21,4,1
548317,Mumbai Indians,AT Rayudu,47,32,1,3
548317,Mumbai Indians,Harbhajan Singh,18,6,1,2
548317,Mumbai Indians,JEC Franklin,2,3,0,0
548317,Mumbai Indians,KA Pollard,64,33,6,4
548317,Mumbai Indians,KD Karthik,0,1,0,0
548317,Mumbai Indians,RE Levi,29,22,4,1
548317,Mumbai Indians,RG Sharma,21,13,2,1
548317,Mumbai Indians,TL Suman,10,10,0,1
548317,Rajasthan Royals,A Singh,0,2,0,0
548317,Rajasthan Royals,AA Chavan,4,2,1,0
548317,Rajasthan Royals,AL Menaria,20,15,2,1
548317,Rajasthan Royals,AM Rahane,40,31,4,2
548317,Rajasthan Royals,GB Hogg,2,5,0,0
548317,Rajasthan Royals,J Botha,2,3,0,0
548317,Rajasthan Royals,KK Cooper,14,6,0,2
548317,Rajasthan Royals,OA Shah,76,42,5,5
548317,Rajasthan Royals,R Dravid,3,5,0,0
548317,Rajasthan Royals,SK Trivedi,5,6,0,0
548317,Rajasthan Royals,SP Goswami,0,1,0,0
548318,Chennai Super Kings,DJ Bravo,25,14,2,1
548318,Chennai Super Kings,F du Plessis,71,46,5,4
548318,Chennai Super Kings,JA Morkel,28,7,2,3
548318,Chennai Super Kings,M Vijay,11,15,1,0
548318,Chennai Super Kings,MS Dhoni,41,23,1,2
548318,Chennai Super Kings,RA Jadeja,4,1,1,0
548318,Chennai Super Kings,SK Raina,23,14,3,1
548318,Royal Challengers Bangalore,AB de Villiers,4,2,1,0
548318,Royal Challengers Bangalore,CA Pujara,0,1,0,0
548318,Royal Challengers Bangalore,CH Gayle,68,35,2,6
548318,Royal Challengers Bangalore,DL Vettori,1,1,0,0
548318,Royal Challengers Bangalore,MA Agarwal,45,26,5,3
548318,Royal Challengers Bangalore,R Vinay Kumar,6,1,0,1
548318,Royal Challengers Bangalore,RR Bhatkal,0,2,0,0
548318,Royal Challengers Bangalore,SS Tiwary,8,6,1,0
548318,Royal Challengers Bangalore,V Kohli,57,46,5,2
548319,Kings XI Punjab,AC Gilchrist,21,17,3,0
548319,Kings XI Punjab,Mandeep Singh,10,10,1,0
548319,Kings XI Punjab,PC Valthaty,0,1,0,0
548319,Kings XI Punjab,PP Chawla,21,24,3,0
548319,Kings XI Punjab,SE Marsh,64,54,7,1
548319,Pune Warriors,A Nehra,2,4,0,0
548319,Pune Warriors,AB Dinda,2,5,0,0
548319,Pune Warriors,AD Mathews,11,9,2,0
548319,Pune Warriors,JD Ryder,7,11,1,0
548319,Pune Warriors,M Manhas,31,28,3,1
548319,Pune Warriors,MK Pandey,0,3,0,0
548319,Pune Warriors,MN Samuels,2,12,0,0
548319,Pune Warriors,R Sharma,2,4,0,0
548319,Pune Warriors,RV Uthappa,17,16,0,1
548319,Pune Warriors,SC Ganguly,16,9,3,0
548319,Pune Warriors,SPD Smith,13,13,1,0
548320,Kolkata Knight Riders,G Gambhir,11,11,2,0
548320,Kolkata Knight Riders,JH Kallis,31,38,3,0
548320,Kolkata Knight Riders,MK Tiwary,24,18,1,1
548320,Kolkata Knight Riders,MS Bisla,29,29,3,0
548320,Kolkata Knight Riders,RN ten Doeschate,7,3,0,1
548320,Kolkata Knight Riders,Shakib Al Hasan,16,10,1,1
548320,Kolkata Knight Riders,YK Pathan,7,7,1,0
548320,Rajasthan Royals,AL Menaria,1,6,0,0
548320,Rajasthan Royals,AM Rahane,19,16,3,0
548320,Rajasthan Royals,BJ Hodge,12,9,0,1
548320,Rajasthan Royals,J Botha,6,7,1,0
548320,Rajasthan Royals,OA Shah,31,33,3,0
548320,Rajasthan Royals,R Dravid,28,27,5,0
548320,Rajasthan Royals,SP Goswami,24,22,1,1
548321,Deccan Chargers,A Mishra,6,6,0,0
548321,Deccan Chargers,AA Jhunjhunwala,4,5,1,0
548321,Deccan Chargers,Ankit Sharma,1,1,0,0
548321,Deccan Chargers,B Chipli,25,17,3,1
548321,Deccan Chargers,DT Christian,19,21,1,0
548321,Deccan Chargers,DW Steyn,2,3,0,0
548321,Deccan Chargers,JP Duminy,4,5,0,0
548321,Deccan Chargers,KC Sangakkara,1,7,0,0
548321,Deccan Chargers,PA Patel,45,26,5,1
548321,Deccan Chargers,S Dhawan,44,29,5,1
548321,Delhi Daredevils,DPMD Jayawardene,6,5,1,0
548321,Delhi Daredevils,IK Pathan,5,11,0,0
548321,Delhi Daredevils,KP Pietersen,103,64,6,9
548321,Delhi Daredevils,LRPL Taylor,13,11,1,0
548321,Delhi Daredevils,NV Ojha,1,4,0,0
548321,Delhi Daredevils,V Sehwag,7,5,1,0
548321,Delhi Daredevils,Y Nagar,23,15,3,0
548322,Chennai Super Kings,DJ Bravo,5,2,1,0
548322,Chennai Super Kings,F du Plessis,43,33,5,2
548322,Chennai Super Kings,JA Morkel,3,3,0,0
548322,Chennai Super Kings,M Vijay,8,11,0,0
548322,Chennai Super Kings,MS Dhoni,26,27,1,0
548322,Chennai Super Kings,RA Jadeja,44,26,4,2
548322,Chennai Super Kings,SK Raina,20,18,2,0
548322,Pune Warriors,JD Ryder,73,56,7,1
548322,Pune Warriors,MN Samuels,8,15,0,0
548322,Pune Warriors,RV Uthappa,10,7,0,1
548322,Pune Warriors,SC Ganguly,16,16,1,0
548322,Pune Warriors,SPD Smith,44,22,4,3
548323,Kings XI Punjab,AC Gilchrist,5,9,0,0
548323,Kings XI Punjab,AD Mascarenhas,0,1,0,0
548323,Kings XI Punjab,BA Bhatt,6,2,0,1
548323,Kings XI Punjab,Bipul Sharma,12,11,0,1
548323,Kings XI Punjab,DJ Hussey,32,31,1,1
548323,Kings XI Punjab,Harmeet Singh,14,6,3,0
548323,Kings XI Punjab,Mandeep Singh,38,34,3,1
548323,Kings XI Punjab,P Dogra,6,11,0,0
548323,Kings XI Punjab,P Kumar,0,1,0,0
548323,Kings XI Punjab,PP Chawla,13,8,0,1
548323,Kings XI Punjab,SE Marsh,1,6,0,0
548323,Kolkata Knight Riders,DB Das,35,23,3,1
548323,Kolkata Knight Riders,G Gambhir,22,13,4,0
548323,Kolkata Knight Riders,JH Kallis,1,5,0,0
548323,Kolkata Knight Riders,MK Tiwary,20,27,1,0
548323,Kolkata Knight Riders,MS Bisla,27,25,1,1
548323,Kolkata Knight Riders,R Bhatia,3,2,0,0
548323,Kolkata Knight Riders,RN ten Doeschate,11,14,1,0
548323,Kolkata Knight Riders,Shakib Al Hasan,4,8,0,0
548323,Kolkata Knight Riders,YK Pathan,0,3,0,0
548324,Rajasthan Royals,AM Rahane,103,60,12,5
548324,Rajasthan Royals,BJ Hodge,1,2,0,0
548324,Rajasthan Royals,OA Shah,60,26,5,5
548324,Rajasthan Royals,R Dravid,25,32,2,0
548324,Royal Challengers Bangalore,AB de Villiers,6,9,0,0
548324,Royal Challengers Bangalore,CH Gayle,8,9,0,1
548324,Royal Challengers Bangalore,DL Vettori,1,2,0,0
548324,Royal Challengers Bangalore,M Kaif,14,16,1,0
548324,Royal Challengers Bangalore,M Muralitharan,6,8,0,0
548324,Royal Challengers Bangalore,MA Agarwal,34,21,3,3
548324,Royal Challengers Bangalore,R Vinay Kumar,11,9,1,0
548324,Royal Challengers Bangalore,S Aravind,14,8,3,0
548324,Royal Challengers Bangalore,SS Tiwary,17,16,0,1
548324,Royal Challengers Bangalore,V Kohli,22,18,2,0
548324,Royal Challengers Bangalore,Z Khan,0,3,0,0
548325,Delhi Daredevils,DPMD Jayawardene,17,20,1,0
548325,Delhi Daredevils,KP Pietersen,9,8,1,0
548325,Delhi Daredevils,LRPL Taylor,11,10,1,0
548325,Delhi Daredevils,NV Ojha,13,15,2,0
548325,Delhi Daredevils,V Sehwag,32,36,2,1
548325,Mumbai Indians,AT Rayudu,4,11,0,0
548325,Mumbai Indians,CJ McKay,8,15,0,0
548325,Mumbai Indians,DJ Jacobs,0,10,0,0
548325,Mumbai Indians,Harbhajan Singh,33,22,5,1
548325,Mumbai Indians,KA Pollard,1,3,0,0
548325,Mumbai Indians,KD Karthik,3,4,0,0
548325,Mumbai Indians,MM Patel,1,5,0,0
548325,Mumbai Indians,PP Ojha,3,11,0,0
548325,Mumbai Indians,RE Levi,1,4,0,0
548325,Mumbai Indians,RG Sharma,29,27,5,0
548325,Mumbai Indians,RP Singh,0,4,0,0
548326,Deccan Chargers,DT Christian,29,19,2,1
548326,Deccan Chargers,JP Duminy,58,26,3,5
548326,Deccan Chargers,KC Sangakkara,44,32,5,1
548326,Deccan Chargers,S Dhawan,52,43,8,0
548326,Rajasthan Royals,AL Menaria,22,20,1,1
548326,Rajasthan Royals,AM Rahane,44,31,5,1
548326,Rajasthan Royals,BJ Hodge,48,20,6,2
548326,Rajasthan Royals,DH Yagnik,9,3,2,0
548326,Rajasthan Royals,J Botha,14,9,0,1
548326,Rajasthan Royals,OA Shah,12,11,1,0
548326,Rajasthan Royals,R Dravid,42,24,7,1
548327,Pune Warriors,AD Mathews,10,7,0,1
548327,Pune Warriors,JD Ryder,34,22,4,1
548327,Pune Warriors,M Manhas,6,4,1,0
548327,Pune Warriors,MN Samuels,34,20,1,2
548327,Pune Warriors,RV Uthappa,69,45,9,2
548327,Pune Warriors,SC Ganguly,6,8,0,0
548327,Pune Warriors,SPD Smith,16,14,0,1
548327,Royal Challengers Bangalore,AB de Villiers,33,14,2,3
548327,Royal Challengers Bangalore,CH Gayle,81,48,4,8
548327,Royal Challengers Bangalore,MA Agarwal,9,9,0,1
548327,Royal Challengers Bangalore,SS Tiwary,36,22,1,2
548327,Royal Challengers Bangalore,TM Dilshan,4,8,0,0
548327,Royal Challengers Bangalore,V Kohli,16,19,1,0
548328,Kings XI Punjab,AC Gilchrist,40,30,3,1
548328,Kings XI Punjab,AD Mascarenhas,9,10,1,0
548328,Kings XI Punjab,DJ Hussey,10,14,0,0
548328,Kings XI Punjab,Mandeep Singh,6,10,0,0
548328,Kings XI Punjab,P Dogra,6,8,0,0
548328,Kings XI Punjab,PC Valthaty,8,8,1,0
548328,Kings XI Punjab,PP Chawla,9,10,0,0
548328,Kings XI Punjab,SE Marsh,33,30,4,0
548328,Kolkata Knight Riders,BB McCullum,15,18,3,0
548328,Kolkata Knight Riders,G Gambhir,66,44,7,1
548328,Kolkata Knight Riders,JH Kallis,30,23,2,1
548328,Kolkata Knight Riders,MS Bisla,11,14,0,1
548329,Deccan Chargers,CL White,65,40,7,2
548329,Deccan Chargers,DJ Harris,19,17,4,0
548329,Deccan Chargers,JP Duminy,13,9,2,0
548329,Deccan Chargers,KC Sangakkara,4,5,1,0
548329,Deccan Chargers,S Dhawan,84,49,9,5
548329,Delhi Daredevils,DA Warner,109,53,10,7
548329,Delhi Daredevils,NV Ojha,64,45,2,5
548329,Delhi Daredevils,V Sehwag,4,2,1,0
548330,Chennai Super Kings,DJ Bravo,12,8,0,1
548330,Chennai Super Kings,F du Plessis,58,47,4,2
548330,Chennai Super Kings,MS Dhoni,28,12,3,1
548330,Chennai Super Kings,RA Jadeja,7,3,0,1
548330,Chennai Super Kings,S Badrinath,57,48,8,0
548330,Chennai Super Kings,SK Raina,0,2,0,0
548330,Pune Warriors,AD Mathews,27,22,1,0
548330,Pune Warriors,B Kumar,2,4,0,0
548330,Pune Warriors,JD Ryder,9,10,2,0
548330,Pune Warriors,M Kartik,4,3,0,0
548330,Pune Warriors,MK Pandey,13,6,0,1
548330,Pune Warriors,MN Samuels,26,24,2,1
548330,Pune Warriors,RV Uthappa,8,5,2,0
548330,Pune Warriors,SC Ganguly,24,26,4,0
548330,Pune Warriors,SPD Smith,23,20,0,0
548331,Kings XI Punjab,Azhar Mahmood,33,14,3,2
548331,Kings XI Punjab,DA Miller,8,13,0,0
548331,Kings XI Punjab,DJ Hussey,41,34,4,0
548331,Kings XI Punjab,Mandeep Singh,20,15,0,0
548331,Kings XI Punjab,N Saini,14,12,1,0
548331,Kings XI Punjab,PC Valthaty,6,12,1,0
548331,Kings XI Punjab,PP Chawla,7,3,1,0
548331,Kings XI Punjab,SE Marsh,26,17,3,1
548331,Royal Challengers Bangalore,AB McDonald,8,6,1,0
548331,Royal Challengers Bangalore,AB de Villiers,52,39,6,0
548331,Royal Challengers Bangalore,CH Gayle,87,55,8,4
548331,Royal Challengers Bangalore,DL Vettori,2,3,0,0
548331,Royal Challengers Bangalore,MA Agarwal,1,3,0,0
548331,Royal Challengers Bangalore,SS Tiwary,4,7,0,0
548331,Royal Challengers Bangalore,V Kohli,4,4,1,0
548332,Chennai Super Kings,DJ Bravo,16,10,1,0
548332,Chennai Super Kings,F du Plessis,73,52,6,2
548332,Chennai Super Kings,MS Dhoni,15,12,1,0
548332,Chennai Super Kings,S Badrinath,15,22,1,0
548332,Chennai Super Kings,SK Raina,26,24,3,0
548332,Rajasthan Royals,AL Menaria,36,34,2,1
548332,Rajasthan Royals,AM Rahane,15,10,3,0
548332,Rajasthan Royals,BJ Hodge,3,5,0,0
548332,Rajasthan Royals,OA Shah,52,43,4,3
548332,Rajasthan Royals,R Dravid,26,28,3,1
548333,Delhi Daredevils,DPMD Jayawardene,7,7,1,0
548333,Delhi Daredevils,IK Pathan,15,11,0,1
548333,Delhi Daredevils,KP Pietersen,32,23,1,3
548333,Delhi Daredevils,LRPL Taylor,12,13,1,0
548333,Delhi Daredevils,M Morkel,1,1,0,0
548333,Delhi Daredevils,NV Ojha,11,6,0,1
548333,Delhi Daredevils,P Negi,8,8,1,0
548333,Delhi Daredevils,V Sehwag,57,32,5,4
548333,Delhi Daredevils,Y Nagar,24,19,3,0
548333,Pune Warriors,AD Mathews,6,2,1,0
548333,Pune Warriors,JD Ryder,86,57,7,4
548333,Pune Warriors,RV Uthappa,10,13,2,0
548333,Pune Warriors,SC Ganguly,41,35,5,1
548333,Pune Warriors,SPD Smith,34,13,4,2
548334,Kings XI Punjab,Azhar Mahmood,10,7,0,1
548334,Kings XI Punjab,DA Miller,5,5,0,0
548334,Kings XI Punjab,DJ Hussey,21,19,2,0
548334,Kings XI Punjab,Mandeep Singh,24,21,3,0
548334,Kings XI Punjab,N Saini,30,25,5,0
548334,Kings XI Punjab,SE Marsh,68,40,5,3
548334,Mumbai Indians,AT Rayudu,3,3,0,0
548334,Mumbai Indians,Harbhajan Singh,4,3,1,0
548334,Mumbai Indians,JEC Franklin,79,51,6,4
548334,Mumbai Indians,KA Pollard,7,10,1,0
548334,Mumbai Indians,KD Karthik,35,20,5,0
548334,Mumbai Indians,NLTC Perera,4,5,0,0
548334,Mumbai Indians,RG Sharma,2,5,0,0
548334,Mumbai Indians,SR Tendulkar,23,23,3,0
548335,Deccan Chargers,A Mishra,1,1,0,0
548335,Deccan Chargers,Ankit Sharma,1,2,0,0
548335,Deccan Chargers,CL White,10,9,1,0
548335,Deccan Chargers,DW Steyn,7,3,0,1
548335,Deccan Chargers,IR Jaggi,3,7,0,0
548335,Deccan Chargers,JP Duminy,16,15,1,0
548335,Deccan Chargers,KC Sangakkara,12,15,1,0
548335,Deccan Chargers,PA Patel,23,19,2,0
548335,Deccan Chargers,S Dhawan,50,49,4,1
548335,Kolkata Knight Riders,BB McCullum,10,9,1,0
548335,Kolkata Knight Riders,DB Das,9,8,1,0
548335,Kolkata Knight Riders,G Gambhir,30,28,4,0
548335,Kolkata Knight Riders,JH Kallis,23,24,2,0
548335,Kolkata Knight Riders,MK Tiwary,30,28,2,0
548335,Kolkata Knight Riders,MS Bisla,10,13,2,0
548335,Kolkata Knight Riders,YK Pathan,6,4,0,1
548336,Rajasthan Royals,AM Rahane,13,18,1,0
548336,Rajasthan Royals,BJ Hodge,10,8,1,0
548336,Rajasthan Royals,GB Hogg,13,11,1,0
548336,Rajasthan Royals,KK Cooper,8,6,2,0
548336,Rajasthan Royals,OA Shah,10,15,0,1
548336,Rajasthan Royals,R Dravid,58,42,8,0
548336,Rajasthan Royals,SP Goswami,1,2,0,0
548336,Rajasthan Royals,STR Binny,20,18,2,0
548336,Royal Challengers Bangalore,AB de Villiers,59,22,3,5
548336,Royal Challengers Bangalore,CH Gayle,4,8,0,0
548336,Royal Challengers Bangalore,MA Agarwal,15,17,2,0
548336,Royal Challengers Bangalore,TM Dilshan,76,57,10,1
548336,Royal Challengers Bangalore,V Kohli,16,16,2,0
548337,Delhi Daredevils,DPMD Jayawardene,18,14,3,0
548337,Delhi Daredevils,KP Pietersen,27,21,1,2
548337,Delhi Daredevils,LRPL Taylor,9,13,0,0
548337,Delhi Daredevils,V Sehwag,87,48,10,3
548337,Pune Warriors,JD Ryder,0,2,0,0
548337,Pune Warriors,MK Pandey,80,56,7,3
548337,Pune Warriors,RV Uthappa,60,58,6,0
548337,Pune Warriors,SC Ganguly,1,4,0,0
548339,Kings XI Punjab,DA Miller,34,17,1,3
548339,Kings XI Punjab,DJ Hussey,68,40,4,4
548339,Kings XI Punjab,Mandeep Singh,22,16,4,0
548339,Kings XI Punjab,N Saini,17,21,2,0
548339,Kings XI Punjab,SE Marsh,17,26,1,0
548339,Mumbai Indians,AT Rayudu,34,17,2,2
548339,Mumbai Indians,Harbhajan Singh,0,2,0,0
548339,Mumbai Indians,JEC Franklin,22,22,2,0
548339,Mumbai Indians,KA Pollard,3,7,0,0
548339,Mumbai Indians,KD Karthik,3,6,0,0
548339,Mumbai Indians,RG Sharma,50,29,3,3
548339,Mumbai Indians,RJ Peterson,16,7,2,1
548339,Mumbai Indians,SR Tendulkar,34,29,4,0
548341,Deccan Chargers,CL White,78,46,6,5
548341,Deccan Chargers,IR Jaggi,10,7,0,0
548341,Deccan Chargers,JP Duminy,26,24,0,1
548341,Deccan Chargers,KC Sangakkara,12,14,1,0
548341,Deccan Chargers,PA Patel,24,18,3,1
548341,Deccan Chargers,S Dhawan,16,11,1,1
548341,Pune Warriors,AC Thomas,12,9,0,1
548341,Pune Warriors,B Kumar,7,4,1,0
548341,Pune Warriors,JD Ryder,7,6,1,0
548341,Pune Warriors,M Manhas,22,14,0,2
548341,Pune Warriors,MK Pandey,21,20,2,1
548341,Pune Warriors,MN Samuels,3,8,0,0
548341,Pune Warriors,RV Uthappa,29,27,2,1
548341,Pune Warriors,SC Ganguly,23,20,3,1
548341,Pune Warriors,SPD Smith,26,12,0,3
548342,Delhi Daredevils,DPMD Jayawardene,55,42,8,0
548342,Delhi Daredevils,IK Pathan,0,1,0,0
548342,Delhi Daredevils,KP Pietersen,50,26,6,3
548342,Delhi Daredevils,LRPL Taylor,15,7,0,2
548342,Delhi Daredevils,NV Ojha,5,4,0,0
548342,Delhi Daredevils,V Sehwag,73,39,8,4
548342,Delhi Daredevils,Y Nagar,0,1,0,0
548342,Mumbai Indians,AC Blizzard,0,3,0,0
548342,Mumbai Indians,AT Rayudu,62,39,5,3
548342,Mumbai Indians,Harbhajan Singh,15,12,2,0
548342,Mumbai Indians,KA Pollard,16,9,1,1
548342,Mumbai Indians,KD Karthik,40,28,7,0
548342,Mumbai Indians,RG Sharma,12,6,1,1
548342,Mumbai Indians,RJ Peterson,2,2,0,0
548342,Mumbai Indians,RP Singh,1,1,0,0
548342,Mumbai Indians,SL Malinga,11,13,1,0
548342,Mumbai Indians,SR Tendulkar,7,7,0,1
548343,Chennai Super Kings,DJ Bravo,30,21,0,2
548343,Chennai Super Kings,F du Plessis,29,20,3,2
548343,Chennai Super Kings,JA Morkel,8,9,0,0
548343,Chennai Super Kings,KMDN Kulasekara,5,3,1,0
548343,Chennai Super Kings,MS Dhoni,1,4,0,0
548343,Chennai Super Kings,R Ashwin,7,3,1,0
548343,Chennai Super Kings,RA Jadeja,17,11,1,1
548343,Chennai Super Kings,S Badrinath,25,18,4,0
548343,Chennai Super Kings,SK Raina,15,17,1,0
548343,Chennai Super Kings,WP Saha,6,14,0,0
548343,Kings XI Punjab,Azhar Mahmood,18,12,0,2
548343,Kings XI Punjab,Bipul Sharma,7,5,1,0
548343,Kings XI Punjab,DA Miller,19,15,2,0
548343,Kings XI Punjab,DJ Hussey,7,4,1,0
548343,Kings XI Punjab,Mandeep Singh,56,50,5,1
548343,Kings XI Punjab,N Saini,6,4,1,0
548343,Kings XI Punjab,P Kumar,6,6,0,0
548343,Kings XI Punjab,PP Chawla,0,2,0,0
548343,Kings XI Punjab,SE Marsh,32,22,4,1
548344,Kolkata Knight Riders,BB McCullum,43,37,8,0
548344,Kolkata Knight Riders,G Gambhir,93,51,9,5
548344,Kolkata Knight Riders,JH Kallis,41,27,1,3
548344,Kolkata Knight Riders,MK Tiwary,1,1,0,0
548344,Kolkata Knight Riders,YK Pathan,7,4,0,1
548344,Royal Challengers Bangalore,AB de Villiers,0,1,0,0
548344,Royal Challengers Bangalore,CH Gayle,86,57,7,6
548344,Royal Challengers Bangalore,DL Vettori,4,4,0,0
548344,Royal Challengers Bangalore,MA Agarwal,10,13,1,0
548344,Royal Challengers Bangalore,R Vinay Kumar,0,1,0,0
548344,Royal Challengers Bangalore,SS Tiwary,19,22,1,1
548344,Royal Challengers Bangalore,TM Dilshan,1,3,0,0
548344,Royal Challengers Bangalore,V Kohli,18,19,3,0
548345,Delhi Daredevils,DPMD Jayawardene,6,5,1,0
548345,Delhi Daredevils,IK Pathan,7,5,1,0
548345,Delhi Daredevils,KP Pietersen,5,5,1,0
548345,Delhi Daredevils,LRPL Taylor,25,35,0,0
548345,Delhi Daredevils,NV Ojha,11,11,0,1
548345,Delhi Daredevils,V Sehwag,63,39,8,2
548345,Delhi Daredevils,Y Nagar,27,20,2,2
548345,Rajasthan Royals,AM Rahane,84,63,9,1
548345,Rajasthan Royals,BJ Hodge,22,18,3,0
548345,Rajasthan Royals,OA Shah,1,1,0,0
548345,Rajasthan Royals,R Dravid,40,38,5,0
548346,Deccan Chargers,A Ashish Reddy,10,10,0,1
548346,Deccan Chargers,A Mishra,1,6,0,0
548346,Deccan Chargers,B Chipli,1,3,0,0
548346,Deccan Chargers,CL White,0,1,0,0
548346,Deccan Chargers,DT Christian,5,5,1,0
548346,Deccan Chargers,DW Steyn,3,5,0,0
548346,Deccan Chargers,IR Jaggi,2,7,0,0
548346,Deccan Chargers,JP Duminy,25,24,3,0
548346,Deccan Chargers,PA Patel,19,18,1,1
548346,Deccan Chargers,S Dhawan,29,32,3,0
548346,Deccan Chargers,V Pratap Singh,0,1,0,0
548346,Mumbai Indians,AT Rayudu,19,15,2,0
548346,Mumbai Indians,JEC Franklin,13,20,0,0
548346,Mumbai Indians,KD Karthik,2,6,0,0
548346,Mumbai Indians,RE Levi,0,1,0,0
548346,Mumbai Indians,RG Sharma,42,48,4,1
548346,Mumbai Indians,RJ Peterson,1,5,0,0
548346,Mumbai Indians,SR Tendulkar,14,14,1,0
548347,Chennai Super Kings,DJ Bravo,12,12,0,1
548347,Chennai Super Kings,F du Plessis,3,4,0,0
548347,Chennai Super Kings,JA Morkel,13,8,0,0
548347,Chennai Super Kings,MEK Hussey,18,19,2,0
548347,Chennai Super Kings,MS Dhoni,34,30,2,0
548347,Chennai Super Kings,RA Jadeja,9,13,0,0
548347,Chennai Super Kings,SK Raina,44,34,4,1
548347,Kolkata Knight Riders,BB McCullum,2,8,0,0
548347,Kolkata Knight Riders,DB Das,11,4,2,0
548347,Kolkata Knight Riders,G Gambhir,63,52,6,1
548347,Kolkata Knight Riders,JH Kallis,26,30,1,1
548347,Kolkata Knight Riders,MK Tiwary,13,13,1,0
548347,Kolkata Knight Riders,YK Pathan,12,11,0,0
548348,Deccan Chargers,BB Samantray,2,2,0,0
548348,Deccan Chargers,CL White,74,45,4,4
548348,Deccan Chargers,JP Duminy,4,3,0,0
548348,Deccan Chargers,KC Sangakkara,82,51,10,2
548348,Deccan Chargers,PA Patel,0,1,0,0
548348,Deccan Chargers,S Dhawan,13,18,2,0
548348,Pune Warriors,M Manhas,7,4,0,1
548348,Pune Warriors,MJ Clarke,41,31,7,0
548348,Pune Warriors,MK Pandey,0,1,0,0
548348,Pune Warriors,MN Samuels,1,1,0,0
548348,Pune Warriors,RV Uthappa,26,17,1,1
548348,Pune Warriors,SC Ganguly,45,40,5,1
548348,Pune Warriors,SPD Smith,47,26,3,2
548349,Delhi Daredevils,DPMD Jayawardene,0,3,0,0
548349,Delhi Daredevils,KP Pietersen,36,34,3,1
548349,Delhi Daredevils,LRPL Taylor,6,5,1,0
548349,Delhi Daredevils,NV Ojha,11,3,1,1
548349,Delhi Daredevils,V Sehwag,73,38,12,1
548349,Delhi Daredevils,Y Nagar,9,9,1,0
548349,Rajasthan Royals,AA Chavan,7,6,1,0
548349,Rajasthan Royals,AL Menaria,2,4,0,0
548349,Rajasthan Royals,AM Rahane,42,32,7,0
548349,Rajasthan Royals,BJ Hodge,1,2,0,0
548349,Rajasthan Royals,OA Shah,1,3,0,0
548349,Rajasthan Royals,R Dravid,57,43,7,0
548349,Rajasthan Royals,SP Goswami,18,21,1,0
548349,Rajasthan Royals,SR Watson,8,9,0,1
548350,Kings XI Punjab,AM Nayar,2,3,0,0
548350,Kings XI Punjab,Azhar Mahmood,2,4,0,0
548350,Kings XI Punjab,DJ Hussey,45,29,2,4
548350,Kings XI Punjab,Mandeep Singh,43,30,6,1
548350,Kings XI Punjab,N Saini,50,36,5,0
548350,Kings XI Punjab,P Dogra,3,5,0,0
548350,Kings XI Punjab,PP Chawla,6,2,0,1
548350,Kings XI Punjab,SE Marsh,8,10,1,0
548350,Royal Challengers Bangalore,AB McDonald,9,10,1,0
548350,Royal Challengers Bangalore,AB de Villiers,17,13,1,1
548350,Royal Challengers Bangalore,AUK Pathan,2,3,0,0
548350,Royal Challengers Bangalore,CH Gayle,71,42,6,4
548350,Royal Challengers Bangalore,MA Agarwal,7,9,0,1
548350,Royal Challengers Bangalore,SS Tiwary,1,1,0,0
548350,Royal Challengers Bangalore,V Kohli,45,42,3,2
548351,Mumbai Indians,AT Rayudu,1,3,0,0
548351,Mumbai Indians,Harbhajan Singh,0,1,0,0
548351,Mumbai Indians,JEC Franklin,25,22,3,1
548351,Mumbai Indians,KD Karthik,18,21,1,0
548351,Mumbai Indians,NLTC Perera,0,4,0,0
548351,Mumbai Indians,PP Ojha,1,1,0,0
548351,Mumbai Indians,RG Sharma,3,5,0,0
548351,Mumbai Indians,RJ Peterson,13,14,1,0
548351,Mumbai Indians,SL Malinga,14,14,1,1
548351,Mumbai Indians,SR Tendulkar,34,35,4,0
548351,Pune Warriors,B Kumar,10,6,1,0
548351,Pune Warriors,JD Ryder,9,13,1,0
548351,Pune Warriors,M Manhas,42,34,5,0
548351,Pune Warriors,MJ Clarke,14,15,2,0
548351,Pune Warriors,RV Uthappa,18,18,2,1
548351,Pune Warriors,SC Ganguly,16,24,1,0
548351,Pune Warriors,SPD Smith,2,6,0,0
548351,Pune Warriors,WD Parnell,2,4,0,0
548352,Chennai Super Kings,DJ Bravo,12,4,0,1
548352,Chennai Super Kings,F du Plessis,42,35,2,1
548352,Chennai Super Kings,JA Morkel,13,9,1,0
548352,Chennai Super Kings,M Vijay,14,11,2,0
548352,Chennai Super Kings,MS Dhoni,34,27,2,0
548352,Chennai Super Kings,RA Jadeja,4,9,0,0
548352,Chennai Super Kings,S Badrinath,1,1,0,0
548352,Chennai Super Kings,SK Raina,32,24,2,2
548352,Deccan Chargers,A Ashish Reddy,3,3,0,0
548352,Deccan Chargers,AA Jhunjhunwala,1,1,0,0
548352,Deccan Chargers,CL White,77,53,9,2
548352,Deccan Chargers,DT Christian,27,24,2,1
548352,Deccan Chargers,KC Sangakkara,1,5,0,0
548352,Deccan Chargers,PA Patel,1,5,0,0
548352,Deccan Chargers,S Dhawan,36,29,3,0
548353,Kolkata Knight Riders,BB McCullum,42,43,5,1
548353,Kolkata Knight Riders,DB Das,15,17,0,1
548353,Kolkata Knight Riders,G Gambhir,56,36,4,2
548353,Kolkata Knight Riders,JH Kallis,1,4,0,0
548353,Kolkata Knight Riders,LR Shukla,0,1,0,0
548353,Kolkata Knight Riders,MK Tiwary,6,4,0,0
548353,Kolkata Knight Riders,YK Pathan,11,15,0,0
548353,Pune Warriors,AD Mathews,35,27,0,3
548353,Pune Warriors,B Kumar,11,7,2,0
548353,Pune Warriors,M Manhas,1,3,0,0
548353,Pune Warriors,MJ Clarke,1,2,0,0
548353,Pune Warriors,MK Pandey,17,15,2,0
548353,Pune Warriors,RV Uthappa,17,14,2,0
548353,Pune Warriors,SC Ganguly,36,35,4,1
548353,Pune Warriors,SPD Smith,14,15,1,0
548353,Pune Warriors,WD Parnell,1,2,0,0
548354,Kings XI Punjab,AM Nayar,9,8,0,0
548354,Kings XI Punjab,Azhar Mahmood,24,24,2,1
548354,Kings XI Punjab,DJ Hussey,8,6,2,0
548354,Kings XI Punjab,Gurkeerat Singh,23,24,2,0
548354,Kings XI Punjab,Mandeep Singh,7,6,0,1
548354,Kings XI Punjab,N Saini,2,9,0,0
548354,Kings XI Punjab,P Kumar,7,7,1,0
548354,Kings XI Punjab,PP Chawla,5,4,1,0
548354,Kings XI Punjab,RJ Harris,3,5,0,0
548354,Kings XI Punjab,SE Marsh,34,27,5,1
548354,Rajasthan Royals,AL Menaria,34,27,1,2
548354,Rajasthan Royals,AM Rahane,5,6,1,0
548354,Rajasthan Royals,BJ Hodge,36,22,2,2
548354,Rajasthan Royals,J Botha,14,8,2,0
548354,Rajasthan Royals,R Dravid,46,39,8,0
548354,Rajasthan Royals,SR Watson,36,17,4,2
548354,Rajasthan Royals,STR Binny,0,1,0,0
548355,Chennai Super Kings,DJ Bravo,40,33,4,1
548355,Chennai Super Kings,F du Plessis,9,11,0,0
548355,Chennai Super Kings,JA Morkel,3,3,0,0
548355,Chennai Super Kings,M Vijay,41,29,4,3
548355,Chennai Super Kings,MS Dhoni,25,15,2,1
548355,Chennai Super Kings,R Ashwin,0,1,0,0
548355,Chennai Super Kings,RA Jadeja,9,6,0,1
548355,Chennai Super Kings,S Badrinath,1,1,0,0
548355,Chennai Super Kings,SK Raina,36,21,3,2
548355,Mumbai Indians,AT Rayudu,0,2,0,0
548355,Mumbai Indians,DR Smith,24,9,2,2
548355,Mumbai Indians,Harbhajan Singh,0,1,0,0
548355,Mumbai Indians,JEC Franklin,1,9,0,0
548355,Mumbai Indians,KD Karthik,11,5,2,0
548355,Mumbai Indians,RG Sharma,60,46,6,2
548355,Mumbai Indians,RJ Peterson,0,2,0,0
548355,Mumbai Indians,RP Singh,1,1,0,0
548355,Mumbai Indians,SL Malinga,0,1,0,0
548355,Mumbai Indians,SR Tendulkar,74,44,11,1
548356,Deccan Chargers,CL White,45,24,2,3
548356,Deccan Chargers,DJ Harris,47,41,2,4
548356,Deccan Chargers,KC Sangakkara,10,3,1,1
548356,Deccan Chargers,S Dhawan,73,52,10,1
548356,Royal Challengers Bangalore,AB de Villiers,47,17,5,3
548356,Royal Challengers Bangalore,AUK Pathan,4,4,0,0
548356,Royal Challengers Bangalore,CH Gayle,26,22,1,2
548356,Royal Challengers Bangalore,J Syed Mohammad,4,1,1,0
548356,Royal Challengers Bangalore,MA Agarwal,18,6,1,2
548356,Royal Challengers Bangalore,TM Dilshan,71,54,8,2
548356,Royal Challengers Bangalore,V Kohli,9,9,1,0
548357,Delhi Daredevils,DA Warner,21,19,2,1
548357,Delhi Daredevils,DPMD Jayawardene,30,27,3,1
548357,Delhi Daredevils,IK Pathan,36,22,4,1
548357,Delhi Daredevils,LRPL Taylor,16,27,0,0
548357,Delhi Daredevils,NV Ojha,2,6,0,0
548357,Delhi Daredevils,S Nadeem,0,2,0,0
548357,Delhi Daredevils,V Sehwag,23,9,3,1
548357,Delhi Daredevils,VR Aaron,1,1,0,0
548357,Delhi Daredevils,Y Nagar,10,7,1,0
548357,Kolkata Knight Riders,BB McCullum,56,44,7,0
548357,Kolkata Knight Riders,DB Das,1,3,0,0
548357,Kolkata Knight Riders,G Gambhir,36,21,4,1
548357,Kolkata Knight Riders,JH Kallis,30,27,3,0
548357,Kolkata Knight Riders,MK Tiwary,8,6,0,0
548357,Kolkata Knight Riders,YK Pathan,7,11,0,0
548358,Pune Warriors,AD Mathews,11,12,0,0
548358,Pune Warriors,AP Majumdar,30,20,1,2
548358,Pune Warriors,M Manhas,11,9,1,0
548358,Pune Warriors,MJ Clarke,16,18,1,0
548358,Pune Warriors,RV Uthappa,13,19,0,0
548358,Pune Warriors,SC Ganguly,14,18,1,0
548358,Pune Warriors,SPD Smith,18,22,1,0
548358,Pune Warriors,WD Parnell,2,2,0,0
548358,Rajasthan Royals,AL Menaria,18,21,1,0
548358,Rajasthan Royals,AM Rahane,0,3,0,0
548358,Rajasthan Royals,OA Shah,4,7,0,0
548358,Rajasthan Royals,R Dravid,14,16,2,0
548358,Rajasthan Royals,SR Watson,90,51,10,4
548359,Deccan Chargers,A Ashish Reddy,8,8,1,0
548359,Deccan Chargers,A Mishra,8,5,1,0
548359,Deccan Chargers,AA Jhunjhunwala,19,20,0,1
548359,Deccan Chargers,CL White,8,14,1,0
548359,Deccan Chargers,DJ Harris,30,29,2,1
548359,Deccan Chargers,J Theron,7,6,1,0
548359,Deccan Chargers,KC Sangakkara,4,6,0,0
548359,Deccan Chargers,PA Patel,17,13,1,1
548359,Deccan Chargers,PA Reddy,24,13,2,1
548359,Deccan Chargers,S Dhawan,8,6,1,0
548359,Kings XI Punjab,Azhar Mahmood,14,9,2,0
548359,Kings XI Punjab,DA Miller,28,18,3,1
548359,Kings XI Punjab,DJ Hussey,16,16,1,1
548359,Kings XI Punjab,Mandeep Singh,75,48,8,3
548359,Kings XI Punjab,N Saini,2,4,0,0
548359,Kings XI Punjab,SD Chitnis,6,5,0,0
548359,Kings XI Punjab,SE Marsh,22,20,3,0
548360,Mumbai Indians,AT Rayudu,22,17,2,0
548360,Mumbai Indians,DR Smith,2,3,0,0
548360,Mumbai Indians,Harbhajan Singh,20,12,3,0
548360,Mumbai Indians,JEC Franklin,1,6,0,0
548360,Mumbai Indians,KA Pollard,21,13,0,2
548360,Mumbai Indians,KD Karthik,44,39,3,1
548360,Mumbai Indians,RG Sharma,0,3,0,0
548360,Mumbai Indians,SR Tendulkar,24,27,4,0
548360,Royal Challengers Bangalore,CH Gayle,82,58,5,6
548360,Royal Challengers Bangalore,TM Dilshan,19,25,3,0
548360,Royal Challengers Bangalore,V Kohli,36,25,1,2
548361,Chennai Super Kings,DJ Bravo,10,15,0,0
548361,Chennai Super Kings,JA Morkel,18,6,1,2
548361,Chennai Super Kings,M Vijay,0,5,0,0
548361,Chennai Super Kings,MEK Hussey,19,32,2,0
548361,Chennai Super Kings,MS Dhoni,10,16,1,0
548361,Chennai Super Kings,RA Jadeja,16,13,1,1
548361,Chennai Super Kings,S Anirudha,18,5,1,2
548361,Chennai Super Kings,SK Raina,23,17,5,0
548361,Rajasthan Royals,AL Menaria,6,5,1,0
548361,Rajasthan Royals,AM Rahane,17,22,2,0
548361,Rajasthan Royals,BJ Hodge,33,28,2,1
548361,Rajasthan Royals,DH Yagnik,10,7,2,0
548361,Rajasthan Royals,J Botha,12,20,0,0
548361,Rajasthan Royals,R Dravid,4,9,1,0
548361,Rajasthan Royals,SR Watson,5,11,1,0
548361,Rajasthan Royals,STR Binny,27,18,3,1
548362,Pune Warriors,AC Thomas,7,6,1,0
548362,Pune Warriors,AD Mathews,4,10,0,0
548362,Pune Warriors,AP Majumdar,31,26,4,0
548362,Pune Warriors,B Kumar,2,4,0,0
548362,Pune Warriors,K Upadhyay,11,8,0,1
548362,Pune Warriors,MD Mishra,4,4,1,0
548362,Pune Warriors,MJ Clarke,13,10,2,0
548362,Pune Warriors,MK Pandey,0,2,0,0
548362,Pune Warriors,R Sharma,0,2,0,0
548362,Pune Warriors,RV Uthappa,38,23,5,1
548362,Pune Warriors,SPD Smith,24,25,1,0
548362,Royal Challengers Bangalore,AB de Villiers,9,4,0,1
548362,Royal Challengers Bangalore,CH Gayle,57,30,3,6
548362,Royal Challengers Bangalore,SS Tiwary,36,30,3,1
548362,Royal Challengers Bangalore,TM Dilshan,53,44,6,1
548362,Royal Challengers Bangalore,V Kohli,9,12,1,0
548363,Kolkata Knight Riders,DB Das,4,1,1,0
548363,Kolkata Knight Riders,G Gambhir,0,2,0,0
548363,Kolkata Knight Riders,JH Kallis,79,60,7,3
548363,Kolkata Knight Riders,MK Tiwary,27,25,4,0
548363,Kolkata Knight Riders,MS Bisla,1,2,0,0
548363,Kolkata Knight Riders,YK Pathan,40,30,2,1
548363,Mumbai Indians,HH Gibbs,66,58,7,2
548363,Mumbai Indians,RG Sharma,109,60,12,5
548363,Mumbai Indians,SR Tendulkar,2,2,0,0
548364,Chennai Super Kings,M Vijay,48,40,5,1
548364,Chennai Super Kings,MEK Hussey,38,32,5,1
548364,Chennai Super Kings,SK Raina,28,20,1,2
548364,Delhi Daredevils,DA Warner,8,9,1,0
548364,Delhi Daredevils,DPMD Jayawardene,8,10,1,0
548364,Delhi Daredevils,IK Pathan,13,17,0,0
548364,Delhi Daredevils,NV Ojha,3,11,0,0
548364,Delhi Daredevils,V Sehwag,4,2,1,0
548364,Delhi Daredevils,Y Nagar,44,47,1,1
548364,Delhi Daredevils,Y Venugopal Rao,27,24,0,2
548365,Pune Warriors,A Nehra,9,8,1,0
548365,Pune Warriors,AD Mathews,23,19,1,0
548365,Pune Warriors,AP Majumdar,9,8,2,0
548365,Pune Warriors,B Kumar,3,5,0,0
548365,Pune Warriors,CJ Ferguson,23,26,2,0
548365,Pune Warriors,JD Ryder,1,2,0,0
548365,Pune Warriors,M Kartik,8,9,0,0
548365,Pune Warriors,R Sharma,0,3,0,0
548365,Pune Warriors,RV Uthappa,6,6,1,0
548365,Pune Warriors,SC Ganguly,2,4,0,0
548365,Pune Warriors,SPD Smith,37,30,5,0
548365,Rajasthan Royals,AM Rahane,61,47,7,0
548365,Rajasthan Royals,BJ Hodge,14,14,0,0
548365,Rajasthan Royals,J Botha,7,3,1,0
548365,Rajasthan Royals,R Dravid,21,20,4,0
548365,Rajasthan Royals,SR Watson,58,31,6,4
548365,Rajasthan Royals,STR Binny,6,5,0,0
548366,Deccan Chargers,CL White,67,40,8,1
548366,Deccan Chargers,DT Christian,24,10,1,2
548366,Deccan Chargers,KC Sangakkara,1,4,0,0
548366,Deccan Chargers,PA Patel,18,16,2,0
548366,Deccan Chargers,S Dhawan,71,50,4,3
548366,Kings XI Punjab,Azhar Mahmood,31,20,2,1
548366,Kings XI Punjab,DJ Hussey,65,35,4,5
548366,Kings XI Punjab,Gurkeerat Singh,29,12,4,1
548366,Kings XI Punjab,Mandeep Singh,28,20,5,0
548366,Kings XI Punjab,N Saini,3,10,0,0
548366,Kings XI Punjab,PP Chawla,8,3,2,0
548366,Kings XI Punjab,SD Chitnis,11,13,1,0
548366,Kings XI Punjab,SE Marsh,11,7,2,0
548367,Mumbai Indians,AT Rayudu,81,54,6,4
548367,Mumbai Indians,DR Smith,6,5,1,0
548367,Mumbai Indians,HH Gibbs,2,6,0,0
548367,Mumbai Indians,KA Pollard,52,31,5,3
548367,Mumbai Indians,KD Karthik,16,14,3,0
548367,Mumbai Indians,RG Sharma,5,7,1,0
548367,Mumbai Indians,SR Tendulkar,0,1,0,0
548367,Royal Challengers Bangalore,AB de Villiers,14,13,1,0
548367,Royal Challengers Bangalore,CH Gayle,6,8,0,1
548367,Royal Challengers Bangalore,MA Agarwal,64,30,6,4
548367,Royal Challengers Bangalore,R Vinay Kumar,1,2,0,0
548367,Royal Challengers Bangalore,SS Tiwary,21,14,1,2
548367,Royal Challengers Bangalore,TM Dilshan,47,49,4,1
548367,Royal Challengers Bangalore,V Kohli,3,1,0,0
548367,Royal Challengers Bangalore,Z Khan,1,3,0,0
548368,Chennai Super Kings,DJ Bravo,11,7,0,1
548368,Chennai Super Kings,F du Plessis,13,16,0,0
548368,Chennai Super Kings,M Vijay,36,25,5,1
548368,Chennai Super Kings,MEK Hussey,56,39,4,4
548368,Chennai Super Kings,MS Dhoni,28,21,3,1
548368,Chennai Super Kings,RA Jadeja,3,2,0,0
548368,Chennai Super Kings,SK Raina,8,10,1,0
548368,Kolkata Knight Riders,BB McCullum,37,29,4,1
548368,Kolkata Knight Riders,DB Das,19,10,2,1
548368,Kolkata Knight Riders,G Gambhir,62,43,6,3
548368,Kolkata Knight Riders,JH Kallis,4,9,0,0
548368,Kolkata Knight Riders,LR Shukla,9,6,0,1
548368,Kolkata Knight Riders,MK Tiwary,12,14,1,0
548368,Kolkata Knight Riders,R Bhatia,1,1,0,0
548368,Kolkata Knight Riders,YK Pathan,11,8,0,1
548369,Delhi Daredevils,DA Warner,14,8,3,0
548369,Delhi Daredevils,DPMD Jayawardene,56,49,8,0
548369,Delhi Daredevils,IK Pathan,19,10,3,0
548369,Delhi Daredevils,LRPL Taylor,0,2,0,0
548369,Delhi Daredevils,NV Ojha,34,29,3,2
548369,Delhi Daredevils,V Sehwag,8,9,0,1
548369,Delhi Daredevils,Y Venugopal Rao,7,7,1,0
548369,Kings XI Punjab,Azhar Mahmood,9,7,1,0
548369,Kings XI Punjab,DA Miller,4,7,0,0
548369,Kings XI Punjab,DJ Hussey,40,35,5,1
548369,Kings XI Punjab,Gurkeerat Singh,8,5,2,0
548369,Kings XI Punjab,Mandeep Singh,21,12,5,0
548369,Kings XI Punjab,N Saini,15,15,2,0
548369,Kings XI Punjab,P Awana,4,5,0,0
548369,Kings XI Punjab,P Kumar,8,5,1,0
548369,Kings XI Punjab,PP Chawla,10,14,0,0
548369,Kings XI Punjab,SE Marsh,13,15,3,0
548370,Kolkata Knight Riders,BB McCullum,1,5,0,0
548370,Kolkata Knight Riders,DB Das,2,3,0,0
548370,Kolkata Knight Riders,G Gambhir,27,23,3,1
548370,Kolkata Knight Riders,JH Kallis,0,1,0,0
548370,Kolkata Knight Riders,MK Tiwary,41,43,2,2
548370,Kolkata Knight Riders,R Bhatia,12,7,2,0
548370,Kolkata Knight Riders,SP Narine,9,6,2,0
548370,Kolkata Knight Riders,Shakib Al Hasan,13,12,1,0
548370,Kolkata Knight Riders,YK Pathan,21,20,2,0
548370,Mumbai Indians,AT Rayudu,11,8,0,1
548370,Mumbai Indians,DR Smith,0,1,0,0
548370,Mumbai Indians,HH Gibbs,13,24,1,0
548370,Mumbai Indians,Harbhajan Singh,1,2,0,0
548370,Mumbai Indians,KA Pollard,8,5,1,0
548370,Mumbai Indians,KD Karthik,21,26,3,0
548370,Mumbai Indians,RG Sharma,12,14,1,0
548370,Mumbai Indians,RP Singh,3,5,0,0
548370,Mumbai Indians,SL Malinga,8,6,0,1
548370,Mumbai Indians,SR Tendulkar,27,24,3,1
548371,Chennai Super Kings,DJ Bravo,48,43,2,3
548371,Chennai Super Kings,JA Morkel,14,8,1,1
548371,Chennai Super Kings,M Vijay,10,14,2,0
548371,Chennai Super Kings,MEK Hussey,7,10,1,0
548371,Chennai Super Kings,MS Dhoni,6,16,1,0
548371,Chennai Super Kings,R Ashwin,0,1,0,0
548371,Chennai Super Kings,RA Jadeja,13,14,2,0
548371,Chennai Super Kings,S Anirudha,1,1,0,0
548371,Chennai Super Kings,SK Raina,17,13,0,2
548371,Kings XI Punjab,AC Gilchrist,64,46,9,2
548371,Kings XI Punjab,Azhar Mahmood,9,7,2,0
548371,Kings XI Punjab,DJ Hussey,9,9,1,0
548371,Kings XI Punjab,Mandeep Singh,24,21,5,0
548371,Kings XI Punjab,N Saini,1,4,0,0
548371,Kings XI Punjab,SD Chitnis,11,12,1,0
548372,Delhi Daredevils,AD Russell,31,15,1,3
548372,Delhi Daredevils,DA Warner,15,9,2,1
548372,Delhi Daredevils,DPMD Jayawardene,9,14,0,0
548372,Delhi Daredevils,IK Pathan,4,4,0,0
548372,Delhi Daredevils,LRPL Taylor,55,26,7,2
548372,Delhi Daredevils,NV Ojha,13,12,1,0
548372,Delhi Daredevils,P Negi,6,4,1,0
548372,Delhi Daredevils,UBT Chand,18,10,2,1
548372,Delhi Daredevils,UT Yadav,0,2,0,0
548372,Delhi Daredevils,Y Venugopal Rao,36,24,4,1
548372,Royal Challengers Bangalore,CH Gayle,128,61,7,13
548372,Royal Challengers Bangalore,TM Dilshan,10,7,2,0
548372,Royal Challengers Bangalore,V Kohli,73,52,9,1
548373,Deccan Chargers,A Ashish Reddy,10,4,2,0
548373,Deccan Chargers,CA Lynn,6,9,1,0
548373,Deccan Chargers,CL White,1,4,0,0
548373,Deccan Chargers,JP Duminy,24,31,0,0
548373,Deccan Chargers,PA Patel,10,5,1,0
548373,Deccan Chargers,PA Reddy,42,35,4,1
548373,Deccan Chargers,S Dhawan,26,24,2,2
548373,Rajasthan Royals,A Chandila,0,1,0,0
548373,Rajasthan Royals,AL Menaria,20,17,1,1
548373,Rajasthan Royals,AM Rahane,6,7,1,0
548373,Rajasthan Royals,J Botha,3,4,0,0
548373,Rajasthan Royals,OA Shah,28,31,1,0
548373,Rajasthan Royals,R Dravid,39,36,5,0
548373,Rajasthan Royals,SP Goswami,3,3,0,0
548373,Rajasthan Royals,SR Watson,13,13,1,1
548373,Rajasthan Royals,STR Binny,7,8,1,0
548374,Delhi Daredevils,DA Warner,79,44,10,4
548374,Delhi Daredevils,DPMD Jayawardene,8,10,1,0
548374,Delhi Daredevils,IK Pathan,5,7,1,0
548374,Delhi Daredevils,NV Ojha,5,6,1,0
548374,Delhi Daredevils,UBT Chand,18,24,0,2
548374,Delhi Daredevils,Y Venugopal Rao,21,19,2,1
548374,Kings XI Punjab,AC Gilchrist,9,12,2,0
548374,Kings XI Punjab,Azhar Mahmood,36,38,4,1
548374,Kings XI Punjab,DJ Hussey,3,6,0,0
548374,Kings XI Punjab,Gurkeerat Singh,26,11,4,1
548374,Kings XI Punjab,Mandeep Singh,0,1,0,0
548374,Kings XI Punjab,P Kumar,3,2,0,0
548374,Kings XI Punjab,PC Valthaty,2,10,0,0
548374,Kings XI Punjab,PP Chawla,1,2,0,0
548374,Kings XI Punjab,RJ Harris,15,6,1,1
548374,Kings XI Punjab,SD Chitnis,38,32,5,1
548375,Kolkata Knight Riders,BB McCullum,41,43,5,0
548375,Kolkata Knight Riders,G Gambhir,10,12,1,0
548375,Kolkata Knight Riders,JH Kallis,13,17,1,0
548375,Kolkata Knight Riders,MK Tiwary,8,9,0,0
548375,Kolkata Knight Riders,Shakib Al Hasan,42,30,3,2
548375,Kolkata Knight Riders,YK Pathan,15,9,2,0
548375,Pune Warriors,AG Murtaza,3,5,0,0
548375,Pune Warriors,AP Majumdar,17,22,0,0
548375,Pune Warriors,B Kumar,3,6,0,0
548375,Pune Warriors,CJ Ferguson,12,18,0,0
548375,Pune Warriors,Harpreet Singh,6,6,0,0
548375,Pune Warriors,JD Ryder,22,24,0,2
548375,Pune Warriors,MJ Clarke,13,18,0,0
548375,Pune Warriors,RV Uthappa,8,8,1,0
548375,Pune Warriors,SC Ganguly,5,8,0,0
548375,Pune Warriors,WD Parnell,3,5,0,0
548376,Deccan Chargers,A Ashish Reddy,4,4,0,0
548376,Deccan Chargers,CL White,1,5,0,0
548376,Deccan Chargers,JP Duminy,74,53,4,5
548376,Deccan Chargers,KC Sangakkara,15,22,1,0
548376,Deccan Chargers,PA Patel,16,21,1,0
548376,Deccan Chargers,PA Reddy,7,11,0,0
548376,Deccan Chargers,S Dhawan,5,4,1,0
548376,Royal Challengers Bangalore,AB de Villiers,4,11,0,0
548376,Royal Challengers Bangalore,CH Gayle,27,10,3,2
548376,Royal Challengers Bangalore,HV Patel,5,5,0,0
548376,Royal Challengers Bangalore,M Muralitharan,0,1,0,0
548376,Royal Challengers Bangalore,MA Agarwal,1,2,0,0
548376,Royal Challengers Bangalore,P Parameswaran,0,1,0,0
548376,Royal Challengers Bangalore,R Vinay Kumar,7,7,1,0
548376,Royal Challengers Bangalore,SS Tiwary,30,27,1,1
548376,Royal Challengers Bangalore,TM Dilshan,4,12,0,0
548376,Royal Challengers Bangalore,V Kohli,42,40,2,3
548376,Royal Challengers Bangalore,Z Khan,0,4,0,0
548377,Mumbai Indians,DR Smith,87,57,10,3
548377,Mumbai Indians,SR Tendulkar,58,51,6,0
548377,Rajasthan Royals,AL Menaria,21,18,1,1
548377,Rajasthan Royals,AM Rahane,13,17,2,0
548377,Rajasthan Royals,DH Yagnik,6,3,1,0
548377,Rajasthan Royals,OA Shah,28,24,1,1
548377,Rajasthan Royals,R Dravid,5,5,1,0
548377,Rajasthan Royals,SR Watson,45,36,4,2
548377,Rajasthan Royals,STR Binny,30,17,3,2
548378,Delhi Daredevils,DA Warner,7,6,0,1
548378,Delhi Daredevils,DPMD Jayawardene,40,33,6,0
548378,Delhi Daredevils,IK Pathan,6,3,1,0
548378,Delhi Daredevils,LRPL Taylor,11,8,0,1
548378,Delhi Daredevils,M Morkel,0,1,0,0
548378,Delhi Daredevils,NV Ojha,28,28,4,1
548378,Delhi Daredevils,P Negi,14,11,2,0
548378,Delhi Daredevils,UT Yadav,1,1,0,0
548378,Delhi Daredevils,V Sehwag,10,7,1,0
548378,Delhi Daredevils,Y Venugopal Rao,13,22,0,0
548378,Kolkata Knight Riders,BB McCullum,31,36,2,1
548378,Kolkata Knight Riders,G Gambhir,32,16,3,2
548378,Kolkata Knight Riders,JH Kallis,30,33,3,0
548378,Kolkata Knight Riders,LR Shukla,24,11,3,1
548378,Kolkata Knight Riders,Shakib Al Hasan,1,3,0,0
548378,Kolkata Knight Riders,YK Pathan,40,21,3,2
548379,Chennai Super Kings,DJ Bravo,33,14,3,2
548379,Chennai Super Kings,M Vijay,1,5,0,0
548379,Chennai Super Kings,MEK Hussey,49,39,8,1
548379,Chennai Super Kings,MS Dhoni,51,20,6,2
548379,Chennai Super Kings,RA Jadeja,1,2,0,0
548379,Chennai Super Kings,S Badrinath,47,39,6,1
548379,Chennai Super Kings,SK Raina,0,1,0,0
548379,Mumbai Indians,AT Rayudu,11,7,2,0
548379,Mumbai Indians,DR Smith,38,22,5,2
548379,Mumbai Indians,DS Kulkarni,10,5,2,0
548379,Mumbai Indians,Harbhajan Singh,1,4,0,0
548379,Mumbai Indians,JEC Franklin,13,13,0,1
548379,Mumbai Indians,KA Pollard,16,18,1,1
548379,Mumbai Indians,KD Karthik,6,4,1,0
548379,Mumbai Indians,RG Sharma,14,19,0,0
548379,Mumbai Indians,RP Singh,1,1,0,0
548379,Mumbai Indians,SL Malinga,17,16,1,1
548379,Mumbai Indians,SR Tendulkar,11,11,2,0
548380,Chennai Super Kings,DJ Bravo,33,12,3,2
548380,Chennai Super Kings,JA Morkel,0,1,0,0
548380,Chennai Super Kings,M Vijay,113,58,15,4
548380,Chennai Super Kings,MEK Hussey,20,22,2,0
548380,Chennai Super Kings,MS Dhoni,23,10,1,2
548380,Chennai Super Kings,SK Raina,27,17,3,1
548380,Delhi Daredevils,AD Russell,16,11,2,0
548380,Delhi Daredevils,DA Warner,3,7,0,0
548380,Delhi Daredevils,DPMD Jayawardene,55,38,4,2
548380,Delhi Daredevils,LRPL Taylor,24,14,1,2
548380,Delhi Daredevils,NV Ojha,7,5,0,1
548380,Delhi Daredevils,P Negi,8,6,0,1
548380,Delhi Daredevils,Sunny Gupta,0,1,0,0
548380,Delhi Daredevils,UT Yadav,1,4,0,0
548380,Delhi Daredevils,V Sehwag,1,6,0,0
548380,Delhi Daredevils,VR Aaron,0,2,0,0
548380,Delhi Daredevils,Y Venugopal Rao,10,7,0,1
548381,Chennai Super Kings,M Vijay,42,30,4,1
548381,Chennai Super Kings,MEK Hussey,54,43,4,2
548381,Chennai Super Kings,MS Dhoni,14,9,2,0
548381,Chennai Super Kings,SK Raina,73,38,3,5
548381,Kolkata Knight Riders,G Gambhir,2,4,0,0
548381,Kolkata Knight Riders,JH Kallis,69,49,7,1
548381,Kolkata Knight Riders,LR Shukla,3,6,0,0
548381,Kolkata Knight Riders,MK Tiwary,9,3,2,0
548381,Kolkata Knight Riders,MS Bisla,89,48,8,5
548381,Kolkata Knight Riders,Shakib Al Hasan,11,6,1,0
548381,Kolkata Knight Riders,YK Pathan,1,2,0,0
597998,Delhi Daredevils,A Nehra,0,1,0,0
597998,Delhi Daredevils,AD Russell,4,8,0,0
597998,Delhi Daredevils,DA Warner,21,19,4,0
597998,Delhi Daredevils,DPMD Jayawardene,66,52,8,1
597998,Delhi Daredevils,IK Pathan,4,7,0,0
597998,Delhi Daredevils,J Botha,7,6,1,0
597998,Delhi Daredevils,MC Juneja,8,9,1,0
597998,Delhi Daredevils,NV Ojha,9,9,1,0
597998,Delhi Daredevils,S Nadeem,4,8,0,0
597998,Delhi Daredevils,UBT Chand,0,1,0,0
597998,Kolkata Knight Riders,EJG Morgan,14,15,1,0
597998,Kolkata Knight Riders,G Gambhir,41,29,5,1
597998,Kolkata Knight Riders,JH Kallis,23,20,5,0
597998,Kolkata Knight Riders,MK Tiwary,23,23,2,0
597998,Kolkata Knight Riders,MS Bisla,4,9,1,0
597998,Kolkata Knight Riders,YK Pathan,18,16,0,1
597999,Mumbai Indians,AT Rayudu,18,18,1,0
597999,Mumbai Indians,Harbhajan Singh,1,1,0,0
597999,Mumbai Indians,KA Pollard,5,2,1,0
597999,Mumbai Indians,KD Karthik,60,36,3,4
597999,Mumbai Indians,RG Sharma,11,11,1,0
597999,Mumbai Indians,RT Ponting,28,33,1,1
597999,Mumbai Indians,SR Tendulkar,23,19,4,0
597999,Royal Challengers Bangalore,CH Gayle,92,58,11,5
597999,Royal Challengers Bangalore,DT Christian,4,13,0,0
597999,Royal Challengers Bangalore,KB Arun Karthik,19,19,3,0
597999,Royal Challengers Bangalore,KK Nair,0,3,0,0
597999,Royal Challengers Bangalore,MA Agarwal,1,5,0,0
597999,Royal Challengers Bangalore,TM Dilshan,0,8,0,0
597999,Royal Challengers Bangalore,V Kohli,24,14,4,1
598000,Pune Warriors,AB Dinda,0,2,0,0
598000,Pune Warriors,AD Mathews,8,6,1,0
598000,Pune Warriors,AM Nayar,19,14,2,0
598000,Pune Warriors,B Kumar,3,3,0,0
598000,Pune Warriors,LRPL Taylor,19,19,0,0
598000,Pune Warriors,MK Pandey,15,29,0,0
598000,Pune Warriors,MN Samuels,5,9,1,0
598000,Pune Warriors,MR Marsh,7,3,0,1
598000,Pune Warriors,R Sharma,0,1,0,0
598000,Pune Warriors,RV Uthappa,24,22,2,1
598000,Pune Warriors,Yuvraj Singh,2,5,0,0
598000,Sunrisers Hyderabad,A Ashish Reddy,7,4,1,0
598000,Sunrisers Hyderabad,CL White,10,18,0,0
598000,Sunrisers Hyderabad,DB Ravi Teja,4,4,0,0
598000,Sunrisers Hyderabad,GH Vihari,11,12,1,0
598000,Sunrisers Hyderabad,KC Sangakkara,15,16,2,0
598000,Sunrisers Hyderabad,NLTC Perera,30,18,3,1
598000,Sunrisers Hyderabad,PA Patel,19,18,3,0
598000,Sunrisers Hyderabad,PA Reddy,27,30,2,0
598001,Delhi Daredevils,AD Russell,7,6,0,0
598001,Delhi Daredevils,DA Warner,77,56,9,1
598001,Delhi Daredevils,DPMD Jayawardene,19,16,1,0
598001,Delhi Daredevils,IK Pathan,1,1,0,0
598001,Delhi Daredevils,J Botha,2,3,0,0
598001,Delhi Daredevils,MC Juneja,20,18,1,1
598001,Delhi Daredevils,NV Ojha,0,1,0,0
598001,Delhi Daredevils,UBT Chand,23,19,2,1
598001,Rajasthan Royals,AL Menaria,1,2,0,0
598001,Rajasthan Royals,AM Rahane,28,24,3,0
598001,Rajasthan Royals,BJ Hodge,5,7,0,0
598001,Rajasthan Royals,KK Cooper,2,2,0,0
598001,Rajasthan Royals,MDKJ Perera,14,12,3,0
598001,Rajasthan Royals,R Dravid,65,51,6,2
598001,Rajasthan Royals,R Shukla,1,2,0,0
598001,Rajasthan Royals,STR Binny,40,20,2,3
598002,Chennai Super Kings,AS Rajpoot,2,6,0,0
598002,Chennai Super Kings,B Laughlin,0,1,0,0
598002,Chennai Super Kings,DJ Bravo,10,17,0,0
598002,Chennai Super Kings,M Vijay,5,8,0,0
598002,Chennai Super Kings,MEK Hussey,20,23,3,0
598002,Chennai Super Kings,MS Dhoni,51,26,5,3
598002,Chennai Super Kings,R Ashwin,2,5,0,0
598002,Chennai Super Kings,RA Jadeja,16,11,1,1
598002,Chennai Super Kings,S Badrinath,16,16,1,0
598002,Chennai Super Kings,SK Raina,10,7,1,0
598002,Mumbai Indians,AT Rayudu,7,10,0,0
598002,Mumbai Indians,DR Smith,3,5,0,0
598002,Mumbai Indians,Harbhajan Singh,21,21,1,1
598002,Mumbai Indians,KA Pollard,57,38,4,5
598002,Mumbai Indians,KD Karthik,37,25,4,1
598002,Mumbai Indians,RG Sharma,8,10,1,0
598002,Mumbai Indians,RT Ponting,6,10,0,0
598002,Mumbai Indians,SR Tendulkar,0,1,0,0
598003,Kings XI Punjab,AC Gilchrist,15,10,2,1
598003,Kings XI Punjab,DJ Hussey,8,10,1,0
598003,Kings XI Punjab,M Vohra,43,28,7,0
598003,Kings XI Punjab,Mandeep Singh,31,26,4,0
598003,Pune Warriors,AD Mathews,4,4,1,0
598003,Pune Warriors,AM Nayar,25,26,3,0
598003,Pune Warriors,B Kumar,8,12,1,0
598003,Pune Warriors,LRPL Taylor,15,19,1,0
598003,Pune Warriors,MK Pandey,0,4,0,0
598003,Pune Warriors,MN Samuels,3,9,0,0
598003,Pune Warriors,MR Marsh,15,8,1,1
598003,Pune Warriors,R Sharma,1,1,0,0
598003,Pune Warriors,RV Uthappa,19,23,2,0
598003,Pune Warriors,TL Suman,6,14,1,0
598004,Royal Challengers Bangalore,CH Gayle,11,6,0,1
598004,Royal Challengers Bangalore,JD Unadkat,1,1,0,0
598004,Royal Challengers Bangalore,KB Arun Karthik,0,1,0,0
598004,Royal Challengers Bangalore,KK Nair,9,9,0,0
598004,Royal Challengers Bangalore,M Kartik,2,2,0,0
598004,Royal Challengers Bangalore,MA Agarwal,7,8,0,0
598004,Royal Challengers Bangalore,MC Henriques,44,40,5,0
598004,Royal Challengers Bangalore,R Vinay Kumar,7,4,1,0
598004,Royal Challengers Bangalore,TM Dilshan,5,9,0,0
598004,Royal Challengers Bangalore,V Kohli,51,46,6,1
598004,Sunrisers Hyderabad,A Ashish Reddy,14,12,0,1
598004,Sunrisers Hyderabad,CL White,22,14,1,2
598004,Sunrisers Hyderabad,DW Steyn,3,3,0,0
598004,Sunrisers Hyderabad,GH Vihari,44,46,2,0
598004,Sunrisers Hyderabad,KC Sangakkara,16,17,1,0
598004,Sunrisers Hyderabad,NLTC Perera,9,9,1,0
598004,Sunrisers Hyderabad,PA Patel,2,4,0,0
598004,Sunrisers Hyderabad,PA Reddy,23,21,2,0
598005,Kolkata Knight Riders,B Lee,5,6,1,0
598005,Kolkata Knight Riders,EJG Morgan,51,38,3,3
598005,Kolkata Knight Riders,G Gambhir,22,22,1,1
598005,Kolkata Knight Riders,JH Kallis,0,1,0,0
598005,Kolkata Knight Riders,LR Shukla,2,9,0,0
598005,Kolkata Knight Riders,MK Tiwary,14,13,1,0
598005,Kolkata Knight Riders,MS Bisla,1,4,0,0
598005,Kolkata Knight Riders,Mohammed Shami,5,10,0,0
598005,Kolkata Knight Riders,R Bhatia,12,7,2,0
598005,Kolkata Knight Riders,SP Narine,2,2,0,0
598005,Kolkata Knight Riders,YK Pathan,0,2,0,0
598005,Rajasthan Royals,AM Rahane,36,34,3,1
598005,Rajasthan Royals,BJ Hodge,46,30,7,0
598005,Rajasthan Royals,DH Yagnik,16,11,1,1
598005,Rajasthan Royals,KK Cooper,0,2,0,0
598005,Rajasthan Royals,R Dravid,17,20,2,0
598005,Rajasthan Royals,S Sreesanth,1,2,0,0
598005,Rajasthan Royals,SR Watson,5,10,1,0
598005,Rajasthan Royals,STR Binny,14,11,3,0
598006,Delhi Daredevils,A Nehra,1,5,0,0
598006,Delhi Daredevils,BMAJ Mendis,0,1,0,0
598006,Delhi Daredevils,DA Warner,61,37,5,4
598006,Delhi Daredevils,DPMD Jayawardene,3,6,0,0
598006,Delhi Daredevils,IK Pathan,10,12,0,0
598006,Delhi Daredevils,KM Jadhav,1,2,0,0
598006,Delhi Daredevils,M Morkel,23,9,3,1
598006,Delhi Daredevils,MC Juneja,49,40,6,0
598006,Delhi Daredevils,S Nadeem,2,3,0,0
598006,Delhi Daredevils,UBT Chand,0,1,0,0
598006,Delhi Daredevils,UT Yadav,5,4,1,0
598006,Mumbai Indians,AT Rayudu,24,8,2,2
598006,Mumbai Indians,Harbhajan Singh,1,1,0,0
598006,Mumbai Indians,KA Pollard,13,7,1,1
598006,Mumbai Indians,KD Karthik,86,47,14,2
598006,Mumbai Indians,RG Sharma,74,50,4,5
598006,Mumbai Indians,RT Ponting,0,6,0,0
598006,Mumbai Indians,SR Tendulkar,1,1,0,0
598007,Chennai Super Kings,M Vijay,50,50,3,1
598007,Chennai Super Kings,MEK Hussey,86,54,11,2
598007,Kings XI Punjab,AC Gilchrist,9,6,2,0
598007,Kings XI Punjab,Azhar Mahmood,8,7,0,0
598007,Kings XI Punjab,DJ Hussey,41,36,4,1
598007,Kings XI Punjab,Gurkeerat Singh,31,26,3,0
598007,Kings XI Punjab,M Vohra,16,11,3,0
598007,Kings XI Punjab,Mandeep Singh,9,10,1,0
598007,Kings XI Punjab,P Awana,1,5,0,0
598007,Kings XI Punjab,P Kumar,3,5,0,0
598007,Kings XI Punjab,PP Chawla,4,5,1,0
598007,Kings XI Punjab,R Sathish,8,6,1,0
598007,Kings XI Punjab,RJ Harris,0,2,0,0
598008,Kolkata Knight Riders,EJG Morgan,2,5,0,0
598008,Kolkata Knight Riders,G Gambhir,59,45,7,1
598008,Kolkata Knight Riders,JH Kallis,16,19,2,0
598008,Kolkata Knight Riders,MK Tiwary,23,16,2,0
598008,Kolkata Knight Riders,MS Bisla,1,5,0,0
598008,Kolkata Knight Riders,PJ Sangwan,4,2,1,0
598008,Kolkata Knight Riders,R Bhatia,13,7,2,0
598008,Kolkata Knight Riders,R McLaren,2,3,0,0
598008,Kolkata Knight Riders,SP Narine,1,1,0,0
598008,Kolkata Knight Riders,YK Pathan,27,17,3,1
598008,Royal Challengers Bangalore,AB de Villiers,22,22,2,1
598008,Royal Challengers Bangalore,CH Gayle,85,49,4,9
598008,Royal Challengers Bangalore,MA Agarwal,6,8,1,0
598008,Royal Challengers Bangalore,V Kohli,35,26,4,2
598009,Pune Warriors,AD Mathews,1,1,0,0
598009,Pune Warriors,AJ Finch,64,53,6,3
598009,Pune Warriors,LRPL Taylor,17,20,0,1
598009,Pune Warriors,RV Uthappa,32,15,3,2
598009,Pune Warriors,Yuvraj Singh,28,23,2,2
598009,Rajasthan Royals,AM Rahane,30,27,3,0
598009,Rajasthan Royals,BJ Hodge,22,19,3,0
598009,Rajasthan Royals,DH Yagnik,12,8,2,0
598009,Rajasthan Royals,JP Faulkner,19,14,1,1
598009,Rajasthan Royals,MDKJ Perera,0,1,0,0
598009,Rajasthan Royals,R Dravid,54,47,8,0
598009,Rajasthan Royals,STR Binny,1,4,0,0
598010,Delhi Daredevils,DA Warner,0,4,0,0
598010,Delhi Daredevils,DPMD Jayawardene,12,14,1,1
598010,Delhi Daredevils,IK Pathan,23,30,1,0
598010,Delhi Daredevils,J Botha,9,14,1,0
598010,Delhi Daredevils,KM Jadhav,30,19,1,2
598010,Delhi Daredevils,M Morkel,0,1,0,0
598010,Delhi Daredevils,MC Juneja,15,22,0,0
598010,Delhi Daredevils,S Nadeem,0,1,0,0
598010,Delhi Daredevils,UT Yadav,6,5,1,0
598010,Delhi Daredevils,V Sehwag,12,10,2,0
598010,Sunrisers Hyderabad,A Ashish Reddy,16,9,2,0
598010,Sunrisers Hyderabad,A Mishra,16,13,2,0
598010,Sunrisers Hyderabad,CL White,4,8,0,0
598010,Sunrisers Hyderabad,DW Steyn,9,5,1,0
598010,Sunrisers Hyderabad,GH Vihari,17,23,0,1
598010,Sunrisers Hyderabad,KC Sangakkara,28,28,4,0
598010,Sunrisers Hyderabad,NLTC Perera,2,3,0,0
598010,Sunrisers Hyderabad,PA Patel,19,19,4,0
598010,Sunrisers Hyderabad,PA Reddy,1,8,0,0
598011,Mumbai Indians,KA Pollard,19,14,1,1
598011,Mumbai Indians,KD Karthik,41,29,4,1
598011,Mumbai Indians,RG Sharma,62,31,3,5
598011,Mumbai Indians,RT Ponting,14,17,2,0
598011,Mumbai Indians,SR Tendulkar,44,29,7,1
598011,Pune Warriors,AD Mathews,19,18,0,1
598011,Pune Warriors,AJ Finch,0,1,0,0
598011,Pune Warriors,AM Nayar,6,7,0,0
598011,Pune Warriors,B Kumar,6,11,0,0
598011,Pune Warriors,LRPL Taylor,4,5,1,0
598011,Pune Warriors,MR Marsh,38,26,2,2
598011,Pune Warriors,R Sharma,10,12,1,0
598011,Pune Warriors,RV Uthappa,7,9,1,0
598011,Pune Warriors,TL Suman,23,15,5,0
598011,Pune Warriors,Yuvraj Singh,24,16,1,2
598012,Chennai Super Kings,CH Morris,7,4,0,0
598012,Chennai Super Kings,DJ Bravo,8,3,0,1
598012,Chennai Super Kings,M Vijay,2,5,0,0
598012,Chennai Super Kings,MEK Hussey,6,16,0,0
598012,Chennai Super Kings,MS Dhoni,33,22,1,2
598012,Chennai Super Kings,RA Jadeja,38,19,3,1
598012,Chennai Super Kings,S Badrinath,34,28,4,0
598012,Chennai Super Kings,SK Raina,30,22,5,0
598012,Royal Challengers Bangalore,AB de Villiers,64,32,8,1
598012,Royal Challengers Bangalore,CH Gayle,4,10,1,0
598012,Royal Challengers Bangalore,DT Christian,2,2,0,0
598012,Royal Challengers Bangalore,KB Arun Karthik,5,5,0,0
598012,Royal Challengers Bangalore,MA Agarwal,24,21,2,1
598012,Royal Challengers Bangalore,R Rampaul,0,4,0,0
598012,Royal Challengers Bangalore,V Kohli,58,46,2,2
598013,Kolkata Knight Riders,EJG Morgan,47,21,5,3
598013,Kolkata Knight Riders,G Gambhir,53,45,6,1
598013,Kolkata Knight Riders,JH Kallis,41,27,6,0
598013,Kolkata Knight Riders,MS Bisla,28,24,5,0
598013,Kolkata Knight Riders,YK Pathan,3,3,0,0
598013,Sunrisers Hyderabad,A Ashish Reddy,4,5,0,0
598013,Sunrisers Hyderabad,A Mishra,1,1,0,0
598013,Sunrisers Hyderabad,CL White,34,31,3,1
598013,Sunrisers Hyderabad,DB Ravi Teja,10,13,0,0
598013,Sunrisers Hyderabad,GH Vihari,1,2,0,0
598013,Sunrisers Hyderabad,KC Sangakkara,2,3,0,0
598013,Sunrisers Hyderabad,KV Sharma,5,9,0,0
598013,Sunrisers Hyderabad,NLTC Perera,36,25,2,1
598013,Sunrisers Hyderabad,PA Patel,27,31,2,1
598014,Kings XI Punjab,AC Gilchrist,0,2,0,0
598014,Kings XI Punjab,Azhar Mahmood,23,20,3,0
598014,Kings XI Punjab,DJ Hussey,41,31,4,1
598014,Kings XI Punjab,Gurkeerat Singh,10,15,1,0
598014,Kings XI Punjab,M Vohra,3,6,0,0
598014,Kings XI Punjab,Mandeep Singh,2,8,0,0
598014,Kings XI Punjab,P Awana,0,1,0,0
598014,Kings XI Punjab,P Kumar,15,7,2,1
598014,Kings XI Punjab,PP Chawla,7,9,0,0
598014,Kings XI Punjab,R Sathish,11,11,2,0
598014,Kings XI Punjab,RJ Harris,2,3,0,0
598014,Rajasthan Royals,AM Rahane,34,42,3,0
598014,Rajasthan Royals,BJ Hodge,15,16,2,0
598014,Rajasthan Royals,R Dravid,9,12,2,0
598014,Rajasthan Royals,SR Watson,32,19,7,0
598014,Rajasthan Royals,STR Binny,0,4,0,0
598014,Rajasthan Royals,SV Samson,27,23,3,0
598015,Chennai Super Kings,CH Morris,5,5,0,0
598015,Chennai Super Kings,DJ Bravo,1,4,0,0
598015,Chennai Super Kings,JA Morkel,13,11,0,1
598015,Chennai Super Kings,M Vijay,24,22,2,1
598015,Chennai Super Kings,MS Dhoni,10,13,0,0
598015,Chennai Super Kings,R Ashwin,11,5,2,0
598015,Chennai Super Kings,RA Jadeja,27,22,1,1
598015,Chennai Super Kings,S Anirudha,0,2,0,0
598015,Chennai Super Kings,S Badrinath,34,26,4,0
598015,Chennai Super Kings,SK Raina,8,10,1,0
598015,Pune Warriors,AJ Finch,67,45,10,2
598015,Pune Warriors,AM Nayar,0,1,0,0
598015,Pune Warriors,LRPL Taylor,8,13,0,0
598015,Pune Warriors,MK Pandey,9,8,1,0
598015,Pune Warriors,MR Marsh,2,4,0,0
598015,Pune Warriors,RV Uthappa,26,33,2,0
598015,Pune Warriors,SPD Smith,39,16,3,3
598016,Kings XI Punjab,AC Gilchrist,7,12,1,0
598016,Kings XI Punjab,Azhar Mahmood,0,1,0,0
598016,Kings XI Punjab,DA Miller,20,17,1,0
598016,Kings XI Punjab,DJ Hussey,12,15,0,0
598016,Kings XI Punjab,Gurkeerat Singh,0,1,0,0
598016,Kings XI Punjab,M Vohra,17,16,2,0
598016,Kings XI Punjab,MS Gony,42,18,4,3
598016,Kings XI Punjab,Mandeep Singh,41,30,6,0
598016,Kings XI Punjab,P Kumar,1,2,0,0
598016,Kings XI Punjab,PP Chawla,11,8,2,0
598016,Kolkata Knight Riders,DB Das,1,3,0,0
598016,Kolkata Knight Riders,EJG Morgan,47,38,6,0
598016,Kolkata Knight Riders,G Gambhir,60,39,9,0
598016,Kolkata Knight Riders,JH Kallis,1,6,0,0
598016,Kolkata Knight Riders,MK Tiwary,1,7,0,0
598016,Kolkata Knight Riders,MS Bisla,0,1,0,0
598016,Kolkata Knight Riders,R Bhatia,16,6,0,2
598016,Kolkata Knight Riders,SMSM Senanayake,1,2,0,0
598016,Kolkata Knight Riders,SP Narine,1,2,0,0
598016,Kolkata Knight Riders,YK Pathan,13,16,2,0
598017,Delhi Daredevils,BJ Rohrer,14,15,2,0
598017,Delhi Daredevils,DA Warner,15,14,3,0
598017,Delhi Daredevils,DPMD Jayawardene,28,31,2,0
598017,Delhi Daredevils,IK Pathan,30,12,3,2
598017,Delhi Daredevils,KM Jadhav,29,16,2,1
598017,Delhi Daredevils,MC Juneja,17,16,2,0
598017,Delhi Daredevils,V Sehwag,25,22,4,0
598017,Royal Challengers Bangalore,AB McDonald,0,2,0,0
598017,Royal Challengers Bangalore,AB de Villiers,52,36,3,3
598017,Royal Challengers Bangalore,CH Gayle,15,11,0,2
598017,Royal Challengers Bangalore,J Syed Mohammad,1,2,0,0
598017,Royal Challengers Bangalore,KB Arun Karthik,5,5,0,0
598017,Royal Challengers Bangalore,KL Rahul,12,12,2,0
598017,Royal Challengers Bangalore,R Rampaul,12,7,0,1
598017,Royal Challengers Bangalore,R Vinay Kumar,1,1,0,0
598017,Royal Challengers Bangalore,V Kohli,65,50,7,1
598018,Pune Warriors,AB Dinda,0,1,0,0
598018,Pune Warriors,AD Mathews,20,24,1,0
598018,Pune Warriors,AJ Finch,16,13,3,0
598018,Pune Warriors,AM Nayar,0,2,0,0
598018,Pune Warriors,B Kumar,0,1,0,0
598018,Pune Warriors,MK Pandey,7,6,1,0
598018,Pune Warriors,MR Marsh,14,13,1,1
598018,Pune Warriors,R Sharma,0,1,0,0
598018,Pune Warriors,RV Uthappa,22,14,4,0
598018,Pune Warriors,SPD Smith,17,25,0,0
598018,Pune Warriors,TL Suman,12,14,1,0
598018,Sunrisers Hyderabad,A Ashish Reddy,19,15,0,1
598018,Sunrisers Hyderabad,A Mishra,30,24,3,0
598018,Sunrisers Hyderabad,BB Samantray,37,37,3,1
598018,Sunrisers Hyderabad,CL White,0,1,0,0
598018,Sunrisers Hyderabad,DW Steyn,4,1,1,0
598018,Sunrisers Hyderabad,GH Vihari,1,8,0,0
598018,Sunrisers Hyderabad,KV Sharma,7,13,0,0
598018,Sunrisers Hyderabad,NLTC Perera,2,4,0,0
598018,Sunrisers Hyderabad,PA Patel,12,9,2,0
598018,Sunrisers Hyderabad,Q de Kock,2,8,0,0
598019,Mumbai Indians,AT Rayudu,27,29,2,0
598019,Mumbai Indians,Harbhajan Singh,1,1,0,0
598019,Mumbai Indians,KA Pollard,1,7,0,0
598019,Mumbai Indians,KD Karthik,30,32,3,0
598019,Mumbai Indians,MG Johnson,11,9,2,0
598019,Mumbai Indians,PP Ojha,1,1,0,0
598019,Mumbai Indians,R Dhawan,0,1,0,0
598019,Mumbai Indians,RG Sharma,2,7,0,0
598019,Mumbai Indians,RT Ponting,4,9,0,0
598019,Mumbai Indians,SL Malinga,7,11,1,0
598019,Mumbai Indians,SR Tendulkar,1,3,0,0
598019,Rajasthan Royals,AM Rahane,68,54,8,1
598019,Rajasthan Royals,BJ Hodge,27,15,0,2
598019,Rajasthan Royals,DH Yagnik,34,22,4,1
598019,Rajasthan Royals,SR Watson,31,25,5,1
598019,Rajasthan Royals,STR Binny,4,4,0,0
598020,Chennai Super Kings,DJ Bravo,3,2,0,0
598020,Chennai Super Kings,M Vijay,18,13,3,0
598020,Chennai Super Kings,MEK Hussey,65,50,6,2
598020,Chennai Super Kings,MS Dhoni,44,23,5,1
598020,Chennai Super Kings,SK Raina,30,32,5,0
598020,Delhi Daredevils,AB Agarkar,3,7,0,0
598020,Delhi Daredevils,BMAJ Mendis,12,17,0,0
598020,Delhi Daredevils,DA Warner,1,4,0,0
598020,Delhi Daredevils,DPMD Jayawardene,6,11,1,0
598020,Delhi Daredevils,IK Pathan,2,6,0,0
598020,Delhi Daredevils,KM Jadhav,31,28,3,0
598020,Delhi Daredevils,M Morkel,2,4,0,0
598020,Delhi Daredevils,MC Juneja,2,3,0,0
598020,Delhi Daredevils,S Nadeem,2,7,0,0
598020,Delhi Daredevils,UT Yadav,1,5,0,0
598020,Delhi Daredevils,V Sehwag,17,13,1,1
598021,Kings XI Punjab,AC Gilchrist,26,25,4,0
598021,Kings XI Punjab,AD Mascarenhas,5,5,0,0
598021,Kings XI Punjab,Azhar Mahmood,4,4,1,0
598021,Kings XI Punjab,DJ Hussey,22,24,1,1
598021,Kings XI Punjab,Gurkeerat Singh,17,12,1,1
598021,Kings XI Punjab,M Vohra,0,1,0,0
598021,Kings XI Punjab,Mandeep Singh,10,11,1,0
598021,Kings XI Punjab,P Kumar,3,6,0,0
598021,Kings XI Punjab,PC Valthaty,6,17,0,0
598021,Kings XI Punjab,PP Chawla,23,15,1,2
598021,Sunrisers Hyderabad,A Ashish Reddy,7,7,1,0
598021,Sunrisers Hyderabad,BB Samantray,10,12,1,0
598021,Sunrisers Hyderabad,CL White,16,23,1,0
598021,Sunrisers Hyderabad,GH Vihari,46,39,5,0
598021,Sunrisers Hyderabad,NLTC Perera,23,11,0,3
598021,Sunrisers Hyderabad,PA Reddy,19,17,2,0
598021,Sunrisers Hyderabad,Q de Kock,0,4,0,0
598022,Chennai Super Kings,DJ Bravo,7,4,1,0
598022,Chennai Super Kings,M Vijay,2,5,0,0
598022,Chennai Super Kings,MEK Hussey,40,51,2,1
598022,Chennai Super Kings,MS Dhoni,9,7,0,0
598022,Chennai Super Kings,R Ashwin,11,13,2,0
598022,Chennai Super Kings,RA Jadeja,36,14,3,3
598022,Chennai Super Kings,S Badrinath,6,13,0,0
598022,Chennai Super Kings,SK Raina,7,8,1,0
598022,Kolkata Knight Riders,DB Das,19,15,0,2
598022,Kolkata Knight Riders,EJG Morgan,2,7,0,0
598022,Kolkata Knight Riders,G Gambhir,25,19,5,0
598022,Kolkata Knight Riders,L Balaji,9,7,1,0
598022,Kolkata Knight Riders,LR Shukla,1,3,0,0
598022,Kolkata Knight Riders,MK Tiwary,13,18,0,0
598022,Kolkata Knight Riders,R Bhatia,1,10,0,0
598022,Kolkata Knight Riders,SMSM Senanayake,7,13,0,0
598022,Kolkata Knight Riders,SP Narine,13,6,0,2
598022,Kolkata Knight Riders,YK Pathan,25,22,4,0
598023,Rajasthan Royals,A Chandila,4,6,0,0
598023,Rajasthan Royals,AM Rahane,14,13,2,1
598023,Rajasthan Royals,BJ Hodge,13,17,1,0
598023,Rajasthan Royals,DH Yagnik,5,4,1,0
598023,Rajasthan Royals,JP Faulkner,3,7,0,0
598023,Rajasthan Royals,R Dravid,35,31,5,0
598023,Rajasthan Royals,S Sreesanth,0,2,0,0
598023,Rajasthan Royals,SK Trivedi,3,6,0,0
598023,Rajasthan Royals,SR Watson,6,9,1,0
598023,Rajasthan Royals,STR Binny,33,20,4,1
598023,Rajasthan Royals,SW Tait,1,3,0,0
598023,Royal Challengers Bangalore,AB de Villiers,7,8,1,0
598023,Royal Challengers Bangalore,CH Gayle,49,44,4,1
598023,Royal Challengers Bangalore,SS Tiwary,25,29,2,1
598023,Royal Challengers Bangalore,TM Dilshan,25,22,5,0
598023,Royal Challengers Bangalore,V Kohli,1,4,0,0
598024,Delhi Daredevils,DA Warner,7,5,1,0
598024,Delhi Daredevils,DPMD Jayawardene,59,43,8,1
598024,Delhi Daredevils,V Sehwag,95,54,13,2
598024,Mumbai Indians,AT Rayudu,2,2,0,0
598024,Mumbai Indians,DR Smith,8,12,1,0
598024,Mumbai Indians,KA Pollard,19,10,1,1
598024,Mumbai Indians,KD Karthik,2,6,0,0
598024,Mumbai Indians,RG Sharma,73,43,5,5
598024,Mumbai Indians,SR Tendulkar,54,47,4,2
598025,Kings XI Punjab,AC Gilchrist,4,3,1,0
598025,Kings XI Punjab,Azhar Mahmood,0,4,0,0
598025,Kings XI Punjab,DA Miller,80,41,5,5
598025,Kings XI Punjab,M Vohra,22,13,3,0
598025,Kings XI Punjab,Mandeep Singh,77,58,7,0
598025,Pune Warriors,AJ Finch,64,42,8,2
598025,Pune Warriors,AM Nayar,2,2,0,0
598025,Pune Warriors,LJ Wright,34,10,6,1
598025,Pune Warriors,RV Uthappa,37,33,4,0
598025,Pune Warriors,SPD Smith,6,9,0,0
598025,Pune Warriors,Yuvraj Singh,34,24,2,3
598026,Chennai Super Kings,CH Morris,1,1,0,0
598026,Chennai Super Kings,DJ Bravo,15,9,0,1
598026,Chennai Super Kings,M Vijay,3,5,0,0
598026,Chennai Super Kings,MEK Hussey,88,51,13,1
598026,Chennai Super Kings,MS Dhoni,21,16,1,0
598026,Chennai Super Kings,RA Jadeja,0,2,0,0
598026,Chennai Super Kings,SK Raina,51,35,4,2
598026,Rajasthan Royals,AM Rahane,16,15,1,0
598026,Rajasthan Royals,BJ Hodge,9,6,1,0
598026,Rajasthan Royals,DH Yagnik,7,8,1,0
598026,Rajasthan Royals,R Dravid,6,9,0,0
598026,Rajasthan Royals,SR Watson,101,60,6,6
598026,Rajasthan Royals,STR Binny,36,22,3,1
598027,Pune Warriors,AB Dinda,1,1,0,0
598027,Pune Warriors,AG Murtaza,5,4,1,0
598027,Pune Warriors,AJ Finch,18,15,4,0
598027,Pune Warriors,B Kumar,6,12,1,0
598027,Pune Warriors,IC Pandey,0,2,0,0
598027,Pune Warriors,LJ Wright,7,3,0,1
598027,Pune Warriors,M Manhas,11,13,1,0
598027,Pune Warriors,MR Marsh,24,23,0,2
598027,Pune Warriors,RV Uthappa,0,2,0,0
598027,Pune Warriors,SPD Smith,41,31,6,0
598027,Pune Warriors,Yuvraj Singh,16,14,2,0
598027,Royal Challengers Bangalore,AB de Villiers,31,8,3,3
598027,Royal Challengers Bangalore,CH Gayle,175,65,13,17
598027,Royal Challengers Bangalore,R Rampaul,0,1,0,0
598027,Royal Challengers Bangalore,SS Tiwary,2,2,0,0
598027,Royal Challengers Bangalore,TM Dilshan,33,35,5,0
598027,Royal Challengers Bangalore,V Kohli,11,9,0,1
598028,Delhi Daredevils,BJ Rohrer,49,29,4,3
598028,Delhi Daredevils,CM Gautam,12,8,2,0
598028,Delhi Daredevils,DA Warner,0,1,0,0
598028,Delhi Daredevils,DPMD Jayawardene,39,41,3,1
598028,Delhi Daredevils,IK Pathan,1,7,0,0
598028,Delhi Daredevils,M Morkel,13,4,0,2
598028,Delhi Daredevils,UBT Chand,7,8,0,1
598028,Delhi Daredevils,V Sehwag,30,22,6,0
598028,Kings XI Punjab,AC Gilchrist,42,26,5,2
598028,Kings XI Punjab,Azhar Mahmood,9,13,1,0
598028,Kings XI Punjab,DA Miller,44,24,3,4
598028,Kings XI Punjab,R Sathish,22,13,2,1
598028,Kings XI Punjab,SE Marsh,45,44,7,0
598029,Kolkata Knight Riders,DB Das,6,7,1,0
598029,Kolkata Knight Riders,EJG Morgan,31,25,4,1
598029,Kolkata Knight Riders,G Gambhir,26,20,2,1
598029,Kolkata Knight Riders,JH Kallis,37,38,4,0
598029,Kolkata Knight Riders,MK Tiwary,33,24,2,1
598029,Kolkata Knight Riders,R Bhatia,1,1,0,0
598029,Kolkata Knight Riders,YK Pathan,19,5,3,1
598029,Mumbai Indians,AT Rayudu,13,8,1,0
598029,Mumbai Indians,DR Smith,62,45,3,5
598029,Mumbai Indians,Harbhajan Singh,7,2,0,1
598029,Mumbai Indians,KA Pollard,33,24,2,1
598029,Mumbai Indians,KD Karthik,7,6,1,0
598029,Mumbai Indians,RG Sharma,34,28,1,2
598029,Mumbai Indians,SR Tendulkar,2,6,0,0
598030,Chennai Super Kings,CH Morris,0,1,0,0
598030,Chennai Super Kings,DJ Bravo,7,16,0,0
598030,Chennai Super Kings,M Vijay,18,22,2,0
598030,Chennai Super Kings,MEK Hussey,45,26,5,2
598030,Chennai Super Kings,MS Dhoni,67,36,7,4
598030,Chennai Super Kings,RA Jadeja,1,4,0,0
598030,Chennai Super Kings,SK Raina,16,13,1,0
598030,Sunrisers Hyderabad,A Ashish Reddy,36,16,2,3
598030,Sunrisers Hyderabad,A Mishra,15,21,2,0
598030,Sunrisers Hyderabad,CL White,2,3,0,0
598030,Sunrisers Hyderabad,DJG Sammy,19,12,2,1
598030,Sunrisers Hyderabad,GH Vihari,2,3,0,0
598030,Sunrisers Hyderabad,Q de Kock,4,3,1,0
598030,Sunrisers Hyderabad,S Dhawan,63,45,10,0
598030,Sunrisers Hyderabad,X Thalaivan Sargunam,10,17,0,0
598031,Kings XI Punjab,AC Gilchrist,27,27,4,0
598031,Kings XI Punjab,Azhar Mahmood,2,7,0,0
598031,Kings XI Punjab,DA Miller,10,8,0,1
598031,Kings XI Punjab,DJ Hussey,21,20,1,0
598031,Kings XI Punjab,Gurkeerat Singh,28,15,2,2
598031,Kings XI Punjab,M Vohra,31,21,3,1
598031,Kings XI Punjab,Mandeep Singh,25,20,5,0
598031,Kings XI Punjab,PP Chawla,0,2,0,0
598031,Kolkata Knight Riders,EJG Morgan,42,26,3,4
598031,Kolkata Knight Riders,G Gambhir,8,6,2,0
598031,Kolkata Knight Riders,JH Kallis,37,33,6,0
598031,Kolkata Knight Riders,MS Bisla,51,44,3,3
598031,Kolkata Knight Riders,SMSM Senanayake,0,0,0,0
598031,Kolkata Knight Riders,YK Pathan,0,1,0,0
598032,Rajasthan Royals,AM Rahane,1,9,0,0
598032,Rajasthan Royals,R Dravid,36,35,4,1
598032,Rajasthan Royals,SR Watson,98,53,13,4
598032,Rajasthan Royals,STR Binny,9,10,1,0
598032,Sunrisers Hyderabad,A Ashish Reddy,14,11,1,0
598032,Sunrisers Hyderabad,A Mishra,21,28,2,0
598032,Sunrisers Hyderabad,DJG Sammy,60,41,8,1
598032,Sunrisers Hyderabad,DW Steyn,18,8,2,1
598032,Sunrisers Hyderabad,GH Vihari,4,9,0,0
598032,Sunrisers Hyderabad,KC Sangakkara,4,4,1,0
598032,Sunrisers Hyderabad,KV Sharma,6,8,1,0
598032,Sunrisers Hyderabad,NLTC Perera,4,4,1,0
598032,Sunrisers Hyderabad,PA Reddy,2,5,0,0
598032,Sunrisers Hyderabad,S Dhawan,0,2,0,0
598033,Mumbai Indians,DR Smith,50,36,4,3
598033,Mumbai Indians,Harbhajan Singh,16,8,3,0
598033,Mumbai Indians,KA Pollard,34,16,2,3
598033,Mumbai Indians,KD Karthik,43,33,3,1
598033,Mumbai Indians,MG Johnson,9,5,0,1
598033,Mumbai Indians,RG Sharma,10,8,1,0
598033,Mumbai Indians,SL Malinga,0,1,0,0
598033,Mumbai Indians,SR Tendulkar,23,13,5,0
598033,Royal Challengers Bangalore,AB de Villiers,2,3,0,0
598033,Royal Challengers Bangalore,CH Gayle,18,20,2,1
598033,Royal Challengers Bangalore,J Syed Mohammad,9,11,1,0
598033,Royal Challengers Bangalore,KB Arun Karthik,12,8,0,1
598033,Royal Challengers Bangalore,R Rampaul,23,17,3,0
598033,Royal Challengers Bangalore,R Vinay Kumar,26,20,4,0
598033,Royal Challengers Bangalore,SS Tiwary,21,19,0,1
598033,Royal Challengers Bangalore,TM Dilshan,13,18,2,0
598033,Royal Challengers Bangalore,V Kohli,1,4,0,0
598034,Chennai Super Kings,MEK Hussey,95,59,11,2
598034,Chennai Super Kings,MS Dhoni,18,12,1,1
598034,Chennai Super Kings,RA Jadeja,1,1,0,0
598034,Chennai Super Kings,SK Raina,44,25,4,1
598034,Chennai Super Kings,WP Saha,39,23,4,2
598034,Kolkata Knight Riders,BB McCullum,6,7,1,0
598034,Kolkata Knight Riders,EJG Morgan,32,22,2,2
598034,Kolkata Knight Riders,G Gambhir,14,8,3,0
598034,Kolkata Knight Riders,JH Kallis,19,20,0,1
598034,Kolkata Knight Riders,MS Bisla,92,60,14,2
598034,Kolkata Knight Riders,YK Pathan,3,3,0,0
598035,Delhi Daredevils,BJ Rohrer,13,13,1,0
598035,Delhi Daredevils,DA Warner,51,25,4,4
598035,Delhi Daredevils,DPMD Jayawardene,12,17,2,0
598035,Delhi Daredevils,IK Pathan,4,1,1,0
598035,Delhi Daredevils,KM Jadhav,25,19,0,2
598035,Delhi Daredevils,UBT Chand,17,19,2,0
598035,Delhi Daredevils,V Sehwag,28,26,2,2
598035,Pune Warriors,AJ Finch,37,33,5,0
598035,Pune Warriors,LJ Wright,19,18,3,0
598035,Pune Warriors,M Manhas,2,4,0,0
598035,Pune Warriors,RV Uthappa,37,33,4,0
598035,Pune Warriors,SPD Smith,17,8,2,1
598035,Pune Warriors,Yuvraj Singh,31,24,4,0
598036,Rajasthan Royals,AM Rahane,2,7,0,0
598036,Rajasthan Royals,BJ Hodge,32,18,1,2
598036,Rajasthan Royals,JP Faulkner,1,1,0,0
598036,Rajasthan Royals,OA Shah,1,1,0,0
598036,Rajasthan Royals,R Dravid,22,17,4,0
598036,Rajasthan Royals,SR Watson,41,31,3,1
598036,Rajasthan Royals,STR Binny,6,3,1,0
598036,Rajasthan Royals,SV Samson,63,41,7,2
598036,Royal Challengers Bangalore,A Mukund,19,21,1,0
598036,Royal Challengers Bangalore,AB de Villiers,21,13,3,0
598036,Royal Challengers Bangalore,CH Gayle,34,15,6,1
598036,Royal Challengers Bangalore,MC Henriques,22,18,2,1
598036,Royal Challengers Bangalore,R Rampaul,3,4,0,0
598036,Royal Challengers Bangalore,R Vinay Kumar,22,6,0,3
598036,Royal Challengers Bangalore,SS Tiwary,8,8,0,0
598036,Royal Challengers Bangalore,V Kohli,32,35,3,0
598037,Kings XI Punjab,Azhar Mahmood,9,13,1,0
598037,Kings XI Punjab,DA Miller,56,34,1,5
598037,Kings XI Punjab,DJ Hussey,34,18,5,1
598037,Kings XI Punjab,Gurkeerat Singh,2,4,0,0
598037,Kings XI Punjab,M Vohra,1,2,0,0
598037,Kings XI Punjab,MS Gony,0,3,0,0
598037,Kings XI Punjab,Mandeep Singh,9,8,2,0
598037,Kings XI Punjab,P Awana,0,2,0,0
598037,Kings XI Punjab,P Kumar,24,14,1,2
598037,Kings XI Punjab,PP Chawla,12,10,0,1
598037,Kings XI Punjab,SE Marsh,10,12,1,0
598037,Mumbai Indians,DR Smith,33,32,3,1
598037,Mumbai Indians,KA Pollard,20,20,1,1
598037,Mumbai Indians,KD Karthik,25,19,2,1
598037,Mumbai Indians,RG Sharma,79,39,6,6
598037,Mumbai Indians,SR Tendulkar,9,10,2,0
598038,Chennai Super Kings,MEK Hussey,5,8,1,0
598038,Chennai Super Kings,MS Dhoni,45,16,4,3
598038,Chennai Super Kings,S Badrinath,34,31,2,0
598038,Chennai Super Kings,SK Raina,63,50,5,1
598038,Chennai Super Kings,WP Saha,13,15,1,1
598038,Pune Warriors,AB Dinda,2,2,0,0
598038,Pune Warriors,AJ Finch,15,8,2,1
598038,Pune Warriors,AM Nayar,2,4,0,0
598038,Pune Warriors,B Kumar,24,24,1,1
598038,Pune Warriors,KW Richardson,26,20,2,1
598038,Pune Warriors,LJ Wright,2,6,0,0
598038,Pune Warriors,R Sharma,0,1,0,0
598038,Pune Warriors,RV Uthappa,10,11,0,1
598038,Pune Warriors,SPD Smith,35,39,3,0
598038,Pune Warriors,TL Suman,0,1,0,0
598038,Pune Warriors,Yuvraj Singh,5,4,1,0
598039,Mumbai Indians,AT Rayudu,34,26,4,0
598039,Mumbai Indians,DR Smith,38,39,3,2
598039,Mumbai Indians,KA Pollard,14,19,1,0
598039,Mumbai Indians,KD Karthik,0,2,0,0
598039,Mumbai Indians,RG Sharma,22,22,2,0
598039,Mumbai Indians,SR Tendulkar,14,12,2,0
598039,Sunrisers Hyderabad,DJG Sammy,1,1,0,0
598039,Sunrisers Hyderabad,GH Vihari,25,22,2,0
598039,Sunrisers Hyderabad,KC Sangakkara,21,21,3,0
598039,Sunrisers Hyderabad,PA Reddy,7,9,1,0
598039,Sunrisers Hyderabad,S Dhawan,73,55,9,1
598040,Delhi Daredevils,BJ Rohrer,10,3,0,1
598040,Delhi Daredevils,DA Warner,66,42,6,3
598040,Delhi Daredevils,DPMD Jayawardene,5,8,0,0
598040,Delhi Daredevils,UBT Chand,37,39,4,0
598040,Delhi Daredevils,V Sehwag,17,15,3,0
598040,Kolkata Knight Riders,B Lee,16,6,0,2
598040,Kolkata Knight Riders,DB Das,18,26,1,1
598040,Kolkata Knight Riders,EJG Morgan,10,9,2,0
598040,Kolkata Knight Riders,JH Kallis,12,15,2,0
598040,Kolkata Knight Riders,MS Bisla,4,7,1,0
598040,Kolkata Knight Riders,R Bhatia,26,26,2,0
598040,Kolkata Knight Riders,S Narwal,23,15,4,0
598040,Kolkata Knight Riders,YK Pathan,20,16,2,1
598041,Chennai Super Kings,JA Morkel,23,16,2,1
598041,Chennai Super Kings,MEK Hussey,35,29,3,0
598041,Chennai Super Kings,MS Dhoni,2,2,0,0
598041,Chennai Super Kings,RA Jadeja,5,2,1,0
598041,Chennai Super Kings,SK Raina,100,53,7,6
598041,Chennai Super Kings,WP Saha,18,18,1,1
598041,Kings XI Punjab,DA Miller,51,26,5,2
598041,Kings XI Punjab,DJ Hussey,22,16,2,1
598041,Kings XI Punjab,Gurkeerat Singh,0,1,0,0
598041,Kings XI Punjab,LA Pomersbach,7,9,1,0
598041,Kings XI Punjab,MS Gony,0,1,0,0
598041,Kings XI Punjab,Mandeep Singh,15,15,2,0
598041,Kings XI Punjab,R Sathish,0,1,0,0
598041,Kings XI Punjab,SE Marsh,73,51,8,2
598042,Pune Warriors,AB Dinda,6,5,1,0
598042,Pune Warriors,AD Mathews,32,19,0,3
598042,Pune Warriors,AJ Finch,15,11,1,1
598042,Pune Warriors,AM Nayar,1,3,0,0
598042,Pune Warriors,B Kumar,2,3,0,0
598042,Pune Warriors,BAW Mendis,2,4,0,0
598042,Pune Warriors,R Sharma,0,1,0,0
598042,Pune Warriors,RV Uthappa,75,45,5,5
598042,Pune Warriors,SPD Smith,4,4,1,0
598042,Pune Warriors,TL Suman,11,14,1,0
598042,Pune Warriors,Yuvraj Singh,16,11,0,2
598042,Royal Challengers Bangalore,AB de Villiers,50,23,6,2
598042,Royal Challengers Bangalore,CH Gayle,21,21,2,1
598042,Royal Challengers Bangalore,MC Henriques,27,13,4,1
598042,Royal Challengers Bangalore,SS Tiwary,52,45,2,2
598042,Royal Challengers Bangalore,V Kohli,25,18,3,0
598043,Kolkata Knight Riders,G Gambhir,12,14,1,0
598043,Kolkata Knight Riders,JH Kallis,33,30,2,1
598043,Kolkata Knight Riders,MS Bisla,29,25,4,1
598043,Kolkata Knight Riders,YK Pathan,49,35,3,3
598043,Rajasthan Royals,AM Rahane,6,10,1,0
598043,Rajasthan Royals,DH Yagnik,10,6,2,0
598043,Rajasthan Royals,JP Faulkner,1,4,0,0
598043,Rajasthan Royals,OA Shah,24,22,2,0
598043,Rajasthan Royals,R Dravid,6,3,1,0
598043,Rajasthan Royals,SR Watson,35,34,4,0
598043,Rajasthan Royals,STR Binny,3,5,0,0
598043,Rajasthan Royals,SV Samson,40,36,1,2
598044,Delhi Daredevils,A Nehra,0,1,0,0
598044,Delhi Daredevils,BMAJ Mendis,11,9,0,0
598044,Delhi Daredevils,DA Warner,8,15,0,0
598044,Delhi Daredevils,DPMD Jayawardene,11,12,1,1
598044,Delhi Daredevils,IK Pathan,13,19,0,0
598044,Delhi Daredevils,J Botha,1,7,0,0
598044,Delhi Daredevils,KM Jadhav,3,4,0,0
598044,Delhi Daredevils,S Nadeem,0,3,0,0
598044,Delhi Daredevils,UBT Chand,17,23,3,0
598044,Delhi Daredevils,UT Yadav,2,5,0,0
598044,Delhi Daredevils,V Sehwag,8,17,0,0
598044,Sunrisers Hyderabad,A Ashish Reddy,5,6,1,0
598044,Sunrisers Hyderabad,DJG Sammy,18,20,0,1
598044,Sunrisers Hyderabad,GH Vihari,11,9,2,0
598044,Sunrisers Hyderabad,KC Sangakkara,8,14,0,0
598044,Sunrisers Hyderabad,PA Patel,14,18,1,0
598044,Sunrisers Hyderabad,S Dhawan,22,16,4,0
598045,Kings XI Punjab,AC Gilchrist,85,54,10,3
598045,Kings XI Punjab,Azhar Mahmood,61,41,8,1
598045,Kings XI Punjab,DA Miller,2,4,0,0
598045,Kings XI Punjab,R Sathish,12,6,1,1
598045,Kings XI Punjab,SE Marsh,8,4,2,0
598045,Royal Challengers Bangalore,AB de Villiers,6,2,0,1
598045,Royal Challengers Bangalore,CA Pujara,19,20,3,0
598045,Royal Challengers Bangalore,CH Gayle,77,52,4,6
598045,Royal Challengers Bangalore,KL Rahul,8,4,2,0
598045,Royal Challengers Bangalore,MC Henriques,0,1,0,0
598045,Royal Challengers Bangalore,V Kohli,57,41,6,2
598046,Chennai Super Kings,B Laughlin,4,8,0,0
598046,Chennai Super Kings,CH Morris,1,4,0,0
598046,Chennai Super Kings,DJ Bravo,9,7,2,0
598046,Chennai Super Kings,M Vijay,2,4,0,0
598046,Chennai Super Kings,MEK Hussey,22,26,1,1
598046,Chennai Super Kings,MM Sharma,0,3,0,0
598046,Chennai Super Kings,MS Dhoni,10,12,1,0
598046,Chennai Super Kings,R Ashwin,2,8,0,0
598046,Chennai Super Kings,RA Jadeja,20,16,2,0
598046,Chennai Super Kings,S Badrinath,0,3,0,0
598046,Chennai Super Kings,SK Raina,0,1,0,0
598046,Mumbai Indians,AT Rayudu,10,11,1,0
598046,Mumbai Indians,DR Smith,22,24,2,1
598046,Mumbai Indians,Harbhajan Singh,25,11,2,2
598046,Mumbai Indians,KA Pollard,1,3,0,0
598046,Mumbai Indians,KD Karthik,23,23,2,1
598046,Mumbai Indians,RG Sharma,39,30,3,1
598046,Mumbai Indians,SR Tendulkar,15,18,1,1
598047,Pune Warriors,AD Mathews,18,15,2,0
598047,Pune Warriors,AJ Finch,45,32,7,0
598047,Pune Warriors,MR Marsh,35,21,2,3
598047,Pune Warriors,RV Uthappa,54,41,8,1
598047,Pune Warriors,Yuvraj Singh,15,11,1,1
598047,Rajasthan Royals,AM Rahane,67,48,6,2
598047,Rajasthan Royals,BJ Hodge,4,5,0,0
598047,Rajasthan Royals,JP Faulkner,3,2,0,0
598047,Rajasthan Royals,R Dravid,58,40,9,1
598047,Rajasthan Royals,SR Watson,5,5,1,0
598047,Rajasthan Royals,STR Binny,32,13,2,2
598047,Rajasthan Royals,SV Samson,10,6,2,0
598048,Royal Challengers Bangalore,AB de Villiers,15,15,0,1
598048,Royal Challengers Bangalore,CH Gayle,13,15,2,0
598048,Royal Challengers Bangalore,MA Agarwal,29,20,3,2
598048,Royal Challengers Bangalore,MC Henriques,7,9,1,0
598048,Royal Challengers Bangalore,V Kohli,93,47,11,4
598048,Sunrisers Hyderabad,A Ashish Reddy,3,4,0,0
598048,Sunrisers Hyderabad,BB Samantray,2,2,0,0
598048,Sunrisers Hyderabad,CL White,52,34,3,3
598048,Sunrisers Hyderabad,GH Vihari,4,3,0,0
598048,Sunrisers Hyderabad,KC Sangakkara,23,24,2,0
598048,Sunrisers Hyderabad,NLTC Perera,40,23,1,4
598048,Sunrisers Hyderabad,PA Patel,20,19,2,0
598048,Sunrisers Hyderabad,PA Reddy,12,11,2,0
598049,Delhi Daredevils,BJ Rohrer,64,40,9,1
598049,Delhi Daredevils,CM Gautam,2,3,0,0
598049,Delhi Daredevils,DA Warner,13,18,2,0
598049,Delhi Daredevils,DPMD Jayawardene,34,31,4,1
598049,Delhi Daredevils,KM Jadhav,23,21,2,0
598049,Delhi Daredevils,V Sehwag,11,7,2,0
598049,Rajasthan Royals,AM Rahane,63,45,5,1
598049,Rajasthan Royals,R Dravid,53,48,7,0
598049,Rajasthan Royals,SR Watson,28,14,3,1
598050,Kolkata Knight Riders,DB Das,23,17,2,2
598050,Kolkata Knight Riders,EJG Morgan,5,10,0,0
598050,Kolkata Knight Riders,G Gambhir,0,2,0,0
598050,Kolkata Knight Riders,Iqbal Abdulla,6,11,0,0
598050,Kolkata Knight Riders,JH Kallis,24,26,2,1
598050,Kolkata Knight Riders,L Balaji,0,3,0,0
598050,Kolkata Knight Riders,MS Bisla,17,19,3,0
598050,Kolkata Knight Riders,R Bhatia,4,5,0,0
598050,Kolkata Knight Riders,R McLaren,1,3,0,0
598050,Kolkata Knight Riders,SP Narine,3,6,0,0
598050,Kolkata Knight Riders,YK Pathan,13,8,1,1
598050,Mumbai Indians,DR Smith,47,53,7,0
598050,Mumbai Indians,KA Pollard,4,4,1,0
598050,Mumbai Indians,KD Karthik,34,18,3,2
598050,Mumbai Indians,MG Johnson,10,6,0,1
598050,Mumbai Indians,RG Sharma,16,11,1,1
598050,Mumbai Indians,SR Tendulkar,48,28,8,0
598051,Chennai Super Kings,M Vijay,29,20,2,3
598051,Chennai Super Kings,MEK Hussey,67,41,5,4
598051,Chennai Super Kings,MS Dhoni,4,2,0,0
598051,Chennai Super Kings,RA Jadeja,14,6,3,0
598051,Chennai Super Kings,SK Raina,99,51,11,3
598051,Sunrisers Hyderabad,A Mishra,6,8,0,0
598051,Sunrisers Hyderabad,DJG Sammy,7,3,0,1
598051,Sunrisers Hyderabad,DW Steyn,14,13,1,1
598051,Sunrisers Hyderabad,GH Vihari,3,8,0,0
598051,Sunrisers Hyderabad,KC Sangakkara,3,9,0,0
598051,Sunrisers Hyderabad,KV Sharma,39,33,3,1
598051,Sunrisers Hyderabad,NLTC Perera,23,13,1,2
598051,Sunrisers Hyderabad,PA Patel,44,30,6,1
598051,Sunrisers Hyderabad,S Dhawan,3,3,0,0
598052,Kings XI Punjab,AC Gilchrist,42,32,6,0
598052,Kings XI Punjab,DA Miller,8,11,0,0
598052,Kings XI Punjab,DJ Hussey,1,3,0,0
598052,Kings XI Punjab,MS Gony,3,3,0,0
598052,Kings XI Punjab,Mandeep Singh,0,3,0,0
598052,Kings XI Punjab,PP Chawla,1,1,0,0
598052,Kings XI Punjab,R Sathish,4,3,0,0
598052,Kings XI Punjab,SE Marsh,77,64,6,2
598052,Rajasthan Royals,AM Rahane,59,49,3,3
598052,Rajasthan Royals,R Dravid,4,7,1,0
598052,Rajasthan Royals,SR Watson,31,25,3,1
598052,Rajasthan Royals,SV Samson,47,33,5,1
598053,Kolkata Knight Riders,EJG Morgan,15,15,1,0
598053,Kolkata Knight Riders,G Gambhir,50,44,6,0
598053,Kolkata Knight Riders,JH Kallis,2,6,0,0
598053,Kolkata Knight Riders,MK Tiwary,15,10,2,0
598053,Kolkata Knight Riders,MS Bisla,12,13,2,0
598053,Kolkata Knight Riders,R Bhatia,13,5,1,1
598053,Kolkata Knight Riders,RN ten Doeschate,31,21,3,1
598053,Kolkata Knight Riders,YK Pathan,3,6,0,0
598053,Pune Warriors,AD Mathews,40,28,0,4
598053,Pune Warriors,AJ Finch,5,5,1,0
598053,Pune Warriors,B Kumar,1,3,0,0
598053,Pune Warriors,K Upadhyay,1,1,0,0
598053,Pune Warriors,M Rawat,5,11,0,0
598053,Pune Warriors,MR Marsh,5,8,0,0
598053,Pune Warriors,Parvez Rasool,1,4,0,0
598053,Pune Warriors,RV Uthappa,31,34,2,0
598053,Pune Warriors,UA Birla,7,14,1,0
598053,Pune Warriors,WD Parnell,5,7,0,0
598053,Pune Warriors,Yuvraj Singh,1,2,0,0
598054,Delhi Daredevils,BJ Rohrer,32,27,4,0
598054,Delhi Daredevils,DA Warner,4,6,1,0
598054,Delhi Daredevils,DPMD Jayawardene,19,13,4,0
598054,Delhi Daredevils,IK Pathan,23,10,2,2
598054,Delhi Daredevils,KM Jadhav,8,8,0,0
598054,Delhi Daredevils,M Morkel,19,10,3,0
598054,Delhi Daredevils,UBT Chand,41,35,4,1
598054,Delhi Daredevils,UT Yadav,4,1,1,0
598054,Delhi Daredevils,V Sehwag,18,10,4,0
598054,Royal Challengers Bangalore,AB de Villiers,32,17,2,2
598054,Royal Challengers Bangalore,CA Pujara,17,17,3,0
598054,Royal Challengers Bangalore,CH Gayle,4,7,1,0
598054,Royal Challengers Bangalore,MC Henriques,26,22,3,0
598054,Royal Challengers Bangalore,V Kohli,99,57,10,4
598055,Mumbai Indians,AT Rayudu,26,23,2,1
598055,Mumbai Indians,DR Smith,0,1,0,0
598055,Mumbai Indians,GJ Maxwell,13,7,1,1
598055,Mumbai Indians,Harbhajan Singh,4,3,1,0
598055,Mumbai Indians,KD Karthik,17,25,1,1
598055,Mumbai Indians,RG Sharma,37,41,3,0
598055,Mumbai Indians,SR Tendulkar,15,13,3,0
598055,Pune Warriors,AD Mathews,0,2,0,0
598055,Pune Warriors,AJ Finch,10,11,2,0
598055,Pune Warriors,AM Nayar,11,14,0,0
598055,Pune Warriors,B Kumar,2,2,0,0
598055,Pune Warriors,KW Richardson,8,16,0,0
598055,Pune Warriors,MK Pandey,29,29,1,1
598055,Pune Warriors,Parvez Rasool,4,5,0,0
598055,Pune Warriors,RV Uthappa,11,12,1,0
598055,Pune Warriors,Yuvraj Singh,33,29,1,2
598056,Kings XI Punjab,AC Gilchrist,26,22,4,0
598056,Kings XI Punjab,DA Miller,6,7,1,0
598056,Kings XI Punjab,Harmeet Singh,3,4,0,0
598056,Kings XI Punjab,LA Pomersbach,33,40,1,1
598056,Kings XI Punjab,Mandeep Singh,0,2,0,0
598056,Kings XI Punjab,P Awana,0,1,0,0
598056,Kings XI Punjab,P Kumar,1,3,0,0
598056,Kings XI Punjab,PP Chawla,0,2,0,0
598056,Kings XI Punjab,R Sathish,25,18,1,2
598056,Kings XI Punjab,SE Marsh,18,20,3,0
598056,Kings XI Punjab,Sandeep Sharma,0,1,0,0
598056,Sunrisers Hyderabad,BB Samantray,0,1,0,0
598056,Sunrisers Hyderabad,CL White,10,8,2,0
598056,Sunrisers Hyderabad,DJG Sammy,0,3,0,0
598056,Sunrisers Hyderabad,DW Steyn,1,3,0,0
598056,Sunrisers Hyderabad,GH Vihari,5,7,1,0
598056,Sunrisers Hyderabad,KV Sharma,22,18,2,1
598056,Sunrisers Hyderabad,NLTC Perera,32,19,2,2
598056,Sunrisers Hyderabad,PA Patel,61,47,5,2
598056,Sunrisers Hyderabad,S Dhawan,15,14,2,0
598057,Kolkata Knight Riders,G Gambhir,14,15,3,0
598057,Kolkata Knight Riders,JH Kallis,41,45,4,0
598057,Kolkata Knight Riders,MK Tiwary,24,27,3,0
598057,Kolkata Knight Riders,MS Bisla,0,2,0,0
598057,Kolkata Knight Riders,R Bhatia,3,4,0,0
598057,Kolkata Knight Riders,RN ten Doeschate,11,7,2,0
598057,Kolkata Knight Riders,YK Pathan,18,16,1,1
598057,Royal Challengers Bangalore,A Mithun,2,2,0,0
598057,Royal Challengers Bangalore,AB de Villiers,28,22,1,1
598057,Royal Challengers Bangalore,CA Pujara,5,14,0,0
598057,Royal Challengers Bangalore,CH Gayle,33,36,1,1
598057,Royal Challengers Bangalore,JD Unadkat,1,1,0,0
598057,Royal Challengers Bangalore,M Kartik,0,1,0,0
598057,Royal Challengers Bangalore,MC Henriques,11,11,0,0
598057,Royal Challengers Bangalore,R Rampaul,0,3,0,0
598057,Royal Challengers Bangalore,R Vinay Kumar,14,13,1,0
598057,Royal Challengers Bangalore,SS Tiwary,1,3,0,0
598057,Royal Challengers Bangalore,V Kohli,17,14,2,0
598058,Chennai Super Kings,DJ Bravo,23,11,4,0
598058,Chennai Super Kings,M Vijay,55,50,6,0
598058,Chennai Super Kings,MEK Hussey,40,40,6,0
598058,Chennai Super Kings,MS Dhoni,2,3,0,0
598058,Chennai Super Kings,RA Jadeja,12,14,0,0
598058,Chennai Super Kings,SK Raina,1,2,0,0
598058,Rajasthan Royals,AM Rahane,9,10,1,0
598058,Rajasthan Royals,BJ Hodge,0,1,0,0
598058,Rajasthan Royals,JP Faulkner,1,2,0,0
598058,Rajasthan Royals,R Dravid,22,28,2,0
598058,Rajasthan Royals,SR Watson,70,34,6,6
598058,Rajasthan Royals,STR Binny,41,23,2,3
598058,Rajasthan Royals,SV Samson,0,5,0,0
598059,Delhi Daredevils,AB Agarkar,9,9,0,0
598059,Delhi Daredevils,DA Warner,40,36,4,1
598059,Delhi Daredevils,DPMD Jayawardene,4,4,1,0
598059,Delhi Daredevils,IK Pathan,14,17,1,0
598059,Delhi Daredevils,J Botha,1,2,0,0
598059,Delhi Daredevils,KM Jadhav,0,2,0,0
598059,Delhi Daredevils,MC Juneja,14,20,1,0
598059,Delhi Daredevils,RE van der Merwe,8,9,1,0
598059,Delhi Daredevils,V Sehwag,23,21,2,1
598059,Kings XI Punjab,AC Gilchrist,6,3,1,0
598059,Kings XI Punjab,DA Miller,34,39,3,0
598059,Kings XI Punjab,DJ Hussey,20,21,1,1
598059,Kings XI Punjab,LA Pomersbach,18,10,3,0
598059,Kings XI Punjab,M Vohra,8,11,1,0
598059,Kings XI Punjab,Mandeep Singh,24,15,5,0
598059,Kings XI Punjab,PP Chawla,5,3,1,0
598060,Mumbai Indians,AT Rayudu,2,5,0,0
598060,Mumbai Indians,DR Smith,21,17,4,0
598060,Mumbai Indians,KA Pollard,66,26,2,8
598060,Mumbai Indians,KD Karthik,30,23,4,0
598060,Mumbai Indians,RG Sharma,20,15,0,2
598060,Mumbai Indians,SR Tendulkar,38,31,3,1
598060,Sunrisers Hyderabad,CL White,43,23,3,3
598060,Sunrisers Hyderabad,GH Vihari,41,37,4,0
598060,Sunrisers Hyderabad,NLTC Perera,2,5,0,0
598060,Sunrisers Hyderabad,PA Patel,26,14,5,0
598060,Sunrisers Hyderabad,S Dhawan,59,41,6,2
598061,Kolkata Knight Riders,DB Das,8,6,1,0
598061,Kolkata Knight Riders,G Gambhir,12,17,1,0
598061,Kolkata Knight Riders,JH Kallis,1,7,0,0
598061,Kolkata Knight Riders,MK Tiwary,0,2,0,0
598061,Kolkata Knight Riders,MS Bisla,1,4,0,0
598061,Kolkata Knight Riders,R Bhatia,10,9,1,0
598061,Kolkata Knight Riders,RN ten Doeschate,42,30,4,1
598061,Kolkata Knight Riders,SMSM Senanayake,2,1,0,0
598061,Kolkata Knight Riders,YK Pathan,72,44,8,3
598061,Pune Warriors,AJ Finch,48,32,2,3
598061,Pune Warriors,MK Pandey,66,47,8,1
598061,Pune Warriors,RV Uthappa,25,21,1,2
598061,Pune Warriors,Yuvraj Singh,30,20,0,3
598062,Chennai Super Kings,DJ Bravo,12,8,1,0
598062,Chennai Super Kings,M Vijay,31,23,3,1
598062,Chennai Super Kings,MEK Hussey,26,26,3,0
598062,Chennai Super Kings,MS Dhoni,58,35,2,4
598062,Chennai Super Kings,RA Jadeja,24,17,2,0
598062,Chennai Super Kings,SK Raina,7,11,0,0
598062,Delhi Daredevils,A Nehra,0,1,0,0
598062,Delhi Daredevils,BJ Rohrer,4,5,0,0
598062,Delhi Daredevils,DA Warner,44,37,2,1
598062,Delhi Daredevils,IK Pathan,4,5,0,0
598062,Delhi Daredevils,J Botha,23,20,3,1
598062,Delhi Daredevils,KM Jadhav,2,4,0,0
598062,Delhi Daredevils,RE van der Merwe,14,16,1,0
598062,Delhi Daredevils,S Kaul,7,9,0,0
598062,Delhi Daredevils,UBT Chand,16,12,2,1
598062,Delhi Daredevils,UT Yadav,12,9,0,1
598062,Delhi Daredevils,V Sehwag,0,2,0,0
598063,Mumbai Indians,AP Tare,59,37,8,1
598063,Mumbai Indians,AT Rayudu,7,7,0,0
598063,Mumbai Indians,GJ Maxwell,23,17,0,3
598063,Mumbai Indians,Harbhajan Singh,15,7,1,1
598063,Mumbai Indians,KA Pollard,17,14,1,1
598063,Mumbai Indians,KD Karthik,21,21,3,0
598063,Mumbai Indians,MG Johnson,2,7,0,0
598063,Mumbai Indians,RG Sharma,14,9,2,0
598063,Mumbai Indians,SL Malinga,1,1,0,0
598063,Rajasthan Royals,AM Rahane,4,8,0,0
598063,Rajasthan Royals,BJ Hodge,39,27,7,0
598063,Rajasthan Royals,DH Yagnik,10,14,1,0
598063,Rajasthan Royals,JP Faulkner,12,13,2,0
598063,Rajasthan Royals,KK Cooper,7,4,0,1
598063,Rajasthan Royals,R Dravid,4,5,1,0
598063,Rajasthan Royals,SR Watson,19,16,0,2
598063,Rajasthan Royals,STR Binny,37,29,3,1
598063,Rajasthan Royals,SV Samson,4,4,1,0
598064,Kings XI Punjab,DA Miller,101,37,8,7
598064,Kings XI Punjab,DJ Hussey,13,14,1,0
598064,Kings XI Punjab,Gurkeerat Singh,20,20,3,0
598064,Kings XI Punjab,Mandeep Singh,16,12,3,0
598064,Kings XI Punjab,R Sathish,27,18,2,1
598064,Kings XI Punjab,SE Marsh,6,7,1,0
598064,Royal Challengers Bangalore,AB de Villiers,38,19,4,2
598064,Royal Challengers Bangalore,CA Pujara,51,48,8,0
598064,Royal Challengers Bangalore,CH Gayle,61,32,6,3
598064,Royal Challengers Bangalore,MC Henriques,16,7,2,1
598064,Royal Challengers Bangalore,V Kohli,14,14,1,0
598065,Rajasthan Royals,AM Rahane,12,25,0,1
598065,Rajasthan Royals,BJ Hodge,8,7,1,0
598065,Rajasthan Royals,JP Faulkner,6,3,0,1
598065,Rajasthan Royals,KK Cooper,26,12,3,1
598065,Rajasthan Royals,PV Tambe,3,6,0,0
598065,Rajasthan Royals,R Dravid,25,24,2,1
598065,Rajasthan Royals,SK Trivedi,0,1,0,0
598065,Rajasthan Royals,SR Watson,11,20,0,0
598065,Rajasthan Royals,STR Binny,8,8,1,0
598065,Rajasthan Royals,SV Samson,5,7,0,0
598065,Rajasthan Royals,Sachin Baby,3,7,0,0
598065,Sunrisers Hyderabad,BB Samantray,55,46,6,1
598065,Sunrisers Hyderabad,CL White,0,1,0,0
598065,Sunrisers Hyderabad,DJG Sammy,23,19,1,1
598065,Sunrisers Hyderabad,DW Steyn,0,1,0,0
598065,Sunrisers Hyderabad,GH Vihari,19,28,0,0
598065,Sunrisers Hyderabad,KV Sharma,4,3,0,0
598065,Sunrisers Hyderabad,NLTC Perera,17,13,0,0
598065,Sunrisers Hyderabad,PA Patel,2,6,0,0
598065,Sunrisers Hyderabad,S Dhawan,1,3,0,0
598066,Kings XI Punjab,AC Gilchrist,5,7,1,0
598066,Kings XI Punjab,Azhar Mahmood,80,44,8,4
598066,Kings XI Punjab,DA Miller,6,5,1,0
598066,Kings XI Punjab,Gurkeerat Singh,0,1,0,0
598066,Kings XI Punjab,M Vohra,20,8,3,1
598066,Kings XI Punjab,Mandeep Singh,1,5,0,0
598066,Kings XI Punjab,P Kumar,0,1,0,0
598066,Kings XI Punjab,PP Chawla,1,2,0,0
598066,Kings XI Punjab,SE Marsh,63,47,11,0
598066,Mumbai Indians,AP Tare,22,12,2,2
598066,Mumbai Indians,AT Rayudu,26,22,3,0
598066,Mumbai Indians,GJ Maxwell,0,3,0,0
598066,Mumbai Indians,Harbhajan Singh,5,8,0,0
598066,Mumbai Indians,KA Pollard,22,20,1,1
598066,Mumbai Indians,KD Karthik,0,3,0,0
598066,Mumbai Indians,NM Coulter-Nile,9,6,0,1
598066,Mumbai Indians,R Dhawan,14,15,2,0
598066,Mumbai Indians,RG Sharma,25,25,2,1
598066,Mumbai Indians,SL Malinga,1,1,0,0
598067,Delhi Daredevils,B Chipli,16,17,1,1
598067,Delhi Daredevils,BJ Rohrer,7,9,1,0
598067,Delhi Daredevils,CM Gautam,30,23,2,1
598067,Delhi Daredevils,DA Warner,2,5,0,0
598067,Delhi Daredevils,DPMD Jayawardene,14,13,3,0
598067,Delhi Daredevils,IK Pathan,24,28,2,0
598067,Delhi Daredevils,M Morkel,0,1,0,0
598067,Delhi Daredevils,S Nadeem,6,5,1,0
598067,Delhi Daredevils,UT Yadav,8,9,0,0
598067,Delhi Daredevils,V Sehwag,11,10,2,0
598067,Pune Warriors,AD Mathews,30,22,0,2
598067,Pune Warriors,AJ Finch,52,34,3,4
598067,Pune Warriors,LJ Wright,44,22,7,1
598067,Pune Warriors,MK Pandey,10,14,0,1
598067,Pune Warriors,RV Gomez,4,1,1,0
598067,Pune Warriors,RV Uthappa,24,20,3,0
598067,Pune Warriors,Yuvraj Singh,3,7,0,0
598068,Chennai Super Kings,DJ Bravo,11,9,0,1
598068,Chennai Super Kings,M Vijay,32,19,2,2
598068,Chennai Super Kings,MEK Hussey,6,5,1,0
598068,Chennai Super Kings,MS Dhoni,24,10,2,2
598068,Chennai Super Kings,RA Jadeja,7,4,1,0
598068,Chennai Super Kings,SK Raina,0,1,0,0
598068,Royal Challengers Bangalore,AB de Villiers,5,3,1,0
598068,Royal Challengers Bangalore,CH Gayle,28,13,0,4
598068,Royal Challengers Bangalore,MC Henriques,12,3,3,0
598068,Royal Challengers Bangalore,V Kohli,56,29,6,4
598069,Kolkata Knight Riders,EJG Morgan,9,9,1,0
598069,Kolkata Knight Riders,G Gambhir,10,17,0,0
598069,Kolkata Knight Riders,Iqbal Abdulla,2,3,0,0
598069,Kolkata Knight Riders,JH Kallis,24,29,2,0
598069,Kolkata Knight Riders,MS Bisla,15,18,3,0
598069,Kolkata Knight Riders,P Dogra,5,8,0,0
598069,Kolkata Knight Riders,RN ten Doeschate,1,5,0,0
598069,Kolkata Knight Riders,SP Narine,1,2,0,0
598069,Kolkata Knight Riders,YK Pathan,49,29,3,3
598069,Sunrisers Hyderabad,BB Samantray,5,2,1,0
598069,Sunrisers Hyderabad,CL White,2,4,0,0
598069,Sunrisers Hyderabad,DJG Sammy,17,12,0,2
598069,Sunrisers Hyderabad,GH Vihari,6,13,0,0
598069,Sunrisers Hyderabad,NLTC Perera,4,10,0,0
598069,Sunrisers Hyderabad,PA Patel,47,37,7,0
598069,Sunrisers Hyderabad,S Dhawan,42,35,3,2
598070,Chennai Super Kings,M Vijay,23,20,2,0
598070,Chennai Super Kings,MEK Hussey,86,58,10,2
598070,Chennai Super Kings,SK Raina,82,42,5,5
598070,Mumbai Indians,AP Tare,7,7,1,0
598070,Mumbai Indians,AT Rayudu,15,13,1,0
598070,Mumbai Indians,DR Smith,68,28,6,5
598070,Mumbai Indians,Harbhajan Singh,0,4,0,0
598070,Mumbai Indians,KA Pollard,24,16,1,2
598070,Mumbai Indians,KD Karthik,11,18,1,0
598070,Mumbai Indians,MG Johnson,6,7,0,0
598070,Mumbai Indians,PP Ojha,0,2,0,0
598070,Mumbai Indians,RG Sharma,8,15,0,0
598070,Mumbai Indians,SL Malinga,0,2,0,0
598071,Rajasthan Royals,AM Rahane,18,20,0,1
598071,Rajasthan Royals,BJ Hodge,54,29,2,5
598071,Rajasthan Royals,DH Yagnik,0,4,0,0
598071,Rajasthan Royals,JP Faulkner,11,11,2,0
598071,Rajasthan Royals,R Dravid,12,10,3,0
598071,Rajasthan Royals,SR Watson,24,15,5,0
598071,Rajasthan Royals,STR Binny,2,6,0,0
598071,Rajasthan Royals,SV Samson,10,21,0,0
598071,Sunrisers Hyderabad,BB Samantray,14,11,2,0
598071,Sunrisers Hyderabad,CL White,31,28,5,0
598071,Sunrisers Hyderabad,DJG Sammy,29,21,0,3
598071,Sunrisers Hyderabad,DW Steyn,4,2,0,0
598071,Sunrisers Hyderabad,GH Vihari,1,8,0,0
598071,Sunrisers Hyderabad,KV Sharma,2,2,0,0
598071,Sunrisers Hyderabad,NLTC Perera,11,6,1,1
598071,Sunrisers Hyderabad,PA Patel,1,3,0,0
598071,Sunrisers Hyderabad,S Dhawan,33,39,3,0
598072,Mumbai Indians,AP Tare,35,27,3,2
598072,Mumbai Indians,AT Rayudu,17,11,1,1
598072,Mumbai Indians,DR Smith,62,44,6,2
598072,Mumbai Indians,Harbhajan Singh,6,4,1,0
598072,Mumbai Indians,KA Pollard,11,6,0,1
598072,Mumbai Indians,KD Karthik,22,17,3,0
598072,Mumbai Indians,R Dhawan,4,2,1,0
598072,Mumbai Indians,RG Sharma,2,8,0,0
598072,Rajasthan Royals,AM Rahane,21,18,3,0
598072,Rajasthan Royals,BJ Hodge,19,20,2,0
598072,Rajasthan Royals,DH Yagnik,31,16,5,0
598072,Rajasthan Royals,KK Cooper,4,2,1,0
598072,Rajasthan Royals,R Dravid,43,37,7,0
598072,Rajasthan Royals,SR Watson,6,8,1,0
598072,Rajasthan Royals,STR Binny,27,17,3,1
598072,Rajasthan Royals,SV Samson,0,2,0,0
598073,Chennai Super Kings,CH Morris,0,1,0,0
598073,Chennai Super Kings,DJ Bravo,15,16,3,0
598073,Chennai Super Kings,JA Morkel,10,10,0,1
598073,Chennai Super Kings,M Vijay,18,20,2,0
598073,Chennai Super Kings,MEK Hussey,1,2,0,0
598073,Chennai Super Kings,MM Sharma,0,2,0,0
598073,Chennai Super Kings,MS Dhoni,63,45,3,5
598073,Chennai Super Kings,R Ashwin,9,18,0,0
598073,Chennai Super Kings,RA Jadeja,0,2,0,0
598073,Chennai Super Kings,S Badrinath,0,3,0,0
598073,Chennai Super Kings,SK Raina,0,1,0,0
598073,Mumbai Indians,AP Tare,0,1,0,0
598073,Mumbai Indians,AT Rayudu,37,36,4,0
598073,Mumbai Indians,DR Smith,4,4,1,0
598073,Mumbai Indians,Harbhajan Singh,14,8,3,0
598073,Mumbai Indians,KA Pollard,60,32,7,3
598073,Mumbai Indians,KD Karthik,21,26,3,0
598073,Mumbai Indians,MG Johnson,1,2,0,0
598073,Mumbai Indians,PP Ojha,1,1,0,0
598073,Mumbai Indians,R Dhawan,3,3,0,0
598073,Mumbai Indians,RG Sharma,2,5,0,0
598073,Mumbai Indians,SL Malinga,0,2,0,0
729279,Kolkata Knight Riders,G Gambhir,0,8,0,0
729279,Kolkata Knight Riders,JH Kallis,72,46,5,3
729279,Kolkata Knight Riders,MK Pandey,64,53,6,2
729279,Kolkata Knight Riders,RV Uthappa,1,2,0,0
729279,Kolkata Knight Riders,SA Yadav,13,5,3,0
729279,Kolkata Knight Riders,Shakib Al Hasan,1,2,0,0
729279,Kolkata Knight Riders,YK Pathan,4,4,0,0
729279,Mumbai Indians,AP Tare,24,22,2,1
729279,Mumbai Indians,AT Rayudu,48,40,4,0
729279,Mumbai Indians,CJ Anderson,2,8,0,0
729279,Mumbai Indians,CM Gautam,7,7,1,0
729279,Mumbai Indians,Harbhajan Singh,0,2,0,0
729279,Mumbai Indians,KA Pollard,6,8,0,0
729279,Mumbai Indians,MEK Hussey,3,13,0,0
729279,Mumbai Indians,RG Sharma,27,20,0,1
729281,Delhi Daredevils,JP Duminy,67,47,4,3
729281,Delhi Daredevils,KD Karthik,0,1,0,0
729281,Delhi Daredevils,LRPL Taylor,43,39,4,0
729281,Delhi Daredevils,M Vijay,18,20,1,1
729281,Delhi Daredevils,MA Agarwal,6,10,0,0
729281,Delhi Daredevils,MK Tiwary,1,3,0,0
729281,Royal Challengers Bangalore,NJ Maddinson,4,6,1,0
729281,Royal Challengers Bangalore,PA Patel,37,28,5,1
729281,Royal Challengers Bangalore,V Kohli,49,38,2,3
729281,Royal Challengers Bangalore,Yuvraj Singh,52,28,3,5
729283,Chennai Super Kings,BB McCullum,67,45,4,5
729283,Chennai Super Kings,DJ Bravo,8,3,0,1
729283,Chennai Super Kings,DR Smith,66,42,6,3
729283,Chennai Super Kings,MS Dhoni,26,11,3,1
729283,Chennai Super Kings,SK Raina,24,19,2,0
729283,Kings XI Punjab,AR Patel,2,3,0,0
729283,Kings XI Punjab,CA Pujara,13,10,2,0
729283,Kings XI Punjab,DA Miller,54,37,3,3
729283,Kings XI Punjab,GJ Bailey,17,10,2,0
729283,Kings XI Punjab,GJ Maxwell,95,43,15,2
729283,Kings XI Punjab,V Sehwag,19,10,4,0
729285,Rajasthan Royals,AM Nayar,4,3,1,0
729285,Rajasthan Royals,AM Rahane,59,53,6,0
729285,Rajasthan Royals,BJ Hodge,1,8,0,0
729285,Rajasthan Royals,JP Faulkner,8,2,2,0
729285,Rajasthan Royals,R Bhatia,4,3,1,0
729285,Rajasthan Royals,SR Watson,3,7,0,0
729285,Rajasthan Royals,STR Binny,48,32,4,1
729285,Rajasthan Royals,SV Samson,3,9,0,0
729285,Sunrisers Hyderabad,AJ Finch,2,5,0,0
729285,Sunrisers Hyderabad,DA Warner,32,35,1,0
729285,Sunrisers Hyderabad,DJG Sammy,6,11,0,0
729285,Sunrisers Hyderabad,KL Rahul,20,18,1,1
729285,Sunrisers Hyderabad,KV Sharma,4,5,0,0
729285,Sunrisers Hyderabad,S Dhawan,38,34,3,1
729285,Sunrisers Hyderabad,Y Venugopal Rao,16,12,1,0
729287,Mumbai Indians,AP Tare,17,17,2,0
729287,Mumbai Indians,AT Rayudu,35,37,1,0
729287,Mumbai Indians,CJ Anderson,18,19,2,0
729287,Mumbai Indians,Harbhajan Singh,8,8,1,0
729287,Mumbai Indians,JJ Bumrah,1,1,0,0
729287,Mumbai Indians,KA Pollard,3,7,0,0
729287,Mumbai Indians,MEK Hussey,16,15,2,0
729287,Mumbai Indians,PP Ojha,1,5,0,0
729287,Mumbai Indians,RG Sharma,2,5,0,0
729287,Mumbai Indians,SL Malinga,2,4,0,0
729287,Mumbai Indians,Z Khan,0,2,0,0
729287,Royal Challengers Bangalore,AB de Villiers,45,48,3,1
729287,Royal Challengers Bangalore,NJ Maddinson,12,8,2,0
729287,Royal Challengers Bangalore,PA Patel,57,45,7,0
729287,Royal Challengers Bangalore,V Kohli,0,2,0,0
729287,Royal Challengers Bangalore,Yuvraj Singh,0,2,0,0
729289,Delhi Daredevils,JDS Neesham,8,11,0,1
729289,Delhi Daredevils,JP Duminy,52,35,3,3
729289,Delhi Daredevils,KD Karthik,56,40,5,2
729289,Delhi Daredevils,LRPL Taylor,6,9,1,0
729289,Delhi Daredevils,M Vijay,0,2,0,0
729289,Delhi Daredevils,MA Agarwal,26,14,3,0
729289,Delhi Daredevils,MK Tiwary,8,6,1,0
729289,Kolkata Knight Riders,G Gambhir,0,4,0,0
729289,Kolkata Knight Riders,JH Kallis,0,1,0,0
729289,Kolkata Knight Riders,MK Pandey,48,42,5,0
729289,Kolkata Knight Riders,RV Uthappa,55,41,6,1
729289,Kolkata Knight Riders,SA Yadav,8,2,2,0
729289,Kolkata Knight Riders,Shakib Al Hasan,30,22,2,1
729289,Kolkata Knight Riders,YK Pathan,11,8,1,0
729291,Kings XI Punjab,CA Pujara,40,38,3,0
729291,Kings XI Punjab,DA Miller,51,19,0,6
729291,Kings XI Punjab,GJ Maxwell,89,45,8,6
729291,Kings XI Punjab,V Sehwag,2,7,0,0
729291,Kings XI Punjab,WP Saha,2,3,0,0
729291,Rajasthan Royals,AM Nayar,23,19,2,1
729291,Rajasthan Royals,AM Rahane,13,8,2,0
729291,Rajasthan Royals,JP Faulkner,8,7,0,1
729291,Rajasthan Royals,SPD Smith,27,15,5,0
729291,Rajasthan Royals,SR Watson,50,29,5,3
729291,Rajasthan Royals,STR Binny,12,8,0,1
729291,Rajasthan Royals,SV Samson,52,34,3,4
729293,Chennai Super Kings,BB McCullum,9,10,1,0
729293,Chennai Super Kings,DR Smith,29,28,3,0
729293,Chennai Super Kings,F du Plessis,24,17,1,1
729293,Chennai Super Kings,M Manhas,13,5,2,0
729293,Chennai Super Kings,MS Dhoni,32,15,2,2
729293,Chennai Super Kings,R Ashwin,1,1,0,0
729293,Chennai Super Kings,RA Jadeja,7,3,0,1
729293,Chennai Super Kings,SK Raina,56,41,5,1
729293,Delhi Daredevils,JD Unadkat,1,5,0,0
729293,Delhi Daredevils,JDS Neesham,22,15,2,0
729293,Delhi Daredevils,JP Duminy,15,14,0,0
729293,Delhi Daredevils,KD Karthik,21,22,2,0
729293,Delhi Daredevils,LRPL Taylor,6,6,1,0
729293,Delhi Daredevils,M Vijay,11,12,2,0
729293,Delhi Daredevils,MA Agarwal,2,7,0,0
729293,Delhi Daredevils,MK Tiwary,0,2,0,0
729293,Delhi Daredevils,Mohammed Shami,1,3,0,0
729293,Delhi Daredevils,S Nadeem,3,8,0,0
729295,Kings XI Punjab,CA Pujara,35,32,6,0
729295,Kings XI Punjab,DA Miller,10,10,0,1
729295,Kings XI Punjab,GJ Bailey,10,8,1,0
729295,Kings XI Punjab,GJ Maxwell,95,42,5,9
729295,Kings XI Punjab,MG Johnson,4,6,0,0
729295,Kings XI Punjab,V Sehwag,30,22,2,3
729295,Sunrisers Hyderabad,A Mishra,4,5,0,0
729295,Sunrisers Hyderabad,AJ Finch,19,14,2,1
729295,Sunrisers Hyderabad,B Kumar,1,3,0,0
729295,Sunrisers Hyderabad,DA Warner,8,11,1,0
729295,Sunrisers Hyderabad,DJG Sammy,15,11,0,1
729295,Sunrisers Hyderabad,DW Steyn,12,16,0,0
729295,Sunrisers Hyderabad,IK Pathan,5,9,0,0
729295,Sunrisers Hyderabad,KL Rahul,27,27,1,1
729295,Sunrisers Hyderabad,KV Sharma,10,8,0,1
729295,Sunrisers Hyderabad,S Dhawan,1,3,0,0
729295,Sunrisers Hyderabad,Y Venugopal Rao,11,9,2,0
729297,Chennai Super Kings,BB McCullum,6,10,0,0
729297,Chennai Super Kings,DR Smith,50,28,6,3
729297,Chennai Super Kings,F du Plessis,7,9,0,0
729297,Chennai Super Kings,M Manhas,10,10,1,0
729297,Chennai Super Kings,MS Dhoni,5,8,0,0
729297,Chennai Super Kings,R Ashwin,9,13,1,0
729297,Chennai Super Kings,RA Jadeja,36,33,2,0
729297,Chennai Super Kings,SK Raina,4,9,0,0
729297,Rajasthan Royals,AM Nayar,5,7,1,0
729297,Rajasthan Royals,AM Rahane,15,12,2,0
729297,Rajasthan Royals,DS Kulkarni,28,19,0,2
729297,Rajasthan Royals,JP Faulkner,4,2,1,0
729297,Rajasthan Royals,PV Tambe,2,2,0,0
729297,Rajasthan Royals,R Bhatia,23,20,1,1
729297,Rajasthan Royals,SPD Smith,19,20,1,0
729297,Rajasthan Royals,SR Watson,7,6,0,1
729297,Rajasthan Royals,STR Binny,8,11,0,0
729297,Rajasthan Royals,SV Samson,16,16,0,2
729297,Rajasthan Royals,TG Southee,4,4,1,0
729299,Kolkata Knight Riders,CA Lynn,45,31,3,3
729299,Kolkata Knight Riders,G Gambhir,0,1,0,0
729299,Kolkata Knight Riders,JH Kallis,43,42,2,1
729299,Kolkata Knight Riders,MK Pandey,5,3,1,0
729299,Kolkata Knight Riders,R Vinay Kumar,4,5,0,0
729299,Kolkata Knight Riders,RV Uthappa,22,18,0,1
729299,Kolkata Knight Riders,SA Yadav,24,18,1,1
729299,Kolkata Knight Riders,YK Pathan,0,2,0,0
729299,Royal Challengers Bangalore,AB de Villiers,11,12,1,0
729299,Royal Challengers Bangalore,JA Morkel,6,5,0,0
729299,Royal Challengers Bangalore,PA Patel,21,19,3,0
729299,Royal Challengers Bangalore,V Kohli,31,23,4,0
729299,Royal Challengers Bangalore,YV Takawale,40,28,8,0
729299,Royal Challengers Bangalore,Yuvraj Singh,31,33,2,1
729301,Delhi Daredevils,JP Duminy,20,6,1,2
729301,Delhi Daredevils,KD Karthik,15,14,1,0
729301,Delhi Daredevils,KP Pietersen,16,17,1,1
729301,Delhi Daredevils,M Vijay,52,40,7,1
729301,Delhi Daredevils,MK Tiwary,23,13,2,1
729301,Delhi Daredevils,Q de Kock,48,30,6,1
729301,Sunrisers Hyderabad,AJ Finch,88,53,8,4
729301,Sunrisers Hyderabad,DA Warner,58,45,3,3
729301,Sunrisers Hyderabad,S Dhawan,33,22,5,1
729303,Chennai Super Kings,BB McCullum,71,53,8,2
729303,Chennai Super Kings,DR Smith,29,22,0,4
729303,Chennai Super Kings,F du Plessis,20,25,0,0
729303,Chennai Super Kings,MS Dhoni,14,10,1,1
729303,Chennai Super Kings,SK Raina,1,4,0,0
729303,Mumbai Indians,AP Tare,23,19,4,0
729303,Mumbai Indians,AT Rayudu,1,2,0,0
729303,Mumbai Indians,CJ Anderson,39,31,3,1
729303,Mumbai Indians,CM Gautam,7,4,1,0
729303,Mumbai Indians,Harbhajan Singh,0,2,0,0
729303,Mumbai Indians,KA Pollard,12,11,1,0
729303,Mumbai Indians,MEK Hussey,1,7,0,0
729303,Mumbai Indians,RG Sharma,50,41,3,2
729303,Mumbai Indians,Z Khan,7,3,0,1
729305,Rajasthan Royals,AM Nayar,11,17,1,0
729305,Rajasthan Royals,AM Rahane,23,19,4,0
729305,Rajasthan Royals,KK Nair,8,12,0,0
729305,Rajasthan Royals,SR Watson,24,24,1,2
729305,Rajasthan Royals,SV Samson,2,6,0,0
729305,Royal Challengers Bangalore,AB Dinda,0,3,0,0
729305,Royal Challengers Bangalore,AB de Villiers,0,1,0,0
729305,Royal Challengers Bangalore,JA Morkel,7,13,1,0
729305,Royal Challengers Bangalore,MA Starc,18,16,2,0
729305,Royal Challengers Bangalore,PA Patel,1,1,0,0
729305,Royal Challengers Bangalore,R Rampaul,13,13,0,1
729305,Royal Challengers Bangalore,S Rana,3,8,0,0
729305,Royal Challengers Bangalore,V Kohli,21,25,3,0
729305,Royal Challengers Bangalore,YV Takawale,0,3,0,0
729305,Royal Challengers Bangalore,Yuvraj Singh,3,7,0,0
729307,Kings XI Punjab,AR Patel,7,10,0,0
729307,Kings XI Punjab,CA Pujara,8,7,1,0
729307,Kings XI Punjab,DA Miller,14,10,2,0
729307,Kings XI Punjab,GJ Bailey,11,15,1,0
729307,Kings XI Punjab,GJ Maxwell,15,12,2,0
729307,Kings XI Punjab,L Balaji,0,2,0,0
729307,Kings XI Punjab,MG Johnson,0,1,0,0
729307,Kings XI Punjab,R Dhawan,19,18,2,0
729307,Kings XI Punjab,Sandeep Sharma,2,5,0,0
729307,Kings XI Punjab,V Sehwag,37,30,3,1
729307,Kings XI Punjab,WP Saha,14,10,1,1
729307,Kolkata Knight Riders,CA Lynn,13,18,2,0
729307,Kolkata Knight Riders,G Gambhir,1,5,0,0
729307,Kolkata Knight Riders,JH Kallis,9,11,2,0
729307,Kolkata Knight Riders,M Morkel,4,3,0,0
729307,Kolkata Knight Riders,MK Pandey,8,10,1,0
729307,Kolkata Knight Riders,PP Chawla,0,2,0,0
729307,Kolkata Knight Riders,RV Uthappa,19,27,2,0
729307,Kolkata Knight Riders,SA Yadav,34,17,3,1
729307,Kolkata Knight Riders,SP Narine,6,8,0,0
729307,Kolkata Knight Riders,UT Yadav,2,4,0,0
729307,Kolkata Knight Riders,YK Pathan,3,5,0,0
729309,Delhi Daredevils,JP Duminy,19,24,0,0
729309,Delhi Daredevils,KD Karthik,2,3,0,0
729309,Delhi Daredevils,KM Jadhav,14,10,2,0
729309,Delhi Daredevils,KP Pietersen,26,18,2,1
729309,Delhi Daredevils,M Vijay,40,35,4,1
729309,Delhi Daredevils,Q de Kock,16,24,2,0
729309,Mumbai Indians,AP Tare,8,10,1,0
729309,Mumbai Indians,AT Rayudu,14,21,1,0
729309,Mumbai Indians,CJ Anderson,13,14,2,0
729309,Mumbai Indians,CM Gautam,22,18,3,0
729309,Mumbai Indians,Harbhajan Singh,10,5,1,1
729309,Mumbai Indians,KA Pollard,33,29,2,2
729309,Mumbai Indians,MEK Hussey,10,18,0,0
729309,Mumbai Indians,RG Sharma,4,5,0,0
729311,Chennai Super Kings,BB McCullum,40,33,3,2
729311,Chennai Super Kings,DR Smith,66,46,4,5
729311,Chennai Super Kings,F du Plessis,0,1,0,0
729311,Chennai Super Kings,M Manhas,3,4,0,0
729311,Chennai Super Kings,MS Dhoni,13,14,1,0
729311,Chennai Super Kings,RA Jadeja,6,9,0,0
729311,Chennai Super Kings,SK Raina,14,10,1,1
729311,Sunrisers Hyderabad,AJ Finch,44,45,5,0
729311,Sunrisers Hyderabad,DA Warner,0,2,0,0
729311,Sunrisers Hyderabad,DJG Sammy,23,15,2,1
729311,Sunrisers Hyderabad,KL Rahul,25,27,1,1
729311,Sunrisers Hyderabad,KV Sharma,17,7,0,2
729311,Sunrisers Hyderabad,S Dhawan,7,9,1,0
729311,Sunrisers Hyderabad,Y Venugopal Rao,13,15,0,0
729313,Kings XI Punjab,CA Pujara,10,18,1,0
729313,Kings XI Punjab,DA Miller,26,20,4,0
729313,Kings XI Punjab,GJ Bailey,16,15,1,0
729313,Kings XI Punjab,GJ Maxwell,6,6,0,0
729313,Kings XI Punjab,R Dhawan,23,22,3,0
729313,Kings XI Punjab,V Sehwag,32,26,4,0
729313,Kings XI Punjab,WP Saha,2,6,0,0
729313,Royal Challengers Bangalore,AB Dinda,2,5,0,0
729313,Royal Challengers Bangalore,AB de Villiers,17,15,2,0
729313,Royal Challengers Bangalore,CH Gayle,20,7,2,2
729313,Royal Challengers Bangalore,JA Morkel,15,14,0,1
729313,Royal Challengers Bangalore,MA Starc,8,17,0,0
729313,Royal Challengers Bangalore,PA Patel,2,7,0,0
729313,Royal Challengers Bangalore,V Kohli,4,2,1,0
729313,Royal Challengers Bangalore,VR Aaron,11,14,0,0
729313,Royal Challengers Bangalore,YV Takawale,0,7,0,0
729313,Royal Challengers Bangalore,Yuvraj Singh,35,32,3,1
729315,Kolkata Knight Riders,G Gambhir,45,44,4,0
729315,Kolkata Knight Riders,JH Kallis,13,16,1,0
729315,Kolkata Knight Riders,MK Pandey,27,14,1,2
729315,Kolkata Knight Riders,MS Bisla,3,9,0,0
729315,Kolkata Knight Riders,PP Chawla,0,1,0,0
729315,Kolkata Knight Riders,R Vinay Kumar,0,1,0,0
729315,Kolkata Knight Riders,RV Uthappa,0,1,0,0
729315,Kolkata Knight Riders,SA Yadav,31,19,3,1
729315,Kolkata Knight Riders,SP Narine,1,1,0,0
729315,Kolkata Knight Riders,Shakib Al Hasan,31,20,3,0
729315,Rajasthan Royals,AM Rahane,72,59,6,1
729315,Rajasthan Royals,JP Faulkner,2,1,0,0
729315,Rajasthan Royals,KK Nair,1,5,0,0
729315,Rajasthan Royals,SPD Smith,24,14,2,0
729315,Rajasthan Royals,SR Watson,39,27,6,0
729315,Rajasthan Royals,STR Binny,0,1,0,0
729315,Rajasthan Royals,SV Samson,20,19,4,0
729317,Mumbai Indians,AP Tare,7,5,1,0
729317,Mumbai Indians,AT Rayudu,35,27,5,0
729317,Mumbai Indians,BR Dunk,20,17,4,0
729317,Mumbai Indians,CJ Anderson,1,8,0,0
729317,Mumbai Indians,CM Gautam,4,5,1,0
729317,Mumbai Indians,Harbhajan Singh,1,3,0,0
729317,Mumbai Indians,KA Pollard,78,48,3,6
729317,Mumbai Indians,RG Sharma,1,5,0,0
729317,Mumbai Indians,Z Khan,1,2,0,0
729317,Sunrisers Hyderabad,AJ Finch,16,15,3,0
729317,Sunrisers Hyderabad,DA Warner,65,50,1,4
729317,Sunrisers Hyderabad,DJG Sammy,10,4,1,1
729317,Sunrisers Hyderabad,IK Pathan,1,1,0,0
729317,Sunrisers Hyderabad,KL Rahul,46,40,3,0
729317,Sunrisers Hyderabad,NV Ojha,10,4,2,0
729317,Sunrisers Hyderabad,S Dhawan,6,6,1,0
733971,Chennai Super Kings,BB McCullum,56,40,5,2
733971,Chennai Super Kings,DR Smith,16,11,2,1
733971,Chennai Super Kings,MS Dhoni,22,17,1,1
733971,Chennai Super Kings,RA Jadeja,17,9,1,1
733971,Chennai Super Kings,SK Raina,31,25,4,1
733971,Kolkata Knight Riders,AD Russell,1,5,0,0
733971,Kolkata Knight Riders,G Gambhir,6,5,1,0
733971,Kolkata Knight Riders,JH Kallis,4,6,1,0
733971,Kolkata Knight Riders,MK Pandey,1,2,0,0
733971,Kolkata Knight Riders,PP Chawla,1,2,0,0
733971,Kolkata Knight Riders,RV Uthappa,47,38,5,1
733971,Kolkata Knight Riders,SA Yadav,8,13,0,0
733971,Kolkata Knight Riders,SP Narine,1,1,0,0
733971,Kolkata Knight Riders,Shakib Al Hasan,0,1,0,0
733971,Kolkata Knight Riders,YK Pathan,41,29,1,4
733973,Kings XI Punjab,CA Pujara,19,18,4,0
733973,Kings XI Punjab,DA Miller,16,12,1,1
733973,Kings XI Punjab,GJ Bailey,15,14,2,0
733973,Kings XI Punjab,GJ Maxwell,45,26,5,2
733973,Kings XI Punjab,MG Johnson,0,1,0,0
733973,Kings XI Punjab,V Sehwag,1,2,0,0
733973,Kings XI Punjab,WP Saha,59,47,4,3
733973,Mumbai Indians,AP Tare,16,6,1,1
733973,Mumbai Indians,AT Rayudu,8,5,2,0
733973,Mumbai Indians,BR Dunk,5,4,1,0
733973,Mumbai Indians,CJ Anderson,35,25,3,2
733973,Mumbai Indians,CM Gautam,33,29,2,2
733973,Mumbai Indians,KA Pollard,28,12,2,2
733973,Mumbai Indians,RG Sharma,39,34,4,2
733975,Delhi Daredevils,JP Duminy,39,31,4,1
733975,Delhi Daredevils,KD Karthik,12,16,0,0
733975,Delhi Daredevils,KM Jadhav,28,14,2,2
733975,Delhi Daredevils,KP Pietersen,14,15,2,0
733975,Delhi Daredevils,M Vijay,13,11,1,0
733975,Delhi Daredevils,Q de Kock,42,33,5,1
733975,Rajasthan Royals,AM Rahane,12,10,2,0
733975,Rajasthan Royals,KK Nair,73,50,8,2
733975,Rajasthan Royals,R Bhatia,17,13,0,1
733975,Rajasthan Royals,SR Watson,16,10,0,2
733975,Rajasthan Royals,SV Samson,34,28,2,2
733977,Royal Challengers Bangalore,AB de Villiers,89,41,6,8
733977,Royal Challengers Bangalore,CH Gayle,27,19,3,2
733977,Royal Challengers Bangalore,HV Patel,1,2,0,0
733977,Royal Challengers Bangalore,MA Starc,5,8,0,0
733977,Royal Challengers Bangalore,PA Patel,3,5,0,0
733977,Royal Challengers Bangalore,RR Rossouw,14,23,1,0
733977,Royal Challengers Bangalore,V Kohli,0,5,0,0
733977,Royal Challengers Bangalore,Yuvraj Singh,14,16,1,1
733977,Sunrisers Hyderabad,AJ Finch,13,8,1,1
733977,Sunrisers Hyderabad,DA Warner,61,48,4,3
733977,Sunrisers Hyderabad,DJG Sammy,8,8,0,1
733977,Sunrisers Hyderabad,IK Pathan,4,2,1,0
733977,Sunrisers Hyderabad,KL Rahul,6,6,1,0
733977,Sunrisers Hyderabad,KV Sharma,1,1,0,0
733977,Sunrisers Hyderabad,NV Ojha,15,11,1,1
733977,Sunrisers Hyderabad,S Dhawan,37,36,4,0
733979,Kolkata Knight Riders,AD Russell,1,3,0,0
733979,Kolkata Knight Riders,G Gambhir,54,34,6,1
733979,Kolkata Knight Riders,MK Pandey,0,0,0,0
733979,Kolkata Knight Riders,RN ten Doeschate,0,1,0,0
733979,Kolkata Knight Riders,RV Uthappa,65,52,5,3
733979,Kolkata Knight Riders,SA Yadav,9,16,0,0
733979,Kolkata Knight Riders,Shakib Al Hasan,21,13,1,1
733979,Kolkata Knight Riders,YK Pathan,0,1,0,0
733979,Rajasthan Royals,AM Rahane,30,22,3,1
733979,Rajasthan Royals,JP Faulkner,1,1,0,0
733979,Rajasthan Royals,KK Nair,44,35,4,1
733979,Rajasthan Royals,R Bhatia,6,1,0,1
733979,Rajasthan Royals,SPD Smith,3,2,0,0
733979,Rajasthan Royals,SR Watson,31,19,2,2
733979,Rajasthan Royals,STR Binny,11,9,0,1
733979,Rajasthan Royals,SV Samson,37,31,3,0
733981,Chennai Super Kings,BB McCullum,32,35,5,0
733981,Chennai Super Kings,DR Smith,79,51,4,8
733981,Chennai Super Kings,MS Dhoni,12,5,1,1
733981,Chennai Super Kings,SK Raina,47,27,6,1
733981,Delhi Daredevils,JP Duminy,28,17,5,0
733981,Delhi Daredevils,KD Karthik,51,36,4,3
733981,Delhi Daredevils,KM Jadhav,29,18,2,2
733981,Delhi Daredevils,KP Pietersen,0,1,0,0
733981,Delhi Daredevils,LR Shukla,0,2,0,0
733981,Delhi Daredevils,M Vijay,35,30,2,1
733981,Delhi Daredevils,Q de Kock,24,16,3,2
733983,Mumbai Indians,AT Rayudu,9,9,1,0
733983,Mumbai Indians,BR Dunk,15,14,2,0
733983,Mumbai Indians,CJ Anderson,6,4,0,1
733983,Mumbai Indians,CM Gautam,30,27,2,3
733983,Mumbai Indians,KA Pollard,43,31,6,0
733983,Mumbai Indians,RG Sharma,59,35,3,4
733983,Royal Challengers Bangalore,AB Dinda,2,4,0,0
733983,Royal Challengers Bangalore,AB de Villiers,9,7,2,0
733983,Royal Challengers Bangalore,CH Gayle,38,24,3,3
733983,Royal Challengers Bangalore,HV Patel,6,2,0,1
733983,Royal Challengers Bangalore,MA Starc,5,4,1,0
733983,Royal Challengers Bangalore,PA Patel,26,19,5,0
733983,Royal Challengers Bangalore,RR Rossouw,24,14,1,2
733983,Royal Challengers Bangalore,V Kohli,35,28,2,2
733983,Royal Challengers Bangalore,VR Aaron,7,8,1,0
733983,Royal Challengers Bangalore,Yuvraj Singh,6,10,0,0
733985,Delhi Daredevils,JP Duminy,40,28,0,3
733985,Delhi Daredevils,KD Karthik,36,22,4,1
733985,Delhi Daredevils,KM Jadhav,26,15,3,1
733985,Delhi Daredevils,KP Pietersen,6,12,1,0
733985,Delhi Daredevils,LR Shukla,10,14,1,0
733985,Delhi Daredevils,M Vijay,24,20,2,1
733985,Delhi Daredevils,Q de Kock,10,9,2,0
733985,Kolkata Knight Riders,G Gambhir,69,56,5,2
733985,Kolkata Knight Riders,JH Kallis,10,6,2,0
733985,Kolkata Knight Riders,MK Pandey,23,14,2,0
733985,Kolkata Knight Riders,RV Uthappa,47,34,5,1
733987,Chennai Super Kings,BB McCullum,33,29,3,0
733987,Chennai Super Kings,DR Smith,4,4,1,0
733987,Chennai Super Kings,F du Plessis,52,25,7,1
733987,Chennai Super Kings,M Manhas,8,3,0,1
733987,Chennai Super Kings,MS Dhoni,23,20,0,1
733987,Chennai Super Kings,R Ashwin,11,4,2,0
733987,Chennai Super Kings,RA Jadeja,17,8,3,0
733987,Chennai Super Kings,SK Raina,35,27,3,1
733987,Kings XI Punjab,DA Miller,47,32,5,2
733987,Kings XI Punjab,GJ Bailey,40,13,6,2
733987,Kings XI Punjab,GJ Maxwell,90,38,6,8
733987,Kings XI Punjab,MG Johnson,11,6,2,0
733987,Kings XI Punjab,Mandeep Singh,3,8,0,0
733987,Kings XI Punjab,V Sehwag,30,23,5,1
733989,Rajasthan Royals,AM Rahane,0,3,0,0
733989,Rajasthan Royals,DS Kulkarni,7,6,1,0
733989,Rajasthan Royals,JP Faulkner,4,6,0,0
733989,Rajasthan Royals,KK Nair,12,9,3,0
733989,Rajasthan Royals,KW Richardson,1,2,0,0
733989,Rajasthan Royals,PV Tambe,3,7,0,0
733989,Rajasthan Royals,R Bhatia,4,8,0,0
733989,Rajasthan Royals,SPD Smith,22,33,0,0
733989,Rajasthan Royals,SR Watson,11,10,1,0
733989,Rajasthan Royals,STR Binny,12,19,0,0
733989,Rajasthan Royals,SV Samson,16,16,1,1
733989,Sunrisers Hyderabad,A Mishra,0,2,0,0
733989,Sunrisers Hyderabad,AJ Finch,9,10,1,0
733989,Sunrisers Hyderabad,B Kumar,0,1,0,0
733989,Sunrisers Hyderabad,DA Warner,6,7,0,0
733989,Sunrisers Hyderabad,DW Steyn,9,8,1,0
733989,Sunrisers Hyderabad,IK Pathan,21,21,2,0
733989,Sunrisers Hyderabad,KL Rahul,18,18,2,0
733989,Sunrisers Hyderabad,KV Sharma,0,1,0,0
733989,Sunrisers Hyderabad,MC Henriques,9,13,1,0
733989,Sunrisers Hyderabad,NV Ojha,17,19,1,0
733989,Sunrisers Hyderabad,S Dhawan,33,20,7,0
733991,Kings XI Punjab,AR Patel,2,3,0,0
733991,Kings XI Punjab,DA Miller,66,29,8,3
733991,Kings XI Punjab,GJ Bailey,1,7,0,0
733991,Kings XI Punjab,GJ Maxwell,25,11,2,2
733991,Kings XI Punjab,L Balaji,1,1,0,0
733991,Kings XI Punjab,MG Johnson,16,12,1,1
733991,Kings XI Punjab,Mandeep Singh,21,14,2,0
733991,Kings XI Punjab,Shivam Sharma,4,2,1,0
733991,Kings XI Punjab,V Sehwag,30,24,5,0
733991,Kings XI Punjab,WP Saha,17,17,0,1
733991,Royal Challengers Bangalore,AB de Villiers,53,25,1,5
733991,Royal Challengers Bangalore,CH Gayle,4,7,1,0
733991,Royal Challengers Bangalore,HV Patel,6,3,1,0
733991,Royal Challengers Bangalore,JA Morkel,16,8,0,2
733991,Royal Challengers Bangalore,MA Starc,29,23,4,0
733991,Royal Challengers Bangalore,PA Patel,13,14,3,0
733991,Royal Challengers Bangalore,S Rana,18,16,2,1
733991,Royal Challengers Bangalore,V Kohli,0,1,0,0
733991,Royal Challengers Bangalore,VR Aaron,17,11,1,1
733991,Royal Challengers Bangalore,YS Chahal,1,1,0,0
733991,Royal Challengers Bangalore,Yuvraj Singh,3,11,0,0
733993,Delhi Daredevils,JP Duminy,4,5,0,0
733993,Delhi Daredevils,KD Karthik,39,30,1,2
733993,Delhi Daredevils,KM Jadhav,5,11,0,0
733993,Delhi Daredevils,KP Pietersen,35,19,4,2
733993,Delhi Daredevils,LR Shukla,21,22,1,1
733993,Delhi Daredevils,MA Agarwal,25,18,4,0
733993,Delhi Daredevils,Q de Kock,7,12,0,0
733993,Delhi Daredevils,R Shukla,2,3,0,0
733993,Sunrisers Hyderabad,AJ Finch,4,7,0,0
733993,Sunrisers Hyderabad,DA Warner,12,9,1,0
733993,Sunrisers Hyderabad,NV Ojha,13,3,0,2
733993,Sunrisers Hyderabad,S Dhawan,4,7,1,0
733995,Chennai Super Kings,BB McCullum,13,11,1,1
733995,Chennai Super Kings,DR Smith,57,51,5,3
733995,Chennai Super Kings,F du Plessis,31,24,2,1
733995,Chennai Super Kings,M Manhas,1,1,0,0
733995,Chennai Super Kings,MS Dhoni,22,12,1,1
733995,Chennai Super Kings,RA Jadeja,6,7,1,0
733995,Chennai Super Kings,SK Raina,19,11,3,0
733995,Mumbai Indians,AP Tare,9,5,2,0
733995,Mumbai Indians,AT Rayudu,59,43,2,4
733995,Mumbai Indians,CJ Anderson,18,6,0,2
733995,Mumbai Indians,CM Gautam,9,8,2,0
733995,Mumbai Indians,KA Pollard,0,1,0,0
733995,Mumbai Indians,LMP Simmons,38,38,3,2
733995,Mumbai Indians,RG Sharma,19,19,1,0
733997,Kings XI Punjab,AR Patel,1,1,0,0
733997,Kings XI Punjab,DA Miller,13,14,1,0
733997,Kings XI Punjab,GJ Bailey,12,11,0,0
733997,Kings XI Punjab,GJ Maxwell,14,14,1,0
733997,Kings XI Punjab,MG Johnson,14,12,1,1
733997,Kings XI Punjab,Mandeep Singh,0,3,0,0
733997,Kings XI Punjab,R Dhawan,4,6,0,0
733997,Kings XI Punjab,V Sehwag,72,50,11,1
733997,Kings XI Punjab,WP Saha,15,9,3,0
733997,Kolkata Knight Riders,G Gambhir,63,45,7,0
733997,Kolkata Knight Riders,MK Pandey,36,35,3,0
733997,Kolkata Knight Riders,RV Uthappa,46,28,8,1
733999,Rajasthan Royals,AM Rahane,24,22,3,0
733999,Rajasthan Royals,JP Faulkner,41,17,3,3
733999,Rajasthan Royals,KK Nair,56,39,8,0
733999,Rajasthan Royals,SPD Smith,48,20,4,4
733999,Rajasthan Royals,SR Watson,1,5,0,0
733999,Rajasthan Royals,STR Binny,1,2,0,0
733999,Rajasthan Royals,SV Samson,13,8,1,1
733999,Royal Challengers Bangalore,AB de Villiers,58,32,1,5
733999,Royal Challengers Bangalore,CH Gayle,19,25,3,0
733999,Royal Challengers Bangalore,JA Morkel,1,1,0,0
733999,Royal Challengers Bangalore,PA Patel,2,1,0,0
733999,Royal Challengers Bangalore,V Kohli,4,9,1,0
733999,Royal Challengers Bangalore,VH Zol,16,14,3,0
733999,Royal Challengers Bangalore,Yuvraj Singh,83,38,7,7
734001,Mumbai Indians,AT Rayudu,68,46,7,2
734001,Mumbai Indians,CM Gautam,1,3,0,0
734001,Mumbai Indians,KA Pollard,6,7,0,0
734001,Mumbai Indians,LMP Simmons,68,50,5,4
734001,Mumbai Indians,RG Sharma,14,6,3,0
734001,Sunrisers Hyderabad,AJ Finch,68,62,7,2
734001,Sunrisers Hyderabad,DA Warner,55,31,6,2
734001,Sunrisers Hyderabad,KL Rahul,10,13,1,0
734001,Sunrisers Hyderabad,NV Ojha,7,3,0,1
734001,Sunrisers Hyderabad,S Dhawan,11,11,2,0
734003,Chennai Super Kings,BB McCullum,6,3,0,1
734003,Chennai Super Kings,DR Smith,44,35,5,2
734003,Chennai Super Kings,F du Plessis,38,39,2,0
734003,Chennai Super Kings,MS Dhoni,26,16,1,1
734003,Chennai Super Kings,R Ashwin,14,16,1,0
734003,Chennai Super Kings,RA Jadeja,11,6,0,1
734003,Chennai Super Kings,SK Raina,2,3,0,0
734003,Rajasthan Royals,AM Rahane,4,7,0,0
734003,Rajasthan Royals,Ankit Sharma,30,27,4,1
734003,Rajasthan Royals,DH Yagnik,4,6,0,0
734003,Rajasthan Royals,JP Faulkner,1,4,0,0
734003,Rajasthan Royals,KK Nair,8,11,1,0
734003,Rajasthan Royals,R Bhatia,7,4,1,0
734003,Rajasthan Royals,SPD Smith,9,8,1,0
734003,Rajasthan Royals,SR Watson,51,36,3,4
734003,Rajasthan Royals,STR Binny,22,17,0,2
734005,Delhi Daredevils,JP Duminy,48,30,3,3
734005,Delhi Daredevils,KD Karthik,1,2,0,0
734005,Delhi Daredevils,KM Jadhav,37,18,3,2
734005,Delhi Daredevils,KP Pietersen,33,29,2,1
734005,Delhi Daredevils,M Vijay,1,3,0,0
734005,Delhi Daredevils,MA Agarwal,31,25,2,2
734005,Delhi Daredevils,Mohammed Shami,1,1,0,0
734005,Delhi Daredevils,Q de Kock,6,6,1,0
734005,Delhi Daredevils,R Shukla,2,6,0,0
734005,Royal Challengers Bangalore,AB de Villiers,33,17,4,1
734005,Royal Challengers Bangalore,CH Gayle,22,23,1,2
734005,Royal Challengers Bangalore,PA Patel,29,28,4,0
734005,Royal Challengers Bangalore,S Rana,15,14,1,0
734005,Royal Challengers Bangalore,V Kohli,10,11,0,0
734005,Royal Challengers Bangalore,Yuvraj Singh,68,27,1,9
734007,Kings XI Punjab,DA Miller,24,24,1,0
734007,Kings XI Punjab,GJ Bailey,35,19,2,3
734007,Kings XI Punjab,GJ Maxwell,43,21,2,5
734007,Kings XI Punjab,M Vohra,47,20,5,2
734007,Kings XI Punjab,V Sehwag,4,2,1,0
734007,Kings XI Punjab,WP Saha,54,26,8,2
734007,Sunrisers Hyderabad,AJ Finch,20,22,2,0
734007,Sunrisers Hyderabad,DA Warner,44,23,3,3
734007,Sunrisers Hyderabad,IK Pathan,1,2,0,0
734007,Sunrisers Hyderabad,KV Sharma,1,1,0,0
734007,Sunrisers Hyderabad,MC Henriques,0,1,0,0
734007,Sunrisers Hyderabad,NV Ojha,79,35,4,7
734007,Sunrisers Hyderabad,S Dhawan,45,36,5,2
734009,Kolkata Knight Riders,G Gambhir,14,18,1,0
734009,Kolkata Knight Riders,MK Pandey,14,21,0,0
734009,Kolkata Knight Riders,RV Uthappa,80,52,9,3
734009,Kolkata Knight Riders,Shakib Al Hasan,9,8,1,0
734009,Kolkata Knight Riders,YK Pathan,20,13,3,0
734009,Mumbai Indians,AP Tare,2,3,0,0
734009,Mumbai Indians,AT Rayudu,33,26,3,1
734009,Mumbai Indians,CJ Anderson,18,12,1,1
734009,Mumbai Indians,CM Gautam,8,9,1,0
734009,Mumbai Indians,KA Pollard,10,11,0,0
734009,Mumbai Indians,LMP Simmons,12,14,2,0
734009,Mumbai Indians,RG Sharma,51,45,4,2
734011,Delhi Daredevils,Imran Tahir,4,6,1,0
734011,Delhi Daredevils,JP Duminy,8,8,0,1
734011,Delhi Daredevils,KD Karthik,3,8,0,0
734011,Delhi Daredevils,KM Jadhav,3,3,0,0
734011,Delhi Daredevils,KP Pietersen,13,18,1,0
734011,Delhi Daredevils,LRPL Taylor,4,5,0,0
734011,Delhi Daredevils,MA Agarwal,17,10,3,0
734011,Delhi Daredevils,MK Tiwary,61,44,5,2
734011,Delhi Daredevils,R Shukla,14,12,2,0
734011,Delhi Daredevils,S Kaul,2,2,0,0
734011,Delhi Daredevils,S Nadeem,1,4,0,0
734011,Rajasthan Royals,AM Rahane,64,50,8,1
734011,Rajasthan Royals,BCJ Cutting,8,6,0,1
734011,Rajasthan Royals,JP Faulkner,23,7,0,3
734011,Rajasthan Royals,KK Cooper,32,16,2,3
734011,Rajasthan Royals,KK Nair,19,14,1,1
734011,Rajasthan Royals,STR Binny,0,2,0,0
734011,Rajasthan Royals,SV Samson,40,25,2,3
734013,Chennai Super Kings,BB McCullum,19,13,1,2
734013,Chennai Super Kings,DJ Hussey,25,29,1,1
734013,Chennai Super Kings,DR Smith,9,15,1,0
734013,Chennai Super Kings,MS Dhoni,7,6,1,0
734013,Chennai Super Kings,RA Jadeja,10,9,0,0
734013,Chennai Super Kings,SK Raina,62,48,6,1
734013,Royal Challengers Bangalore,AB de Villiers,28,14,1,3
734013,Royal Challengers Bangalore,AN Ahmed,4,1,1,0
734013,Royal Challengers Bangalore,CH Gayle,46,50,3,3
734013,Royal Challengers Bangalore,PA Patel,10,14,2,0
734013,Royal Challengers Bangalore,S Rana,1,2,0,0
734013,Royal Challengers Bangalore,V Kohli,27,29,1,1
734013,Royal Challengers Bangalore,Yuvraj Singh,13,9,0,1
734015,Kolkata Knight Riders,G Gambhir,6,10,1,0
734015,Kolkata Knight Riders,MK Pandey,35,32,3,1
734015,Kolkata Knight Riders,RN ten Doeschate,25,15,2,1
734015,Kolkata Knight Riders,RV Uthappa,40,33,5,1
734015,Kolkata Knight Riders,YK Pathan,39,28,2,2
734015,Sunrisers Hyderabad,AJ Finch,8,8,1,0
734015,Sunrisers Hyderabad,DA Warner,34,18,3,2
734015,Sunrisers Hyderabad,DJG Sammy,7,16,0,0
734015,Sunrisers Hyderabad,DW Steyn,1,2,0,0
734015,Sunrisers Hyderabad,IK Pathan,23,19,2,0
734015,Sunrisers Hyderabad,KL Rahul,14,15,2,0
734015,Sunrisers Hyderabad,KV Sharma,4,4,0,0
734015,Sunrisers Hyderabad,NV Ojha,22,24,1,2
734015,Sunrisers Hyderabad,S Dhawan,19,14,4,0
734017,Mumbai Indians,KA Pollard,14,12,0,1
734017,Mumbai Indians,LMP Simmons,62,50,6,2
734017,Mumbai Indians,MEK Hussey,56,39,3,2
734017,Mumbai Indians,RG Sharma,40,19,3,4
734017,Rajasthan Royals,Ankit Sharma,4,3,0,0
734017,Rajasthan Royals,BJ Hodge,40,30,0,3
734017,Rajasthan Royals,JP Faulkner,31,21,1,2
734017,Rajasthan Royals,KK Cooper,5,8,0,0
734017,Rajasthan Royals,KK Nair,48,24,4,3
734017,Rajasthan Royals,R Bhatia,6,4,1,0
734017,Rajasthan Royals,SR Watson,5,6,1,0
734017,Rajasthan Royals,STR Binny,2,10,0,0
734017,Rajasthan Royals,SV Samson,2,5,0,0
734017,Rajasthan Royals,UBT Chand,2,9,0,0
734019,Delhi Daredevils,JP Duminy,17,21,1,0
734019,Delhi Daredevils,KD Karthik,69,44,7,3
734019,Delhi Daredevils,KM Jadhav,0,1,0,0
734019,Delhi Daredevils,KP Pietersen,49,32,6,1
734019,Delhi Daredevils,M Vijay,5,8,1,0
734019,Delhi Daredevils,MA Agarwal,6,2,0,1
734019,Delhi Daredevils,MK Tiwary,10,8,1,0
734019,Delhi Daredevils,Mohammed Shami,1,2,0,0
734019,Delhi Daredevils,WD Parnell,2,2,0,0
734019,Kings XI Punjab,AR Patel,42,35,5,1
734019,Kings XI Punjab,DA Miller,2,6,0,0
734019,Kings XI Punjab,GJ Bailey,6,7,0,0
734019,Kings XI Punjab,GJ Maxwell,14,11,0,1
734019,Kings XI Punjab,M Vohra,42,19,4,3
734019,Kings XI Punjab,R Dhawan,8,5,1,0
734019,Kings XI Punjab,V Sehwag,23,22,2,1
734019,Kings XI Punjab,WP Saha,13,13,1,0
734021,Royal Challengers Bangalore,AB de Villiers,29,17,2,1
734021,Royal Challengers Bangalore,CH Gayle,14,20,1,0
734021,Royal Challengers Bangalore,MA Starc,6,6,1,0
734021,Royal Challengers Bangalore,PA Patel,4,4,1,0
734021,Royal Challengers Bangalore,S Rana,12,7,2,0
734021,Royal Challengers Bangalore,V Kohli,67,41,4,4
734021,Royal Challengers Bangalore,Yuvraj Singh,21,25,2,1
734021,Sunrisers Hyderabad,AJ Finch,11,9,1,0
734021,Sunrisers Hyderabad,DA Warner,59,46,3,4
734021,Sunrisers Hyderabad,DJG Sammy,10,4,0,1
734021,Sunrisers Hyderabad,NV Ojha,24,20,0,2
734021,Sunrisers Hyderabad,S Dhawan,50,39,7,1
734023,Chennai Super Kings,BB McCullum,28,24,1,2
734023,Chennai Super Kings,DR Smith,5,6,1,0
734023,Chennai Super Kings,F du Plessis,23,20,2,0
734023,Chennai Super Kings,MS Dhoni,21,14,1,1
734023,Chennai Super Kings,RA Jadeja,9,4,0,1
734023,Chennai Super Kings,SK Raina,65,52,3,5
734023,Kolkata Knight Riders,G Gambhir,21,20,3,0
734023,Kolkata Knight Riders,MK Pandey,18,28,0,0
734023,Kolkata Knight Riders,RV Uthappa,67,39,10,1
734023,Kolkata Knight Riders,Shakib Al Hasan,46,21,6,2
734025,Kings XI Punjab,AR Patel,6,6,1,0
734025,Kings XI Punjab,BE Hendricks,0,1,0,0
734025,Kings XI Punjab,GJ Bailey,39,30,2,2
734025,Kings XI Punjab,GJ Maxwell,2,3,0,0
734025,Kings XI Punjab,M Vohra,36,34,4,1
734025,Kings XI Punjab,R Dhawan,14,9,2,0
734025,Kings XI Punjab,SE Marsh,30,17,2,2
734025,Kings XI Punjab,Shivam Sharma,1,1,0,0
734025,Kings XI Punjab,V Sehwag,17,11,1,2
734025,Kings XI Punjab,WP Saha,3,8,0,0
734025,Mumbai Indians,AT Rayudu,17,14,0,0
734025,Mumbai Indians,KA Pollard,8,6,0,1
734025,Mumbai Indians,LMP Simmons,100,61,14,2
734025,Mumbai Indians,MEK Hussey,6,13,0,0
734025,Mumbai Indians,RG Sharma,18,20,2,0
734027,Kolkata Knight Riders,G Gambhir,4,4,1,0
734027,Kolkata Knight Riders,MK Pandey,13,12,3,0
734027,Kolkata Knight Riders,RN ten Doeschate,6,3,0,1
734027,Kolkata Knight Riders,RV Uthappa,83,50,10,1
734027,Kolkata Knight Riders,Shakib Al Hasan,60,38,5,3
734027,Kolkata Knight Riders,YK Pathan,22,13,1,2
734027,Royal Challengers Bangalore,AB de Villiers,13,13,1,0
734027,Royal Challengers Bangalore,CH Gayle,6,9,1,0
734027,Royal Challengers Bangalore,MA Starc,12,8,1,0
734027,Royal Challengers Bangalore,S Rana,19,11,2,0
734027,Royal Challengers Bangalore,V Kohli,38,31,3,1
734027,Royal Challengers Bangalore,YV Takawale,45,36,5,1
734027,Royal Challengers Bangalore,Yuvraj Singh,22,12,1,2
734029,Chennai Super Kings,DJ Hussey,50,33,5,2
734029,Chennai Super Kings,DR Smith,47,28,4,4
734029,Chennai Super Kings,F du Plessis,19,11,4,0
734029,Chennai Super Kings,MS Dhoni,57,41,2,4
734029,Chennai Super Kings,SK Raina,4,7,0,0
734029,Sunrisers Hyderabad,AJ Finch,7,3,0,1
734029,Sunrisers Hyderabad,DA Warner,90,44,12,3
734029,Sunrisers Hyderabad,DJG Sammy,0,3,0,0
734029,Sunrisers Hyderabad,NV Ojha,19,18,0,1
734029,Sunrisers Hyderabad,S Dhawan,64,49,4,2
734029,Sunrisers Hyderabad,Y Venugopal Rao,4,1,1,0
734031,Delhi Daredevils,JP Duminy,45,28,0,4
734031,Delhi Daredevils,KD Karthik,7,13,1,0
734031,Delhi Daredevils,KM Jadhav,7,5,1,0
734031,Delhi Daredevils,KP Pietersen,44,31,6,1
734031,Delhi Daredevils,M Vijay,8,12,0,0
734031,Delhi Daredevils,MK Tiwary,41,31,5,1
734031,Mumbai Indians,AP Tare,14,8,3,0
734031,Mumbai Indians,AT Rayudu,2,3,0,0
734031,Mumbai Indians,Harbhajan Singh,2,3,0,0
734031,Mumbai Indians,JJ Bumrah,0,2,0,0
734031,Mumbai Indians,KA Pollard,11,8,0,1
734031,Mumbai Indians,LMP Simmons,35,25,5,0
734031,Mumbai Indians,M de Lange,1,2,0,0
734031,Mumbai Indians,MEK Hussey,56,33,7,2
734031,Mumbai Indians,PP Ojha,2,2,0,0
734031,Mumbai Indians,RG Sharma,30,21,4,0
734031,Mumbai Indians,S Gopal,11,10,1,0
734033,Kings XI Punjab,DA Miller,29,20,0,2
734033,Kings XI Punjab,GJ Bailey,26,17,1,1
734033,Kings XI Punjab,M Vohra,25,20,3,1
734033,Kings XI Punjab,SE Marsh,40,35,5,1
734033,Kings XI Punjab,V Sehwag,18,8,3,1
734033,Kings XI Punjab,WP Saha,27,20,4,0
734033,Rajasthan Royals,AM Rahane,23,26,2,0
734033,Rajasthan Royals,BJ Hodge,31,18,2,2
734033,Rajasthan Royals,JP Faulkner,35,13,1,4
734033,Rajasthan Royals,KK Cooper,2,2,0,0
734033,Rajasthan Royals,KK Nair,11,6,2,0
734033,Rajasthan Royals,R Tewatia,16,13,0,1
734033,Rajasthan Royals,SR Watson,0,1,0,0
734033,Rajasthan Royals,STR Binny,7,10,0,0
734033,Rajasthan Royals,SV Samson,30,29,2,1
734033,Rajasthan Royals,VS Malik,1,2,0,0
734035,Chennai Super Kings,DR Smith,34,17,4,1
734035,Chennai Super Kings,F du Plessis,54,43,3,3
734035,Chennai Super Kings,MS Dhoni,49,28,4,3
734035,Chennai Super Kings,SK Raina,18,18,2,0
734035,Royal Challengers Bangalore,AB de Villiers,10,6,2,0
734035,Royal Challengers Bangalore,MA Starc,2,2,0,0
734035,Royal Challengers Bangalore,RR Rossouw,1,4,0,0
734035,Royal Challengers Bangalore,S Rana,5,6,0,0
734035,Royal Challengers Bangalore,V Kohli,73,49,2,5
734035,Royal Challengers Bangalore,VH Zol,13,12,0,1
734035,Royal Challengers Bangalore,YV Takawale,19,17,4,0
734035,Royal Challengers Bangalore,Yuvraj Singh,25,24,2,0
734037,Kolkata Knight Riders,G Gambhir,28,16,4,1
734037,Kolkata Knight Riders,MK Pandey,2,7,0,0
734037,Kolkata Knight Riders,RN ten Doeschate,0,1,0,0
734037,Kolkata Knight Riders,RV Uthappa,41,30,4,2
734037,Kolkata Knight Riders,SA Yadav,12,5,1,1
734037,Kolkata Knight Riders,Shakib Al Hasan,1,5,0,0
734037,Kolkata Knight Riders,YK Pathan,72,22,5,7
734037,Sunrisers Hyderabad,DA Warner,4,2,1,0
734037,Sunrisers Hyderabad,DJG Sammy,29,19,1,3
734037,Sunrisers Hyderabad,JO Holder,16,12,2,1
734037,Sunrisers Hyderabad,KV Sharma,5,2,1,0
734037,Sunrisers Hyderabad,NV Ojha,26,23,5,1
734037,Sunrisers Hyderabad,S Anirudha,3,5,0,0
734037,Sunrisers Hyderabad,S Dhawan,29,31,5,0
734037,Sunrisers Hyderabad,Y Venugopal Rao,27,26,4,0
734039,Delhi Daredevils,Imran Tahir,4,4,1,0
734039,Delhi Daredevils,JD Unadkat,0,1,0,0
734039,Delhi Daredevils,JDS Neesham,12,20,1,0
734039,Delhi Daredevils,JP Duminy,8,8,1,0
734039,Delhi Daredevils,KD Karthik,13,7,3,0
734039,Delhi Daredevils,KM Jadhav,0,4,0,0
734039,Delhi Daredevils,KP Pietersen,58,41,9,0
734039,Delhi Daredevils,MA Agarwal,2,5,0,0
734039,Delhi Daredevils,MK Tiwary,8,11,0,0
734039,Delhi Daredevils,Mohammed Shami,0,1,0,0
734039,Delhi Daredevils,S Nadeem,3,7,0,0
734039,Kings XI Punjab,DA Miller,47,34,4,2
734039,Kings XI Punjab,GJ Bailey,1,1,0,0
734039,Kings XI Punjab,GJ Maxwell,0,3,0,0
734039,Kings XI Punjab,M Vohra,47,38,4,2
734039,Kings XI Punjab,V Sehwag,9,7,2,0
734041,Mumbai Indians,AP Tare,6,1,0,1
734041,Mumbai Indians,AT Rayudu,30,10,5,1
734041,Mumbai Indians,CJ Anderson,95,44,9,6
734041,Mumbai Indians,KA Pollard,7,3,0,1
734041,Mumbai Indians,LMP Simmons,12,8,3,0
734041,Mumbai Indians,MEK Hussey,22,11,1,2
734041,Mumbai Indians,RG Sharma,16,11,1,1
734041,Rajasthan Royals,BJ Hodge,29,16,2,1
734041,Rajasthan Royals,JP Faulkner,23,12,0,3
734041,Rajasthan Royals,KK Nair,50,27,7,2
734041,Rajasthan Royals,SR Watson,8,18,1,0
734041,Rajasthan Royals,SV Samson,74,47,7,3
734043,Kings XI Punjab,AR Patel,2,2,0,0
734043,Kings XI Punjab,DA Miller,8,12,0,0
734043,Kings XI Punjab,GJ Bailey,26,17,1,2
734043,Kings XI Punjab,GJ Maxwell,6,9,1,0
734043,Kings XI Punjab,Karanveer Singh,1,1,0,0
734043,Kings XI Punjab,M Vohra,26,19,0,3
734043,Kings XI Punjab,MG Johnson,10,11,0,1
734043,Kings XI Punjab,R Dhawan,14,15,0,1
734043,Kings XI Punjab,V Sehwag,2,3,0,0
734043,Kings XI Punjab,WP Saha,35,31,2,2
734043,Kolkata Knight Riders,G Gambhir,1,3,0,0
734043,Kolkata Knight Riders,MK Pandey,21,20,3,0
734043,Kolkata Knight Riders,PP Chawla,17,9,3,0
734043,Kolkata Knight Riders,RN ten Doeschate,17,10,0,2
734043,Kolkata Knight Riders,RV Uthappa,42,30,4,2
734043,Kolkata Knight Riders,SA Yadav,20,14,3,1
734043,Kolkata Knight Riders,Shakib Al Hasan,18,16,2,0
734043,Kolkata Knight Riders,YK Pathan,20,18,2,1
734045,Chennai Super Kings,BB McCullum,14,11,0,2
734045,Chennai Super Kings,DJ Hussey,40,29,2,3
734045,Chennai Super Kings,DR Smith,24,20,4,0
734045,Chennai Super Kings,F du Plessis,35,20,5,1
734045,Chennai Super Kings,SK Raina,54,32,4,2
734045,Mumbai Indians,AP Tare,0,1,0,0
734045,Mumbai Indians,AT Rayudu,2,3,0,0
734045,Mumbai Indians,CJ Anderson,20,10,1,2
734045,Mumbai Indians,Harbhajan Singh,7,2,0,1
734045,Mumbai Indians,KA Pollard,14,8,1,1
734045,Mumbai Indians,LMP Simmons,67,44,5,4
734045,Mumbai Indians,MEK Hussey,39,33,4,1
734045,Mumbai Indians,P Kumar,1,2,0,0
734045,Mumbai Indians,PP Ojha,1,1,0,0
734045,Mumbai Indians,RG Sharma,20,16,3,0
734047,Chennai Super Kings,BB McCullum,11,16,0,0
734047,Chennai Super Kings,DJ Hussey,1,3,0,0
734047,Chennai Super Kings,DR Smith,7,11,0,0
734047,Chennai Super Kings,F du Plessis,0,1,0,0
734047,Chennai Super Kings,MM Sharma,1,3,0,0
734047,Chennai Super Kings,MS Dhoni,42,30,3,3
734047,Chennai Super Kings,R Ashwin,10,11,0,0
734047,Chennai Super Kings,RA Jadeja,27,21,2,1
734047,Chennai Super Kings,SK Raina,87,24,12,6
734047,Kings XI Punjab,DA Miller,38,19,5,1
734047,Kings XI Punjab,GJ Bailey,1,2,0,0
734047,Kings XI Punjab,GJ Maxwell,13,6,1,1
734047,Kings XI Punjab,M Vohra,34,31,1,2
734047,Kings XI Punjab,MG Johnson,1,1,0,0
734047,Kings XI Punjab,V Sehwag,122,57,12,8
734047,Kings XI Punjab,WP Saha,6,4,0,1
734049,Kings XI Punjab,DA Miller,1,1,0,0
734049,Kings XI Punjab,GJ Bailey,1,2,0,0
734049,Kings XI Punjab,GJ Maxwell,0,1,0,0
734049,Kings XI Punjab,M Vohra,67,51,6,2
734049,Kings XI Punjab,V Sehwag,7,10,1,0
734049,Kings XI Punjab,WP Saha,115,55,10,8
734049,Kolkata Knight Riders,G Gambhir,23,17,3,0
734049,Kolkata Knight Riders,MK Pandey,94,50,7,6
734049,Kolkata Knight Riders,PP Chawla,13,5,1,1
734049,Kolkata Knight Riders,RN ten Doeschate,4,3,1,0
734049,Kolkata Knight Riders,RV Uthappa,5,3,1,0
734049,Kolkata Knight Riders,SA Yadav,5,6,0,0
734049,Kolkata Knight Riders,SP Narine,2,4,0,0
734049,Kolkata Knight Riders,Shakib Al Hasan,12,7,2,0
734049,Kolkata Knight Riders,YK Pathan,36,22,0,4
829705,Kolkata Knight Riders,G Gambhir,57,43,7,1
829705,Kolkata Knight Riders,MK Pandey,40,24,2,3
829705,Kolkata Knight Riders,RV Uthappa,9,12,0,1
829705,Kolkata Knight Riders,SA Yadav,46,20,1,5
829705,Kolkata Knight Riders,YK Pathan,14,12,1,1
829705,Mumbai Indians,AJ Finch,5,5,1,0
829705,Mumbai Indians,AP Tare,7,7,1,0
829705,Mumbai Indians,AT Rayudu,0,2,0,0
829705,Mumbai Indians,CJ Anderson,55,41,4,3
829705,Mumbai Indians,RG Sharma,98,65,12,4
829707,Chennai Super Kings,BB McCullum,4,2,1,0
829707,Chennai Super Kings,DJ Bravo,1,3,0,0
829707,Chennai Super Kings,DR Smith,34,30,6,0
829707,Chennai Super Kings,F du Plessis,32,24,3,0
829707,Chennai Super Kings,MM Sharma,2,1,0,0
829707,Chennai Super Kings,MS Dhoni,30,27,1,2
829707,Chennai Super Kings,R Ashwin,12,8,1,0
829707,Chennai Super Kings,RA Jadeja,17,18,1,1
829707,Chennai Super Kings,SK Raina,4,7,0,0
829707,Delhi Daredevils,A Mishra,4,4,0,0
829707,Delhi Daredevils,CM Gautam,4,5,0,0
829707,Delhi Daredevils,Imran Tahir,2,2,0,0
829707,Delhi Daredevils,JA Morkel,73,55,8,1
829707,Delhi Daredevils,JP Duminy,5,5,0,0
829707,Delhi Daredevils,KM Jadhav,20,20,2,0
829707,Delhi Daredevils,MA Agarwal,15,12,2,1
829707,Delhi Daredevils,NM Coulter-Nile,5,4,1,0
829707,Delhi Daredevils,SS Iyer,7,7,1,0
829707,Delhi Daredevils,Yuvraj Singh,9,6,1,0
829709,Kings XI Punjab,AR Patel,24,28,2,0
829709,Kings XI Punjab,Anureet Singh,0,3,0,0
829709,Kings XI Punjab,DA Miller,23,21,3,1
829709,Kings XI Punjab,GJ Bailey,24,18,2,1
829709,Kings XI Punjab,GJ Maxwell,7,5,1,0
829709,Kings XI Punjab,Karanveer Singh,5,4,1,0
829709,Kings XI Punjab,M Vijay,37,32,4,1
829709,Kings XI Punjab,MG Johnson,0,4,0,0
829709,Kings XI Punjab,V Sehwag,0,1,0,0
829709,Kings XI Punjab,WP Saha,7,4,1,0
829709,Rajasthan Royals,AM Rahane,0,8,0,0
829709,Rajasthan Royals,CH Morris,6,8,0,0
829709,Rajasthan Royals,DJ Hooda,30,15,1,3
829709,Rajasthan Royals,JP Faulkner,46,33,2,3
829709,Rajasthan Royals,KK Nair,8,11,0,1
829709,Rajasthan Royals,SPD Smith,33,23,5,0
829709,Rajasthan Royals,STR Binny,13,16,2,0
829709,Rajasthan Royals,SV Samson,5,6,0,0
829711,Chennai Super Kings,BB McCullum,100,53,7,9
829711,Chennai Super Kings,DR Smith,27,25,4,1
829711,Chennai Super Kings,MS Dhoni,53,29,4,4
829711,Chennai Super Kings,RA Jadeja,0,1,0,0
829711,Chennai Super Kings,SK Raina,14,12,1,0
829711,Sunrisers Hyderabad,DA Warner,53,42,1,3
829711,Sunrisers Hyderabad,KL Rahul,5,8,1,0
829711,Sunrisers Hyderabad,KS Williamson,26,18,1,1
829711,Sunrisers Hyderabad,KV Sharma,4,6,0,0
829711,Sunrisers Hyderabad,NV Ojha,15,11,0,1
829711,Sunrisers Hyderabad,Parvez Rasool,2,2,0,0
829711,Sunrisers Hyderabad,RS Bopara,22,15,0,2
829711,Sunrisers Hyderabad,S Dhawan,26,18,5,0
829713,Kolkata Knight Riders,AD Russell,41,17,6,2
829713,Kolkata Knight Riders,G Gambhir,58,46,7,1
829713,Kolkata Knight Riders,MK Pandey,23,15,4,0
829713,Kolkata Knight Riders,RV Uthappa,35,28,4,0
829713,Kolkata Knight Riders,SA Yadav,11,9,2,0
829713,Kolkata Knight Riders,Shakib Al Hasan,0,1,0,0
829713,Kolkata Knight Riders,YK Pathan,3,4,0,0
829713,Royal Challengers Bangalore,AB de Villiers,28,13,3,2
829713,Royal Challengers Bangalore,AN Ahmed,5,2,1,0
829713,Royal Challengers Bangalore,CH Gayle,96,56,7,7
829713,Royal Challengers Bangalore,DJG Sammy,7,9,0,0
829713,Royal Challengers Bangalore,HV Patel,9,4,0,1
829713,Royal Challengers Bangalore,KD Karthik,6,8,1,0
829713,Royal Challengers Bangalore,Mandeep Singh,6,3,0,1
829713,Royal Challengers Bangalore,SA Abbott,1,4,0,0
829713,Royal Challengers Bangalore,V Kohli,13,15,0,1
829715,Delhi Daredevils,AD Mathews,27,14,3,1
829715,Delhi Daredevils,JP Duminy,44,38,0,3
829715,Delhi Daredevils,MA Agarwal,37,21,6,1
829715,Delhi Daredevils,SS Iyer,40,30,3,3
829715,Delhi Daredevils,Yuvraj Singh,27,17,0,2
829715,Rajasthan Royals,AM Rahane,47,39,2,3
829715,Rajasthan Royals,CH Morris,13,6,1,1
829715,Rajasthan Royals,DJ Hooda,54,25,3,4
829715,Rajasthan Royals,JP Faulkner,17,11,2,0
829715,Rajasthan Royals,KK Nair,20,12,3,0
829715,Rajasthan Royals,SPD Smith,10,9,2,0
829715,Rajasthan Royals,STR Binny,1,2,0,0
829715,Rajasthan Royals,SV Samson,11,12,1,0
829715,Rajasthan Royals,TG Southee,7,4,1,0
829717,Kings XI Punjab,DA Miller,24,23,3,0
829717,Kings XI Punjab,GJ Bailey,61,32,4,3
829717,Kings XI Punjab,GJ Maxwell,6,4,1,0
829717,Kings XI Punjab,M Vijay,35,29,6,0
829717,Kings XI Punjab,MG Johnson,3,7,0,0
829717,Kings XI Punjab,R Dhawan,6,6,1,0
829717,Kings XI Punjab,V Sehwag,36,19,6,1
829717,Mumbai Indians,AJ Finch,8,14,1,0
829717,Mumbai Indians,AP Tare,7,10,0,0
829717,Mumbai Indians,AT Rayudu,13,18,2,0
829717,Mumbai Indians,CJ Anderson,5,11,1,0
829717,Mumbai Indians,Harbhajan Singh,64,23,5,6
829717,Mumbai Indians,J Suchith,34,21,4,2
829717,Mumbai Indians,KA Pollard,20,21,1,1
829717,Mumbai Indians,RG Sharma,0,2,0,0
829719,Royal Challengers Bangalore,AB de Villiers,46,28,5,2
829719,Royal Challengers Bangalore,AN Ahmed,4,2,1,0
829719,Royal Challengers Bangalore,CH Gayle,21,16,3,1
829719,Royal Challengers Bangalore,DJG Sammy,6,9,0,0
829719,Royal Challengers Bangalore,HV Patel,2,2,0,0
829719,Royal Challengers Bangalore,KD Karthik,9,11,1,0
829719,Royal Challengers Bangalore,Mandeep Singh,0,1,0,0
829719,Royal Challengers Bangalore,SA Abbott,14,9,1,1
829719,Royal Challengers Bangalore,V Kohli,41,37,4,2
829719,Royal Challengers Bangalore,VR Aaron,6,3,0,1
829719,Royal Challengers Bangalore,YS Chahal,1,1,0,0
829719,Sunrisers Hyderabad,DA Warner,57,27,6,4
829719,Sunrisers Hyderabad,KL Rahul,44,27,4,1
829719,Sunrisers Hyderabad,KS Williamson,5,9,0,0
829719,Sunrisers Hyderabad,S Dhawan,50,41,4,2
829721,Mumbai Indians,AJ Finch,10,14,2,0
829721,Mumbai Indians,CJ Anderson,50,37,5,3
829721,Mumbai Indians,J Suchith,0,1,0,0
829721,Mumbai Indians,KA Pollard,70,34,7,5
829721,Mumbai Indians,PA Patel,16,11,2,0
829721,Mumbai Indians,RG Sharma,0,5,0,0
829721,Mumbai Indians,S Gopal,1,1,0,0
829721,Mumbai Indians,UBT Chand,12,17,1,0
829721,Rajasthan Royals,AM Rahane,46,39,4,0
829721,Rajasthan Royals,DJ Hooda,13,4,0,2
829721,Rajasthan Royals,JP Faulkner,6,6,0,0
829721,Rajasthan Royals,SPD Smith,79,51,8,1
829721,Rajasthan Royals,SV Samson,17,15,3,0
829723,Chennai Super Kings,A Nehra,1,4,0,0
829723,Chennai Super Kings,BB McCullum,32,12,3,3
829723,Chennai Super Kings,DJ Bravo,30,32,4,0
829723,Chennai Super Kings,DR Smith,0,1,0,0
829723,Chennai Super Kings,F du Plessis,20,11,5,0
829723,Chennai Super Kings,MM Sharma,0,1,0,0
829723,Chennai Super Kings,MS Dhoni,1,4,0,0
829723,Chennai Super Kings,P Negi,27,13,4,1
829723,Chennai Super Kings,RA Jadeja,24,30,1,1
829723,Chennai Super Kings,RG More,2,2,0,0
829723,Chennai Super Kings,SK Raina,8,10,2,0
829723,Kolkata Knight Riders,AD Russell,55,32,4,4
829723,Kolkata Knight Riders,G Gambhir,19,16,0,2
829723,Kolkata Knight Riders,MK Pandey,3,10,0,0
829723,Kolkata Knight Riders,RV Uthappa,80,58,7,1
829723,Kolkata Knight Riders,SA Yadav,2,3,0,0
829725,Delhi Daredevils,AD Mathews,6,3,1,0
829725,Delhi Daredevils,JP Duminy,21,19,3,0
829725,Delhi Daredevils,KM Jadhav,3,5,0,0
829725,Delhi Daredevils,MA Agarwal,68,48,7,2
829725,Delhi Daredevils,SS Iyer,6,5,1,0
829725,Delhi Daredevils,Yuvraj Singh,54,39,5,3
829725,Kings XI Punjab,AR Patel,13,10,0,1
829725,Kings XI Punjab,DA Miller,5,7,0,0
829725,Kings XI Punjab,GJ Bailey,19,11,1,1
829725,Kings XI Punjab,GJ Maxwell,15,5,0,2
829725,Kings XI Punjab,M Vijay,19,18,2,1
829725,Kings XI Punjab,V Sehwag,47,41,4,2
829725,Kings XI Punjab,WP Saha,39,28,0,3
829727,Rajasthan Royals,AM Rahane,62,56,9,0
829727,Rajasthan Royals,JP Faulkner,6,5,1,0
829727,Rajasthan Royals,KK Nair,1,5,0,0
829727,Rajasthan Royals,SPD Smith,13,10,2,0
829727,Rajasthan Royals,STR Binny,16,14,1,0
829727,Rajasthan Royals,SV Samson,26,30,2,0
829727,Sunrisers Hyderabad,A Ashish Reddy,13,9,0,1
829727,Sunrisers Hyderabad,DA Warner,21,14,3,1
829727,Sunrisers Hyderabad,EJG Morgan,27,30,2,1
829727,Sunrisers Hyderabad,KL Rahul,2,5,0,0
829727,Sunrisers Hyderabad,NV Ojha,25,31,3,0
829727,Sunrisers Hyderabad,RS Bopara,23,19,1,1
829727,Sunrisers Hyderabad,S Dhawan,10,12,2,0
829729,Chennai Super Kings,BB McCullum,46,19,6,2
829729,Chennai Super Kings,DJ Bravo,13,5,1,1
829729,Chennai Super Kings,DR Smith,62,29,8,4
829729,Chennai Super Kings,F du Plessis,11,13,2,0
829729,Chennai Super Kings,MS Dhoni,3,6,0,0
829729,Chennai Super Kings,SK Raina,43,28,4,2
829729,Mumbai Indians,AT Rayudu,29,16,1,3
829729,Mumbai Indians,CJ Anderson,4,7,1,0
829729,Mumbai Indians,Harbhajan Singh,24,21,2,1
829729,Mumbai Indians,KA Pollard,64,30,4,5
829729,Mumbai Indians,LMP Simmons,5,13,1,0
829729,Mumbai Indians,PA Patel,0,1,0,0
829729,Mumbai Indians,R Vinay Kumar,0,1,0,0
829729,Mumbai Indians,RG Sharma,50,31,5,1
829731,Delhi Daredevils,AD Mathews,15,11,0,1
829731,Delhi Daredevils,JP Duminy,54,41,5,2
829731,Delhi Daredevils,KM Jadhav,19,12,1,1
829731,Delhi Daredevils,MA Agarwal,1,3,0,0
829731,Delhi Daredevils,SS Iyer,60,40,3,5
829731,Delhi Daredevils,Yuvraj Singh,9,13,0,0
829731,Sunrisers Hyderabad,A Ashish Reddy,15,8,1,1
829731,Sunrisers Hyderabad,DA Warner,28,20,4,0
829731,Sunrisers Hyderabad,EJG Morgan,1,2,0,0
829731,Sunrisers Hyderabad,KL Rahul,24,21,0,2
829731,Sunrisers Hyderabad,KV Sharma,19,10,0,2
829731,Sunrisers Hyderabad,NV Ojha,12,10,1,0
829731,Sunrisers Hyderabad,P Kumar,1,1,0,0
829731,Sunrisers Hyderabad,RS Bopara,41,30,1,3
829731,Sunrisers Hyderabad,S Dhawan,18,18,3,0
829733,Kings XI Punjab,AR Patel,2,3,0,0
829733,Kings XI Punjab,Anureet Singh,0,1,0,0
829733,Kings XI Punjab,GJ Bailey,60,45,5,2
829733,Kings XI Punjab,GJ Maxwell,33,26,2,2
829733,Kings XI Punjab,Gurkeerat Singh,11,10,0,1
829733,Kings XI Punjab,M Vijay,0,4,0,0
829733,Kings XI Punjab,MG Johnson,1,2,0,0
829733,Kings XI Punjab,NLTC Perera,9,8,0,1
829733,Kings XI Punjab,V Sehwag,11,10,2,0
829733,Kings XI Punjab,WP Saha,15,11,1,1
829733,Kolkata Knight Riders,AD Russell,66,36,9,2
829733,Kolkata Knight Riders,G Gambhir,11,19,1,0
829733,Kolkata Knight Riders,MK Pandey,12,6,2,0
829733,Kolkata Knight Riders,PP Chawla,4,1,1,0
829733,Kolkata Knight Riders,RN ten Doeschate,0,1,0,0
829733,Kolkata Knight Riders,RV Uthappa,13,10,2,0
829733,Kolkata Knight Riders,SA Yadav,23,10,2,2
829733,Kolkata Knight Riders,YK Pathan,28,24,4,0
829735,Chennai Super Kings,BB McCullum,12,7,3,0
829735,Chennai Super Kings,DJ Bravo,62,36,8,1
829735,Chennai Super Kings,DR Smith,40,29,3,2
829735,Chennai Super Kings,F du Plessis,1,3,0,0
829735,Chennai Super Kings,MS Dhoni,31,37,4,0
829735,Chennai Super Kings,SK Raina,4,8,0,0
829735,Rajasthan Royals,AM Rahane,76,55,6,2
829735,Rajasthan Royals,KK Nair,1,1,0,0
829735,Rajasthan Royals,SPD Smith,6,7,0,0
829735,Rajasthan Royals,SR Watson,73,47,6,4
829737,Mumbai Indians,AT Rayudu,0,1,0,0
829737,Mumbai Indians,HH Pandya,16,6,0,2
829737,Mumbai Indians,Harbhajan Singh,0,1,0,0
829737,Mumbai Indians,KA Pollard,5,3,1,0
829737,Mumbai Indians,LMP Simmons,59,44,9,2
829737,Mumbai Indians,PA Patel,12,13,2,0
829737,Mumbai Indians,RG Sharma,42,15,3,4
829737,Mumbai Indians,UBT Chand,58,37,8,2
829737,Royal Challengers Bangalore,AB de Villiers,41,11,5,3
829737,Royal Challengers Bangalore,AN Ahmed,1,1,0,0
829737,Royal Challengers Bangalore,CH Gayle,10,23,0,0
829737,Royal Challengers Bangalore,D Wiese,47,25,6,2
829737,Royal Challengers Bangalore,Iqbal Abdulla,20,14,4,0
829737,Royal Challengers Bangalore,KD Karthik,18,11,1,1
829737,Royal Challengers Bangalore,MS Bisla,20,16,3,1
829737,Royal Challengers Bangalore,RR Rossouw,0,1,0,0
829737,Royal Challengers Bangalore,V Kohli,18,18,1,1
829739,Delhi Daredevils,A Mishra,1,1,0,0
829739,Delhi Daredevils,AD Mathews,28,21,1,2
829739,Delhi Daredevils,JP Duminy,5,8,1,0
829739,Delhi Daredevils,KM Jadhav,12,9,1,1
829739,Delhi Daredevils,MA Agarwal,1,8,0,0
829739,Delhi Daredevils,MK Tiwary,32,28,5,0
829739,Delhi Daredevils,NM Coulter-Nile,2,2,0,0
829739,Delhi Daredevils,SS Iyer,31,24,3,1
829739,Delhi Daredevils,Yuvraj Singh,21,19,2,1
829739,Kolkata Knight Riders,G Gambhir,60,49,8,0
829739,Kolkata Knight Riders,MK Pandey,0,3,0,0
829739,Kolkata Knight Riders,RN ten Doeschate,3,2,0,0
829739,Kolkata Knight Riders,RV Uthappa,13,13,2,0
829739,Kolkata Knight Riders,SA Yadav,24,16,2,1
829739,Kolkata Knight Riders,YK Pathan,40,26,6,1
829741,Kings XI Punjab,AR Patel,12,7,1,0
829741,Kings XI Punjab,DA Miller,54,31,1,5
829741,Kings XI Punjab,GJ Maxwell,2,7,0,0
829741,Kings XI Punjab,M Vijay,21,18,0,2
829741,Kings XI Punjab,MG Johnson,13,7,1,0
829741,Kings XI Punjab,SE Marsh,77,44,8,3
829741,Kings XI Punjab,V Sehwag,1,4,0,0
829741,Kings XI Punjab,WP Saha,19,8,4,0
829741,Rajasthan Royals,AM Rahane,74,54,6,2
829741,Rajasthan Royals,DJ Hooda,19,9,1,2
829741,Rajasthan Royals,JP Faulkner,1,3,0,0
829741,Rajasthan Royals,KK Nair,25,13,2,1
829741,Rajasthan Royals,SPD Smith,5,2,1,0
829741,Rajasthan Royals,SR Watson,45,36,5,2
829741,Rajasthan Royals,STR Binny,12,4,1,1
829741,Rajasthan Royals,SV Samson,5,2,1,0
829743,Kolkata Knight Riders,AD Russell,19,10,1,2
829743,Kolkata Knight Riders,G Gambhir,4,8,0,0
829743,Kolkata Knight Riders,MK Pandey,33,24,3,1
829743,Kolkata Knight Riders,RV Uthappa,34,21,2,2
829743,Kolkata Knight Riders,SA Yadav,2,2,0,0
829743,Kolkata Knight Riders,YK Pathan,6,7,0,0
829743,Sunrisers Hyderabad,DA Warner,91,55,9,4
829743,Sunrisers Hyderabad,KL Rahul,0,2,0,0
829743,Sunrisers Hyderabad,MC Henriques,7,5,1,0
829743,Sunrisers Hyderabad,NV Ojha,18,8,1,2
829743,Sunrisers Hyderabad,RS Bopara,2,4,0,0
829743,Sunrisers Hyderabad,S Dhawan,54,46,4,1
829745,Chennai Super Kings,A Nehra,0,1,0,0
829745,Chennai Super Kings,BB McCullum,4,6,1,0
829745,Chennai Super Kings,DJ Bravo,5,4,1,0
829745,Chennai Super Kings,DR Smith,39,29,3,3
829745,Chennai Super Kings,F du Plessis,33,18,4,1
829745,Chennai Super Kings,MM Sharma,2,6,0,0
829745,Chennai Super Kings,MS Dhoni,13,13,2,0
829745,Chennai Super Kings,R Ashwin,5,3,1,0
829745,Chennai Super Kings,RA Jadeja,8,8,1,0
829745,Chennai Super Kings,SK Raina,62,32,4,6
829745,Royal Challengers Bangalore,AB de Villiers,14,10,0,2
829745,Royal Challengers Bangalore,D Wiese,22,20,2,1
829745,Royal Challengers Bangalore,HV Patel,0,1,0,0
829745,Royal Challengers Bangalore,KD Karthik,10,11,1,0
829745,Royal Challengers Bangalore,MA Starc,9,6,1,0
829745,Royal Challengers Bangalore,MS Bisla,17,14,3,0
829745,Royal Challengers Bangalore,RR Rossouw,14,9,1,1
829745,Royal Challengers Bangalore,SN Khan,11,7,0,1
829745,Royal Challengers Bangalore,V Kohli,51,42,4,2
829747,Delhi Daredevils,AD Mathews,17,8,3,0
829747,Delhi Daredevils,JP Duminy,78,50,3,6
829747,Delhi Daredevils,KM Jadhav,1,1,0,0
829747,Delhi Daredevils,MA Agarwal,1,2,0,0
829747,Delhi Daredevils,SS Iyer,83,56,7,5
829747,Delhi Daredevils,Yuvraj Singh,2,3,0,0
829747,Mumbai Indians,AT Rayudu,30,22,3,1
829747,Mumbai Indians,HH Pandya,0,1,0,0
829747,Mumbai Indians,Harbhajan Singh,9,10,0,1
829747,Mumbai Indians,KA Pollard,10,8,0,1
829747,Mumbai Indians,LMP Simmons,15,14,3,0
829747,Mumbai Indians,MJ McClenaghan,0,1,0,0
829747,Mumbai Indians,PA Patel,28,19,4,1
829747,Mumbai Indians,RG Sharma,30,24,0,2
829747,Mumbai Indians,SL Malinga,6,10,1,0
829747,Mumbai Indians,UBT Chand,14,11,2,0
829749,Rajasthan Royals,AM Rahane,18,12,2,1
829749,Rajasthan Royals,CH Morris,3,3,0,0
829749,Rajasthan Royals,DJ Hooda,1,3,0,0
829749,Rajasthan Royals,DS Kulkarni,1,2,0,0
829749,Rajasthan Royals,JP Faulkner,4,5,0,0
829749,Rajasthan Royals,KK Nair,16,14,0,1
829749,Rajasthan Royals,PV Tambe,2,4,0,0
829749,Rajasthan Royals,SPD Smith,31,28,2,0
829749,Rajasthan Royals,SR Watson,26,22,4,1
829749,Rajasthan Royals,STR Binny,20,20,2,0
829749,Rajasthan Royals,SV Samson,4,7,0,0
829749,Royal Challengers Bangalore,AB de Villiers,47,34,6,0
829749,Royal Challengers Bangalore,CH Gayle,20,17,3,1
829749,Royal Challengers Bangalore,V Kohli,62,46,1,3
829751,Mumbai Indians,AT Rayudu,7,7,1,0
829751,Mumbai Indians,Harbhajan Singh,0,4,0,0
829751,Mumbai Indians,J Suchith,9,5,0,0
829751,Mumbai Indians,KA Pollard,33,24,3,1
829751,Mumbai Indians,LMP Simmons,51,42,6,1
829751,Mumbai Indians,MJ McClenaghan,1,1,0,0
829751,Mumbai Indians,PA Patel,17,17,3,0
829751,Mumbai Indians,R Vinay Kumar,0,1,0,0
829751,Mumbai Indians,RG Sharma,24,15,2,1
829751,Mumbai Indians,UBT Chand,5,4,1,0
829751,Sunrisers Hyderabad,B Kumar,6,4,1,0
829751,Sunrisers Hyderabad,DA Warner,9,7,2,0
829751,Sunrisers Hyderabad,DW Steyn,0,1,0,0
829751,Sunrisers Hyderabad,GH Vihari,16,9,3,0
829751,Sunrisers Hyderabad,KL Rahul,25,27,0,1
829751,Sunrisers Hyderabad,KV Sharma,2,5,0,0
829751,Sunrisers Hyderabad,NV Ojha,9,9,0,0
829751,Sunrisers Hyderabad,P Kumar,0,2,0,0
829751,Sunrisers Hyderabad,RS Bopara,23,27,1,0
829751,Sunrisers Hyderabad,S Dhawan,42,29,7,1
829753,Chennai Super Kings,BB McCullum,66,44,8,3
829753,Chennai Super Kings,DR Smith,26,13,3,2
829753,Chennai Super Kings,MS Dhoni,41,27,2,2
829753,Chennai Super Kings,RA Jadeja,18,11,2,0
829753,Chennai Super Kings,SK Raina,29,25,4,0
829753,Kings XI Punjab,AR Patel,9,10,0,1
829753,Kings XI Punjab,Anureet Singh,10,20,0,0
829753,Kings XI Punjab,DA Miller,3,9,0,0
829753,Kings XI Punjab,GJ Bailey,1,3,0,0
829753,Kings XI Punjab,Karanveer Singh,2,5,0,0
829753,Kings XI Punjab,M Vijay,34,32,4,1
829753,Kings XI Punjab,MG Johnson,1,2,0,0
829753,Kings XI Punjab,SE Marsh,10,10,1,0
829753,Kings XI Punjab,Sandeep Sharma,1,4,0,0
829753,Kings XI Punjab,V Sehwag,1,2,0,0
829753,Kings XI Punjab,WP Saha,15,23,0,0
829757,Delhi Daredevils,A Mishra,2,4,0,0
829757,Delhi Daredevils,AD Mathews,0,1,0,0
829757,Delhi Daredevils,DJ Muthuswami,1,3,0,0
829757,Delhi Daredevils,Imran Tahir,3,4,0,0
829757,Delhi Daredevils,JP Duminy,13,14,2,0
829757,Delhi Daredevils,KM Jadhav,33,29,4,0
829757,Delhi Daredevils,MA Agarwal,27,34,1,1
829757,Delhi Daredevils,NM Coulter-Nile,4,8,1,0
829757,Delhi Daredevils,S Nadeem,2,7,0,0
829757,Delhi Daredevils,SS Iyer,0,1,0,0
829757,Delhi Daredevils,Yuvraj Singh,2,5,0,0
829757,Royal Challengers Bangalore,CH Gayle,62,40,6,4
829757,Royal Challengers Bangalore,V Kohli,35,23,6,0
829759,Kings XI Punjab,AR Patel,17,13,0,1
829759,Kings XI Punjab,Anureet Singh,0,2,0,0
829759,Kings XI Punjab,DA Miller,15,14,1,0
829759,Kings XI Punjab,GJ Bailey,22,16,3,0
829759,Kings XI Punjab,M Vijay,12,16,0,0
829759,Kings XI Punjab,M Vohra,5,9,1,0
829759,Kings XI Punjab,MG Johnson,4,6,0,0
829759,Kings XI Punjab,R Dhawan,4,6,0,0
829759,Kings XI Punjab,SE Marsh,1,4,0,0
829759,Kings XI Punjab,Sandeep Sharma,1,1,0,0
829759,Kings XI Punjab,WP Saha,42,33,2,1
829759,Sunrisers Hyderabad,A Ashish Reddy,22,8,1,2
829759,Sunrisers Hyderabad,DA Warner,58,41,10,1
829759,Sunrisers Hyderabad,GH Vihari,9,8,2,0
829759,Sunrisers Hyderabad,KV Sharma,1,1,0,0
829759,Sunrisers Hyderabad,MC Henriques,30,32,1,0
829759,Sunrisers Hyderabad,NV Ojha,28,26,3,0
829759,Sunrisers Hyderabad,RS Bopara,0,2,0,0
829759,Sunrisers Hyderabad,S Dhawan,1,2,0,0
829761,Delhi Daredevils,AD Mathews,22,15,2,1
829761,Delhi Daredevils,JA Morkel,5,2,1,0
829761,Delhi Daredevils,JP Duminy,25,16,2,1
829761,Delhi Daredevils,KM Jadhav,10,6,0,1
829761,Delhi Daredevils,MK Tiwary,25,28,3,1
829761,Delhi Daredevils,SS Iyer,40,35,3,2
829761,Delhi Daredevils,SS Tiwary,24,15,3,1
829761,Delhi Daredevils,Yuvraj Singh,0,3,0,0
829761,Kolkata Knight Riders,AD Russell,5,5,1,0
829761,Kolkata Knight Riders,G Gambhir,12,10,2,0
829761,Kolkata Knight Riders,J Botha,17,5,4,0
829761,Kolkata Knight Riders,MK Pandey,22,19,1,1
829761,Kolkata Knight Riders,PP Chawla,22,19,1,1
829761,Kolkata Knight Riders,RV Uthappa,32,31,4,1
829761,Kolkata Knight Riders,SA Yadav,7,7,0,0
829761,Kolkata Knight Riders,YK Pathan,42,24,3,3
829763,Royal Challengers Bangalore,AB de Villiers,57,44,9,1
829763,Royal Challengers Bangalore,CH Gayle,10,4,1,1
829763,Royal Challengers Bangalore,D Wiese,11,8,2,0
829763,Royal Challengers Bangalore,HV Patel,6,2,0,1
829763,Royal Challengers Bangalore,KD Karthik,27,18,3,1
829763,Royal Challengers Bangalore,Mandeep Singh,27,20,4,0
829763,Royal Challengers Bangalore,SN Khan,45,20,6,1
829763,Royal Challengers Bangalore,V Kohli,1,4,0,0
829765,Chennai Super Kings,BB McCullum,19,14,3,1
829765,Chennai Super Kings,DJ Bravo,5,7,1,0
829765,Chennai Super Kings,DR Smith,25,19,3,1
829765,Chennai Super Kings,F du Plessis,29,29,1,0
829765,Chennai Super Kings,MS Dhoni,3,6,0,0
829765,Chennai Super Kings,R Ashwin,9,4,2,0
829765,Chennai Super Kings,RA Jadeja,15,20,0,0
829765,Chennai Super Kings,SK Raina,17,21,2,1
829765,Kolkata Knight Riders,AD Russell,4,4,0,0
829765,Kolkata Knight Riders,G Gambhir,0,1,0,0
829765,Kolkata Knight Riders,GB Hogg,2,1,0,0
829765,Kolkata Knight Riders,MK Pandey,15,20,2,0
829765,Kolkata Knight Riders,PJ Cummins,0,2,0,0
829765,Kolkata Knight Riders,PP Chawla,0,2,0,0
829765,Kolkata Knight Riders,RN ten Doeschate,38,28,3,2
829765,Kolkata Knight Riders,RV Uthappa,39,17,6,1
829765,Kolkata Knight Riders,SA Yadav,16,26,1,0
829765,Kolkata Knight Riders,UT Yadav,0,1,0,0
829765,Kolkata Knight Riders,YK Pathan,13,18,0,0
829767,Delhi Daredevils,MA Agarwal,52,39,6,1
829767,Delhi Daredevils,SS Iyer,54,40,4,3
829767,Delhi Daredevils,SS Tiwary,5,4,1,0
829767,Kings XI Punjab,AR Patel,22,26,0,1
829767,Kings XI Punjab,Anureet Singh,8,3,0,1
829767,Kings XI Punjab,DA Miller,42,41,4,1
829767,Kings XI Punjab,GJ Bailey,18,16,3,0
829767,Kings XI Punjab,M Vohra,1,7,0,0
829767,Kings XI Punjab,NLTC Perera,3,7,0,0
829767,Kings XI Punjab,SE Marsh,5,4,1,0
829767,Kings XI Punjab,SN Thakur,7,6,1,0
829767,Kings XI Punjab,V Sehwag,1,2,0,0
829767,Kings XI Punjab,WP Saha,3,8,0,0
829769,Mumbai Indians,AT Rayudu,53,27,4,3
829769,Mumbai Indians,KA Pollard,24,13,2,1
829769,Mumbai Indians,LMP Simmons,38,31,4,1
829769,Mumbai Indians,PA Patel,23,14,5,0
829769,Mumbai Indians,RG Sharma,27,21,2,1
829769,Mumbai Indians,UBT Chand,13,14,1,0
829769,Rajasthan Royals,AM Rahane,16,12,2,0
829769,Rajasthan Royals,DJ Hooda,1,2,0,0
829769,Rajasthan Royals,J Theron,1,1,0,0
829769,Rajasthan Royals,KK Nair,7,6,1,0
829769,Rajasthan Royals,SPD Smith,23,20,2,0
829769,Rajasthan Royals,SR Watson,28,23,2,2
829769,Rajasthan Royals,STR Binny,9,5,1,0
829769,Rajasthan Royals,SV Samson,76,46,7,3
829769,Rajasthan Royals,TG Southee,6,5,0,0
829771,Kolkata Knight Riders,AD Russell,45,17,5,3
829771,Kolkata Knight Riders,G Gambhir,12,8,2,0
829771,Kolkata Knight Riders,RN ten Doeschate,12,7,1,1
829771,Kolkata Knight Riders,RV Uthappa,23,21,3,0
829771,Kolkata Knight Riders,SA Yadav,0,2,0,0
829771,Kolkata Knight Riders,YK Pathan,11,5,0,1
829771,Royal Challengers Bangalore,AB de Villiers,2,4,0,0
829771,Royal Challengers Bangalore,CH Gayle,21,9,0,3
829771,Royal Challengers Bangalore,D Wiese,9,7,0,0
829771,Royal Challengers Bangalore,Mandeep Singh,45,18,4,3
829771,Royal Challengers Bangalore,V Kohli,34,20,2,3
829773,Chennai Super Kings,BB McCullum,12,5,3,0
829773,Chennai Super Kings,DJ Bravo,25,20,3,0
829773,Chennai Super Kings,DR Smith,21,19,3,1
829773,Chennai Super Kings,F du Plessis,33,22,4,0
829773,Chennai Super Kings,MS Dhoni,20,16,2,0
829773,Chennai Super Kings,P Negi,15,11,1,1
829773,Chennai Super Kings,RA Jadeja,14,12,0,0
829773,Chennai Super Kings,SK Raina,23,15,0,3
829773,Sunrisers Hyderabad,A Ashish Reddy,6,6,1,0
829773,Sunrisers Hyderabad,DA Warner,61,27,11,1
829773,Sunrisers Hyderabad,EJG Morgan,32,27,1,2
829773,Sunrisers Hyderabad,GH Vihari,8,5,1,0
829773,Sunrisers Hyderabad,KV Sharma,4,2,1,0
829773,Sunrisers Hyderabad,MC Henriques,19,9,1,2
829773,Sunrisers Hyderabad,NV Ojha,20,12,3,1
829773,Sunrisers Hyderabad,S Dhawan,37,32,4,0
829775,Kings XI Punjab,AR Patel,0,1,0,0
829775,Kings XI Punjab,DA Miller,43,37,3,1
829775,Kings XI Punjab,GJ Bailey,21,18,1,0
829775,Kings XI Punjab,GJ Maxwell,12,9,2,0
829775,Kings XI Punjab,M Vijay,39,34,3,1
829775,Kings XI Punjab,MG Johnson,8,4,0,1
829775,Kings XI Punjab,V Sehwag,2,5,0,0
829775,Kings XI Punjab,WP Saha,12,12,1,0
829775,Mumbai Indians,AT Rayudu,4,1,1,0
829775,Mumbai Indians,KA Pollard,7,7,0,0
829775,Mumbai Indians,LMP Simmons,71,56,9,1
829775,Mumbai Indians,PA Patel,59,36,5,3
829775,Mumbai Indians,RG Sharma,26,20,2,0
829777,Delhi Daredevils,A Mishra,1,3,0,0
829777,Delhi Daredevils,AD Mathews,16,17,2,0
829777,Delhi Daredevils,JP Duminy,56,39,3,3
829777,Delhi Daredevils,KM Jadhav,11,7,0,1
829777,Delhi Daredevils,MA Agarwal,11,8,1,1
829777,Delhi Daredevils,NM Coulter-Nile,6,2,0,1
829777,Delhi Daredevils,SS Iyer,9,12,2,0
829777,Delhi Daredevils,SS Tiwary,28,14,1,2
829777,Delhi Daredevils,Yuvraj Singh,22,18,4,0
829777,Rajasthan Royals,AM Rahane,91,54,9,3
829777,Rajasthan Royals,JP Faulkner,8,4,1,0
829777,Rajasthan Royals,KK Nair,61,38,6,2
829777,Rajasthan Royals,SR Watson,21,24,4,0
829779,Chennai Super Kings,A Nehra,0,1,0,0
829779,Chennai Super Kings,BB McCullum,20,15,4,0
829779,Chennai Super Kings,DJ Bravo,2,3,0,0
829779,Chennai Super Kings,DR Smith,0,6,0,0
829779,Chennai Super Kings,F du Plessis,24,20,0,1
829779,Chennai Super Kings,MS Dhoni,29,18,2,2
829779,Chennai Super Kings,P Negi,13,7,1,1
829779,Chennai Super Kings,RA Jadeja,3,4,0,0
829779,Chennai Super Kings,SK Raina,52,46,5,1
829779,Royal Challengers Bangalore,AB de Villiers,21,14,5,0
829779,Royal Challengers Bangalore,D Wiese,17,14,2,0
829779,Royal Challengers Bangalore,HV Patel,0,1,0,0
829779,Royal Challengers Bangalore,Iqbal Abdulla,0,3,0,0
829779,Royal Challengers Bangalore,KD Karthik,23,20,4,0
829779,Royal Challengers Bangalore,MA Starc,1,7,0,0
829779,Royal Challengers Bangalore,NJ Maddinson,4,7,1,0
829779,Royal Challengers Bangalore,SN Khan,8,8,1,0
829779,Royal Challengers Bangalore,V Kohli,48,44,2,1
829781,Kolkata Knight Riders,AD Russell,1,3,0,0
829781,Kolkata Knight Riders,G Gambhir,31,23,5,0
829781,Kolkata Knight Riders,J Botha,12,6,1,1
829781,Kolkata Knight Riders,MK Pandey,33,26,1,2
829781,Kolkata Knight Riders,PP Chawla,9,6,1,0
829781,Kolkata Knight Riders,RN ten Doeschate,8,7,0,0
829781,Kolkata Knight Riders,RV Uthappa,30,27,3,0
829781,Kolkata Knight Riders,SA Yadav,6,3,1,0
829781,Kolkata Knight Riders,YK Pathan,30,19,4,0
829781,Sunrisers Hyderabad,B Kumar,11,4,1,1
829781,Sunrisers Hyderabad,Bipul Sharma,1,2,0,0
829781,Sunrisers Hyderabad,DA Warner,4,3,1,0
829781,Sunrisers Hyderabad,DW Steyn,1,1,0,0
829781,Sunrisers Hyderabad,EJG Morgan,5,11,0,0
829781,Sunrisers Hyderabad,GH Vihari,6,12,0,0
829781,Sunrisers Hyderabad,KV Sharma,32,20,0,3
829781,Sunrisers Hyderabad,MC Henriques,41,33,2,2
829781,Sunrisers Hyderabad,NV Ojha,0,3,0,0
829781,Sunrisers Hyderabad,P Kumar,12,16,1,0
829781,Sunrisers Hyderabad,S Dhawan,15,15,3,0
829783,Delhi Daredevils,AD Mathews,12,10,0,1
829783,Delhi Daredevils,JP Duminy,28,19,3,2
829783,Delhi Daredevils,KM Jadhav,16,15,0,1
829783,Delhi Daredevils,MA Agarwal,0,1,0,0
829783,Delhi Daredevils,NM Coulter-Nile,3,2,0,0
829783,Delhi Daredevils,SS Iyer,19,18,3,0
829783,Delhi Daredevils,SS Tiwary,13,11,2,0
829783,Delhi Daredevils,Yuvraj Singh,57,44,7,2
829783,Mumbai Indians,AT Rayudu,49,40,4,1
829783,Mumbai Indians,HH Pandya,5,8,1,0
829783,Mumbai Indians,Harbhajan Singh,5,4,1,0
829783,Mumbai Indians,KA Pollard,26,14,0,3
829783,Mumbai Indians,LMP Simmons,0,1,0,0
829783,Mumbai Indians,PA Patel,13,13,1,0
829783,Mumbai Indians,RG Sharma,46,37,2,3
829785,Kings XI Punjab,AR Patel,40,21,5,2
829785,Kings XI Punjab,Anureet Singh,0,2,0,0
829785,Kings XI Punjab,DA Miller,7,10,1,0
829785,Kings XI Punjab,GJ Bailey,2,4,0,0
829785,Kings XI Punjab,GJ Maxwell,1,5,0,0
829785,Kings XI Punjab,Karanveer Singh,4,7,0,0
829785,Kings XI Punjab,M Vijay,2,6,0,0
829785,Kings XI Punjab,M Vohra,2,3,0,0
829785,Kings XI Punjab,MG Johnson,1,4,0,0
829785,Kings XI Punjab,Sandeep Sharma,7,9,1,0
829785,Kings XI Punjab,WP Saha,13,11,1,1
829785,Royal Challengers Bangalore,AB de Villiers,47,24,3,4
829785,Royal Challengers Bangalore,CH Gayle,117,56,7,12
829785,Royal Challengers Bangalore,KD Karthik,8,3,0,1
829785,Royal Challengers Bangalore,SN Khan,11,7,1,0
829785,Royal Challengers Bangalore,V Kohli,32,30,3,1
829787,Rajasthan Royals,AM Rahane,8,6,2,0
829787,Rajasthan Royals,CH Morris,34,11,2,3
829787,Rajasthan Royals,DJ Hooda,7,9,0,0
829787,Rajasthan Royals,JP Faulkner,30,19,2,2
829787,Rajasthan Royals,KK Nair,4,10,0,0
829787,Rajasthan Royals,SPD Smith,68,40,9,2
829787,Rajasthan Royals,SR Watson,12,12,3,0
829787,Rajasthan Royals,STR Binny,3,3,0,0
829787,Rajasthan Royals,SV Samson,21,10,0,3
829787,Sunrisers Hyderabad,DA Warner,24,18,5,0
829787,Sunrisers Hyderabad,EJG Morgan,63,28,4,5
829787,Sunrisers Hyderabad,MC Henriques,20,21,3,0
829787,Sunrisers Hyderabad,NV Ojha,8,6,1,0
829787,Sunrisers Hyderabad,RS Bopara,17,12,2,0
829787,Sunrisers Hyderabad,S Dhawan,54,35,6,2
829789,Chennai Super Kings,BB McCullum,23,11,3,1
829789,Chennai Super Kings,DR Smith,27,34,4,0
829789,Chennai Super Kings,F du Plessis,17,16,0,1
829789,Chennai Super Kings,MS Dhoni,39,32,2,2
829789,Chennai Super Kings,P Negi,36,17,4,1
829789,Chennai Super Kings,SK Raina,10,10,1,0
829789,Mumbai Indians,AT Rayudu,34,19,1,3
829789,Mumbai Indians,HH Pandya,21,8,0,3
829789,Mumbai Indians,KA Pollard,1,4,0,0
829789,Mumbai Indians,LMP Simmons,38,31,3,2
829789,Mumbai Indians,PA Patel,45,32,6,0
829789,Mumbai Indians,RG Sharma,18,22,0,0
829791,Kings XI Punjab,DA Miller,27,11,2,2
829791,Kings XI Punjab,GJ Maxwell,43,22,4,3
829791,Kings XI Punjab,Gurkeerat Singh,4,7,0,0
829791,Kings XI Punjab,M Vijay,28,21,4,1
829791,Kings XI Punjab,M Vohra,39,34,1,3
829791,Kings XI Punjab,WP Saha,33,25,0,2
829791,Kolkata Knight Riders,AD Russell,51,21,5,4
829791,Kolkata Knight Riders,G Gambhir,24,23,4,0
829791,Kolkata Knight Riders,GB Hogg,5,5,0,0
829791,Kolkata Knight Riders,J Botha,2,4,0,0
829791,Kolkata Knight Riders,MK Pandey,22,15,4,0
829791,Kolkata Knight Riders,PP Chawla,18,11,2,1
829791,Kolkata Knight Riders,RV Uthappa,17,11,3,0
829791,Kolkata Knight Riders,SA Yadav,9,9,1,0
829791,Kolkata Knight Riders,SP Narine,0,1,0,0
829791,Kolkata Knight Riders,YK Pathan,29,19,1,3
829793,Delhi Daredevils,JP Duminy,12,16,0,0
829793,Delhi Daredevils,KM Jadhav,63,34,8,2
829793,Delhi Daredevils,Q de Kock,50,31,9,1
829793,Delhi Daredevils,SS Iyer,0,7,0,0
829793,Delhi Daredevils,SS Tiwary,26,25,2,1
829793,Delhi Daredevils,Yuvraj Singh,2,7,0,0
829793,Sunrisers Hyderabad,DA Warner,17,15,1,1
829793,Sunrisers Hyderabad,EJG Morgan,22,25,2,0
829793,Sunrisers Hyderabad,KV Sharma,16,13,2,0
829793,Sunrisers Hyderabad,MC Henriques,74,46,1,5
829793,Sunrisers Hyderabad,RS Bopara,17,11,1,0
829793,Sunrisers Hyderabad,S Dhawan,13,10,2,0
829795,Mumbai Indians,AT Rayudu,14,4,0,2
829795,Mumbai Indians,HH Pandya,8,4,0,1
829795,Mumbai Indians,Harbhajan Singh,3,3,0,0
829795,Mumbai Indians,J Suchith,4,4,0,0
829795,Mumbai Indians,KA Pollard,49,24,6,2
829795,Mumbai Indians,LMP Simmons,68,53,5,3
829795,Mumbai Indians,MJ McClenaghan,12,4,0,2
829795,Mumbai Indians,PA Patel,19,11,3,0
829795,Mumbai Indians,RG Sharma,15,13,1,1
829795,Royal Challengers Bangalore,AB de Villiers,133,58,19,4
829795,Royal Challengers Bangalore,CH Gayle,13,12,1,1
829795,Royal Challengers Bangalore,V Kohli,82,50,6,4
829797,Chennai Super Kings,BB McCullum,81,61,7,4
829797,Chennai Super Kings,DJ Bravo,15,8,2,0
829797,Chennai Super Kings,DR Smith,6,10,1,0
829797,Chennai Super Kings,F du Plessis,29,25,3,0
829797,Chennai Super Kings,MS Dhoni,13,7,1,1
829797,Chennai Super Kings,P Negi,2,3,0,0
829797,Chennai Super Kings,SK Raina,3,6,0,0
829797,Rajasthan Royals,AM Rahane,23,17,4,0
829797,Rajasthan Royals,Ankit Sharma,0,1,0,0
829797,Rajasthan Royals,CH Morris,16,9,0,1
829797,Rajasthan Royals,DJ Hooda,15,14,1,0
829797,Rajasthan Royals,JP Faulkner,16,12,2,0
829797,Rajasthan Royals,KK Nair,10,12,1,0
829797,Rajasthan Royals,PV Tambe,1,1,0,0
829797,Rajasthan Royals,R Bhatia,0,1,0,0
829797,Rajasthan Royals,SPD Smith,4,6,0,0
829797,Rajasthan Royals,SR Watson,28,30,2,0
829797,Rajasthan Royals,SV Samson,26,17,1,2
829799,Kings XI Punjab,AR Patel,15,11,2,0
829799,Kings XI Punjab,DA Miller,89,44,2,9
829799,Kings XI Punjab,GJ Bailey,6,11,0,0
829799,Kings XI Punjab,GJ Maxwell,11,6,1,1
829799,Kings XI Punjab,Gurkeerat Singh,3,5,0,0
829799,Kings XI Punjab,M Vijay,24,18,4,1
829799,Kings XI Punjab,M Vohra,20,15,2,1
829799,Kings XI Punjab,WP Saha,5,10,0,0
829799,Sunrisers Hyderabad,DA Warner,81,51,6,5
829799,Sunrisers Hyderabad,EJG Morgan,17,7,1,2
829799,Sunrisers Hyderabad,KL Rahul,17,10,1,1
829799,Sunrisers Hyderabad,KV Sharma,11,7,0,1
829799,Sunrisers Hyderabad,MC Henriques,28,24,4,0
829799,Sunrisers Hyderabad,NV Ojha,2,3,0,0
829799,Sunrisers Hyderabad,S Dhawan,24,18,4,0
829801,Chennai Super Kings,BB McCullum,11,21,1,0
829801,Chennai Super Kings,DJ Bravo,8,8,0,1
829801,Chennai Super Kings,DR Smith,18,24,2,1
829801,Chennai Super Kings,F du Plessis,29,23,3,0
829801,Chennai Super Kings,MS Dhoni,27,24,3,1
829801,Chennai Super Kings,P Negi,5,8,0,0
829801,Chennai Super Kings,RA Jadeja,3,4,0,0
829801,Chennai Super Kings,SK Raina,11,8,1,0
829801,Delhi Daredevils,JA Morkel,8,8,0,1
829801,Delhi Daredevils,JP Duminy,6,7,1,0
829801,Delhi Daredevils,KM Jadhav,1,1,0,0
829801,Delhi Daredevils,Q de Kock,3,7,0,0
829801,Delhi Daredevils,SS Iyer,70,49,10,1
829801,Delhi Daredevils,Yuvraj Singh,32,28,4,1
829803,Kings XI Punjab,AR Patel,20,15,1,1
829803,Kings XI Punjab,DA Miller,14,4,0,2
829803,Kings XI Punjab,GJ Bailey,13,9,1,0
829803,Kings XI Punjab,GJ Maxwell,10,10,1,0
829803,Kings XI Punjab,Gurkeerat Singh,2,3,0,0
829803,Kings XI Punjab,M Vohra,11,6,0,1
829803,Kings XI Punjab,R Dhawan,1,1,0,0
829803,Kings XI Punjab,WP Saha,31,12,5,1
829803,Royal Challengers Bangalore,AB de Villiers,10,9,1,0
829803,Royal Challengers Bangalore,CH Gayle,17,14,1,1
829803,Royal Challengers Bangalore,D Wiese,4,4,0,0
829803,Royal Challengers Bangalore,KD Karthik,2,4,0,0
829803,Royal Challengers Bangalore,Mandeep Singh,20,14,2,0
829803,Royal Challengers Bangalore,SN Khan,4,6,0,0
829803,Royal Challengers Bangalore,V Kohli,19,9,2,1
829805,Kolkata Knight Riders,AD Russell,2,4,0,0
829805,Kolkata Knight Riders,G Gambhir,38,29,5,0
829805,Kolkata Knight Riders,MK Pandey,1,1,0,0
829805,Kolkata Knight Riders,PP Chawla,1,7,0,0
829805,Kolkata Knight Riders,RV Uthappa,25,20,3,1
829805,Kolkata Knight Riders,SA Yadav,11,5,2,0
829805,Kolkata Knight Riders,Shakib Al Hasan,23,15,3,0
829805,Kolkata Knight Riders,UT Yadav,5,2,1,0
829805,Kolkata Knight Riders,YK Pathan,52,37,5,2
829805,Mumbai Indians,AT Rayudu,2,3,0,0
829805,Mumbai Indians,HH Pandya,61,29,8,2
829805,Mumbai Indians,KA Pollard,33,38,1,1
829805,Mumbai Indians,LMP Simmons,14,15,1,1
829805,Mumbai Indians,PA Patel,21,14,3,0
829805,Mumbai Indians,RG Sharma,30,21,5,0
829807,Royal Challengers Bangalore,AB de Villiers,0,1,0,0
829807,Royal Challengers Bangalore,CH Gayle,35,10,4,3
829807,Royal Challengers Bangalore,KD Karthik,2,2,0,0
829807,Royal Challengers Bangalore,Mandeep Singh,1,3,0,0
829807,Royal Challengers Bangalore,V Kohli,44,19,3,3
829807,Sunrisers Hyderabad,DA Warner,52,31,5,1
829807,Sunrisers Hyderabad,EJG Morgan,11,7,0,1
829807,Sunrisers Hyderabad,MC Henriques,57,21,5,4
829807,Sunrisers Hyderabad,S Dhawan,8,7,1,0
829809,Chennai Super Kings,BB McCullum,6,6,1,0
829809,Chennai Super Kings,F du Plessis,55,41,5,1
829809,Chennai Super Kings,MEK Hussey,1,4,0,0
829809,Chennai Super Kings,MS Dhoni,25,16,2,2
829809,Chennai Super Kings,SK Raina,41,34,4,0
829809,Kings XI Punjab,AR Patel,32,29,2,1
829809,Kings XI Punjab,BE Hendricks,1,2,0,0
829809,Kings XI Punjab,DA Miller,11,15,1,0
829809,Kings XI Punjab,GJ Bailey,12,7,2,0
829809,Kings XI Punjab,GJ Maxwell,6,14,1,0
829809,Kings XI Punjab,Gurkeerat Singh,15,14,3,0
829809,Kings XI Punjab,M Vohra,4,7,0,0
829809,Kings XI Punjab,R Dhawan,25,20,1,2
829809,Kings XI Punjab,WP Saha,15,12,1,1
829811,Kolkata Knight Riders,AD Russell,37,20,4,2
829811,Kolkata Knight Riders,Azhar Mahmood,6,7,1,0
829811,Kolkata Knight Riders,G Gambhir,1,3,0,0
829811,Kolkata Knight Riders,M Morkel,4,3,0,0
829811,Kolkata Knight Riders,MK Pandey,21,21,3,0
829811,Kolkata Knight Riders,PP Chawla,0,1,0,0
829811,Kolkata Knight Riders,RV Uthappa,14,8,3,0
829811,Kolkata Knight Riders,SA Yadav,0,1,0,0
829811,Kolkata Knight Riders,Shakib Al Hasan,13,11,2,0
829811,Kolkata Knight Riders,UT Yadav,24,11,4,1
829811,Kolkata Knight Riders,YK Pathan,44,34,5,1
829811,Rajasthan Royals,AM Rahane,37,21,3,2
829811,Rajasthan Royals,CH Morris,4,5,0,0
829811,Rajasthan Royals,JP Faulkner,6,6,1,0
829811,Rajasthan Royals,KK Nair,16,10,3,0
829811,Rajasthan Royals,SPD Smith,14,11,2,0
829811,Rajasthan Royals,SR Watson,104,58,9,5
829811,Rajasthan Royals,SV Samson,8,9,1,0
829813,Delhi Daredevils,AD Mathews,1,3,0,0
829813,Delhi Daredevils,JP Duminy,67,43,4,3
829813,Delhi Daredevils,KM Jadhav,0,1,0,0
829813,Delhi Daredevils,Q de Kock,69,39,9,3
829813,Delhi Daredevils,SS Iyer,20,18,1,1
829813,Delhi Daredevils,SS Tiwary,13,9,0,1
829813,Delhi Daredevils,Yuvraj Singh,11,7,0,1
829813,Royal Challengers Bangalore,CH Gayle,1,5,0,0
829813,Royal Challengers Bangalore,V Kohli,1,2,0,0
829815,Mumbai Indians,LMP Simmons,48,44,4,2
829815,Mumbai Indians,PA Patel,51,37,9,0
829815,Mumbai Indians,RG Sharma,7,2,0,1
829815,Sunrisers Hyderabad,A Ashish Reddy,17,15,0,1
829815,Sunrisers Hyderabad,B Kumar,0,2,0,0
829815,Sunrisers Hyderabad,DA Warner,6,5,1,0
829815,Sunrisers Hyderabad,DW Steyn,19,11,3,0
829815,Sunrisers Hyderabad,EJG Morgan,9,14,1,0
829815,Sunrisers Hyderabad,KL Rahul,25,24,2,0
829815,Sunrisers Hyderabad,KV Sharma,15,21,0,0
829815,Sunrisers Hyderabad,MC Henriques,11,19,1,0
829815,Sunrisers Hyderabad,NV Ojha,0,1,0,0
829815,Sunrisers Hyderabad,P Kumar,4,6,0,0
829815,Sunrisers Hyderabad,S Dhawan,1,2,0,0
829817,Chennai Super Kings,A Nehra,0,1,0,0
829817,Chennai Super Kings,DJ Bravo,20,15,2,1
829817,Chennai Super Kings,DR Smith,0,4,0,0
829817,Chennai Super Kings,F du Plessis,45,34,5,1
829817,Chennai Super Kings,MEK Hussey,16,11,1,1
829817,Chennai Super Kings,MM Sharma,3,3,0,0
829817,Chennai Super Kings,MS Dhoni,0,1,0,0
829817,Chennai Super Kings,P Negi,3,3,0,0
829817,Chennai Super Kings,R Ashwin,23,12,2,1
829817,Chennai Super Kings,RA Jadeja,19,10,1,1
829817,Chennai Super Kings,SK Raina,25,20,0,2
829817,Mumbai Indians,AT Rayudu,10,8,1,0
829817,Mumbai Indians,HH Pandya,1,2,0,0
829817,Mumbai Indians,Harbhajan Singh,6,3,1,0
829817,Mumbai Indians,J Suchith,1,1,0,0
829817,Mumbai Indians,KA Pollard,41,17,1,5
829817,Mumbai Indians,LMP Simmons,65,50,3,5
829817,Mumbai Indians,PA Patel,35,25,4,1
829817,Mumbai Indians,RG Sharma,19,14,1,1
829819,Rajasthan Royals,AM Rahane,42,39,4,0
829819,Rajasthan Royals,Ankit Sharma,7,5,1,0
829819,Rajasthan Royals,CH Morris,0,3,0,0
829819,Rajasthan Royals,DJ Hooda,11,14,0,0
829819,Rajasthan Royals,DS Kulkarni,3,9,0,0
829819,Rajasthan Royals,JP Faulkner,4,4,1,0
829819,Rajasthan Royals,KK Nair,12,13,2,0
829819,Rajasthan Royals,SPD Smith,12,13,1,0
829819,Rajasthan Royals,SR Watson,10,5,2,0
829819,Rajasthan Royals,STR Binny,0,1,0,0
829819,Rajasthan Royals,SV Samson,5,8,0,0
829819,Royal Challengers Bangalore,AB de Villiers,66,38,4,4
829819,Royal Challengers Bangalore,CH Gayle,27,26,4,1
829819,Royal Challengers Bangalore,KD Karthik,8,3,0,1
829819,Royal Challengers Bangalore,Mandeep Singh,54,34,7,2
829819,Royal Challengers Bangalore,SN Khan,1,1,0,0
829819,Royal Challengers Bangalore,V Kohli,12,18,0,0
829821,Chennai Super Kings,DJ Bravo,0,1,0,0
829821,Chennai Super Kings,DR Smith,17,12,3,0
829821,Chennai Super Kings,F du Plessis,21,22,2,0
829821,Chennai Super Kings,MEK Hussey,56,46,3,2
829821,Chennai Super Kings,MS Dhoni,26,29,1,0
829821,Chennai Super Kings,P Negi,12,6,0,1
829821,Chennai Super Kings,R Ashwin,1,1,0,0
829821,Chennai Super Kings,SK Raina,0,2,0,0
829821,Royal Challengers Bangalore,AB de Villiers,1,3,0,0
829821,Royal Challengers Bangalore,CH Gayle,41,43,2,3
829821,Royal Challengers Bangalore,D Wiese,12,7,0,1
829821,Royal Challengers Bangalore,HV Patel,2,2,0,0
829821,Royal Challengers Bangalore,KD Karthik,28,26,4,0
829821,Royal Challengers Bangalore,MA Starc,1,1,0,0
829821,Royal Challengers Bangalore,Mandeep Singh,4,7,0,0
829821,Royal Challengers Bangalore,S Aravind,0,1,0,0
829821,Royal Challengers Bangalore,SN Khan,31,21,4,0
829821,Royal Challengers Bangalore,V Kohli,12,9,1,1
829823,Chennai Super Kings,DJ Bravo,9,6,0,1
829823,Chennai Super Kings,DR Smith,57,47,9,1
829823,Chennai Super Kings,F du Plessis,1,3,0,0
829823,Chennai Super Kings,MEK Hussey,4,9,1,0
829823,Chennai Super Kings,MM Sharma,21,7,1,2
829823,Chennai Super Kings,MS Dhoni,18,13,1,1
829823,Chennai Super Kings,P Negi,3,4,0,0
829823,Chennai Super Kings,R Ashwin,2,4,0,0
829823,Chennai Super Kings,RA Jadeja,11,8,1,0
829823,Chennai Super Kings,SK Raina,28,19,3,1
829823,Mumbai Indians,AT Rayudu,36,24,0,3
829823,Mumbai Indians,HH Pandya,0,2,0,0
829823,Mumbai Indians,Harbhajan Singh,6,3,0,1
829823,Mumbai Indians,KA Pollard,36,18,2,3
829823,Mumbai Indians,LMP Simmons,68,44,8,3
829823,Mumbai Indians,PA Patel,0,3,0,0
829823,Mumbai Indians,RG Sharma,50,26,6,2
980901,Mumbai Indians,AT Rayudu,22,27,2,0
980901,Mumbai Indians,HH Pandya,9,11,2,0
980901,Mumbai Indians,Harbhajan Singh,45,30,7,1
980901,Mumbai Indians,JC Buttler,0,2,0,0
980901,Mumbai Indians,KA Pollard,1,8,0,0
980901,Mumbai Indians,LMP Simmons,8,8,0,1
980901,Mumbai Indians,MJ McClenaghan,2,2,0,0
980901,Mumbai Indians,R Vinay Kumar,12,11,0,1
980901,Mumbai Indians,RG Sharma,7,5,1,0
980901,Mumbai Indians,S Gopal,2,16,0,0
980901,Rising Pune Supergiants,AM Rahane,66,41,7,3
980901,Rising Pune Supergiants,F du Plessis,34,33,1,3
980901,Rising Pune Supergiants,KP Pietersen,21,14,0,2
980903,Delhi Daredevils,A Mishra,3,9,0,0
980903,Delhi Daredevils,CH Morris,11,9,2,0
980903,Delhi Daredevils,CR Brathwaite,6,4,0,1
980903,Delhi Daredevils,KK Nair,3,8,0,0
980903,Delhi Daredevils,MA Agarwal,9,11,1,0
980903,Delhi Daredevils,NM Coulter-Nile,7,11,1,0
980903,Delhi Daredevils,P Negi,11,19,0,1
980903,Delhi Daredevils,Q de Kock,17,10,1,1
980903,Delhi Daredevils,SS Iyer,0,3,0,0
980903,Delhi Daredevils,SV Samson,15,13,2,0
980903,Delhi Daredevils,Z Khan,4,9,1,0
980903,Kolkata Knight Riders,G Gambhir,38,41,5,0
980903,Kolkata Knight Riders,MK Pandey,15,12,3,0
980903,Kolkata Knight Riders,RV Uthappa,35,32,7,0
980905,Gujarat Lions,AJ Finch,74,47,12,0
980905,Gujarat Lions,BB McCullum,0,2,0,0
980905,Gujarat Lions,DJ Bravo,2,2,0,0
980905,Gujarat Lions,Ishan Kishan,11,8,2,0
980905,Gujarat Lions,KD Karthik,41,26,7,0
980905,Gujarat Lions,RA Jadeja,8,12,0,0
980905,Gujarat Lions,SK Raina,20,9,1,2
980905,Kings XI Punjab,AR Patel,4,2,0,0
980905,Kings XI Punjab,DA Miller,15,10,1,1
980905,Kings XI Punjab,GJ Maxwell,2,4,0,0
980905,Kings XI Punjab,M Vijay,42,34,5,1
980905,Kings XI Punjab,M Vohra,38,23,4,2
980905,Kings XI Punjab,MP Stoinis,33,22,4,0
980905,Kings XI Punjab,WP Saha,20,25,0,0
980907,Royal Challengers Bangalore,AB de Villiers,82,42,7,6
980907,Royal Challengers Bangalore,CH Gayle,1,4,0,0
980907,Royal Challengers Bangalore,KM Jadhav,8,5,1,0
980907,Royal Challengers Bangalore,SN Khan,35,10,5,2
980907,Royal Challengers Bangalore,SR Watson,19,8,0,3
980907,Royal Challengers Bangalore,V Kohli,75,51,7,3
980907,Sunrisers Hyderabad,A Ashish Reddy,32,18,2,3
980907,Sunrisers Hyderabad,DA Warner,58,25,4,5
980907,Sunrisers Hyderabad,DJ Hooda,6,6,1,0
980907,Sunrisers Hyderabad,EJG Morgan,22,18,2,0
980907,Sunrisers Hyderabad,KV Sharma,26,17,3,1
980907,Sunrisers Hyderabad,MC Henriques,19,23,2,0
980907,Sunrisers Hyderabad,NV Ojha,0,4,0,0
980907,Sunrisers Hyderabad,S Dhawan,8,9,1,0
980909,Kolkata Knight Riders,AD Russell,36,17,1,4
980909,Kolkata Knight Riders,C Munro,4,5,0,0
980909,Kolkata Knight Riders,G Gambhir,64,52,4,1
980909,Kolkata Knight Riders,MK Pandey,52,29,3,3
980909,Kolkata Knight Riders,RV Uthappa,8,10,1,0
980909,Kolkata Knight Riders,SA Yadav,4,1,1,0
980909,Kolkata Knight Riders,YK Pathan,9,6,1,0
980909,Mumbai Indians,HH Pandya,9,10,0,0
980909,Mumbai Indians,JC Buttler,41,22,3,3
980909,Mumbai Indians,KA Pollard,1,1,0,0
980909,Mumbai Indians,MJ McClenaghan,20,8,0,3
980909,Mumbai Indians,PA Patel,23,20,4,0
980909,Mumbai Indians,RG Sharma,84,54,10,3
980911,Gujarat Lions,AJ Finch,50,36,7,2
980911,Gujarat Lions,BB McCullum,49,31,3,3
980911,Gujarat Lions,DJ Bravo,22,10,3,1
980911,Gujarat Lions,RA Jadeja,4,7,0,0
980911,Gujarat Lions,SK Raina,24,24,1,0
980911,Rising Pune Supergiants,AM Rahane,21,17,4,0
980911,Rising Pune Supergiants,F du Plessis,69,43,5,4
980911,Rising Pune Supergiants,KP Pietersen,37,31,2,1
980911,Rising Pune Supergiants,MR Marsh,7,11,0,0
980911,Rising Pune Supergiants,MS Dhoni,22,10,2,1
980911,Rising Pune Supergiants,R Bhatia,0,2,0,0
980911,Rising Pune Supergiants,SPD Smith,5,6,0,0
980913,Delhi Daredevils,P Negi,8,2,0,1
980913,Delhi Daredevils,Q de Kock,59,42,9,1
980913,Delhi Daredevils,SS Iyer,3,5,0,0
980913,Delhi Daredevils,SV Samson,33,32,3,1
980913,Kings XI Punjab,AR Patel,11,22,1,0
980913,Kings XI Punjab,DA Miller,9,9,1,0
980913,Kings XI Punjab,GJ Maxwell,0,3,0,0
980913,Kings XI Punjab,M Vijay,1,5,0,0
980913,Kings XI Punjab,M Vohra,32,24,5,0
980913,Kings XI Punjab,MG Johnson,4,12,0,0
980913,Kings XI Punjab,MM Sharma,15,8,1,1
980913,Kings XI Punjab,P Sahu,18,12,1,1
980913,Kings XI Punjab,SE Marsh,13,16,2,0
980913,Kings XI Punjab,Sandeep Sharma,1,2,0,0
980913,Kings XI Punjab,WP Saha,3,7,0,0
980915,Kolkata Knight Riders,AD Russell,2,5,0,0
980915,Kolkata Knight Riders,G Gambhir,90,60,13,1
980915,Kolkata Knight Riders,MK Pandey,11,11,0,0
980915,Kolkata Knight Riders,RV Uthappa,38,34,3,1
980915,Sunrisers Hyderabad,A Ashish Reddy,13,8,0,1
980915,Sunrisers Hyderabad,B Kumar,0,1,0,0
980915,Sunrisers Hyderabad,DA Warner,13,11,2,0
980915,Sunrisers Hyderabad,DJ Hooda,6,11,0,0
980915,Sunrisers Hyderabad,EJG Morgan,51,43,3,2
980915,Sunrisers Hyderabad,KV Sharma,2,2,0,0
980915,Sunrisers Hyderabad,MC Henriques,6,9,1,0
980915,Sunrisers Hyderabad,NV Ojha,37,28,2,2
980915,Sunrisers Hyderabad,S Dhawan,6,7,1,0
980917,Gujarat Lions,AD Nath,12,11,1,0
980917,Gujarat Lions,AJ Finch,67,54,7,1
980917,Gujarat Lions,BB McCullum,6,4,0,1
980917,Gujarat Lions,DJ Bravo,2,6,0,0
980917,Gujarat Lions,DS Kulkarni,6,3,1,0
980917,Gujarat Lions,JP Faulkner,7,7,1,0
980917,Gujarat Lions,KD Karthik,9,11,1,0
980917,Gujarat Lions,P Kumar,0,2,0,0
980917,Gujarat Lions,SK Raina,27,22,3,1
980917,Mumbai Indians,AT Rayudu,20,18,0,1
980917,Mumbai Indians,HH Pandya,2,6,0,0
980917,Mumbai Indians,Harbhajan Singh,8,13,1,0
980917,Mumbai Indians,JC Buttler,16,21,3,0
980917,Mumbai Indians,KA Pollard,1,3,0,0
980917,Mumbai Indians,KH Pandya,20,11,3,0
980917,Mumbai Indians,PA Patel,34,29,2,2
980917,Mumbai Indians,RG Sharma,7,9,1,0
980917,Mumbai Indians,TG Southee,25,10,1,2
980919,Kings XI Punjab,DA Miller,7,6,0,0
980919,Kings XI Punjab,GJ Maxwell,32,14,3,2
980919,Kings XI Punjab,M Vijay,53,49,5,2
980919,Kings XI Punjab,M Vohra,51,33,7,0
980919,Kings XI Punjab,SE Marsh,4,6,0,0
980919,Kings XI Punjab,WP Saha,4,4,0,0
980919,Rising Pune Supergiants,AM Rahane,9,11,2,0
980919,Rising Pune Supergiants,F du Plessis,67,53,8,0
980919,Rising Pune Supergiants,IK Pathan,2,2,0,0
980919,Rising Pune Supergiants,KP Pietersen,15,15,2,0
980919,Rising Pune Supergiants,MS Dhoni,1,2,0,0
980919,Rising Pune Supergiants,NLTC Perera,8,9,1,0
980919,Rising Pune Supergiants,R Ashwin,1,2,0,0
980919,Rising Pune Supergiants,SPD Smith,38,26,5,0
980921,Delhi Daredevils,JP Duminy,7,5,1,0
980921,Delhi Daredevils,KK Nair,54,41,6,1
980921,Delhi Daredevils,Q de Kock,108,51,15,3
980921,Delhi Daredevils,SS Iyer,0,4,0,0
980921,Delhi Daredevils,SV Samson,9,14,0,0
980921,Royal Challengers Bangalore,AB de Villiers,55,33,9,1
980921,Royal Challengers Bangalore,CH Gayle,0,3,0,0
980921,Royal Challengers Bangalore,D Wiese,5,4,0,0
980921,Royal Challengers Bangalore,KM Jadhav,9,11,1,0
980921,Royal Challengers Bangalore,SN Khan,1,2,0,0
980921,Royal Challengers Bangalore,SR Watson,33,19,2,3
980921,Royal Challengers Bangalore,V Kohli,79,48,7,3
980923,Mumbai Indians,AT Rayudu,54,49,3,2
980923,Mumbai Indians,HH Pandya,2,5,0,0
980923,Mumbai Indians,Harbhajan Singh,1,3,0,0
980923,Mumbai Indians,JC Buttler,11,11,1,0
980923,Mumbai Indians,KH Pandya,49,28,3,3
980923,Mumbai Indians,MJ Guptill,2,4,0,0
980923,Mumbai Indians,PA Patel,10,12,2,0
980923,Mumbai Indians,RG Sharma,5,8,0,0
980923,Sunrisers Hyderabad,DA Warner,90,59,7,4
980923,Sunrisers Hyderabad,DJ Hooda,17,9,2,0
980923,Sunrisers Hyderabad,EJG Morgan,11,12,1,0
980923,Sunrisers Hyderabad,MC Henriques,20,21,1,1
980923,Sunrisers Hyderabad,S Dhawan,2,4,0,0
980925,Kings XI Punjab,AR Patel,9,8,0,0
980925,Kings XI Punjab,DA Miller,6,6,1,0
980925,Kings XI Punjab,GJ Maxwell,4,7,0,0
980925,Kings XI Punjab,KJ Abbott,12,6,0,1
980925,Kings XI Punjab,M Vijay,26,22,4,0
980925,Kings XI Punjab,M Vohra,8,12,0,0
980925,Kings XI Punjab,MM Sharma,1,3,0,0
980925,Kings XI Punjab,P Sahu,1,1,0,0
980925,Kings XI Punjab,SE Marsh,56,41,5,1
980925,Kings XI Punjab,WP Saha,8,14,0,0
980925,Kolkata Knight Riders,G Gambhir,34,34,3,0
980925,Kolkata Knight Riders,MK Pandey,12,11,1,0
980925,Kolkata Knight Riders,RV Uthappa,53,28,9,0
980925,Kolkata Knight Riders,SA Yadav,11,9,2,0
980925,Kolkata Knight Riders,Shakib Al Hasan,11,15,1,0
980925,Kolkata Knight Riders,YK Pathan,12,6,2,0
980927,Mumbai Indians,AT Rayudu,31,23,5,0
980927,Mumbai Indians,HH Pandya,2,3,0,0
980927,Mumbai Indians,JC Buttler,28,14,2,2
980927,Mumbai Indians,KA Pollard,39,19,4,3
980927,Mumbai Indians,PA Patel,5,6,1,0
980927,Mumbai Indians,RG Sharma,62,43,4,3
980927,Royal Challengers Bangalore,AB de Villiers,29,21,3,1
980927,Royal Challengers Bangalore,KL Rahul,23,14,2,2
980927,Royal Challengers Bangalore,KW Richardson,1,1,0,0
980927,Royal Challengers Bangalore,SN Khan,28,18,2,2
980927,Royal Challengers Bangalore,SR Watson,5,10,0,0
980927,Royal Challengers Bangalore,STR Binny,1,2,0,0
980927,Royal Challengers Bangalore,TM Head,37,24,2,2
980927,Royal Challengers Bangalore,V Kohli,33,30,3,0
980929,Gujarat Lions,AD Nath,5,10,0,0
980929,Gujarat Lions,AJ Finch,0,4,0,0
980929,Gujarat Lions,BB McCullum,18,17,1,1
980929,Gujarat Lions,DJ Bravo,8,12,0,0
980929,Gujarat Lions,DW Steyn,1,2,0,0
980929,Gujarat Lions,KD Karthik,8,9,1,0
980929,Gujarat Lions,P Kumar,1,1,0,0
980929,Gujarat Lions,RA Jadeja,14,14,0,0
980929,Gujarat Lions,SK Raina,75,51,9,0
980929,Sunrisers Hyderabad,DA Warner,74,48,9,0
980929,Sunrisers Hyderabad,S Dhawan,53,41,5,0
980931,Rising Pune Supergiants,AM Rahane,60,46,8,0
980931,Rising Pune Supergiants,Ankit Sharma,3,3,0,0
980931,Rising Pune Supergiants,F du Plessis,2,3,0,0
980931,Rising Pune Supergiants,KP Pietersen,0,1,0,0
980931,Rising Pune Supergiants,M Ashwin,0,1,0,0
980931,Rising Pune Supergiants,MS Dhoni,41,38,3,0
980931,Rising Pune Supergiants,NLTC Perera,34,13,3,3
980931,Rising Pune Supergiants,R Ashwin,0,1,0,0
980931,Rising Pune Supergiants,R Bhatia,21,11,1,1
980931,Rising Pune Supergiants,SPD Smith,4,3,1,0
980931,Royal Challengers Bangalore,AB de Villiers,83,46,6,4
980931,Royal Challengers Bangalore,KL Rahul,7,10,1,0
980931,Royal Challengers Bangalore,SN Khan,2,1,0,0
980931,Royal Challengers Bangalore,SR Watson,1,1,0,0
980931,Royal Challengers Bangalore,V Kohli,80,62,7,2
980933,Delhi Daredevils,JP Duminy,49,30,3,2
980933,Delhi Daredevils,KK Nair,5,5,1,0
980933,Delhi Daredevils,P Negi,10,10,1,0
980933,Delhi Daredevils,Q de Kock,9,7,2,0
980933,Delhi Daredevils,SS Iyer,19,20,1,1
980933,Delhi Daredevils,SV Samson,60,48,4,2
980933,Mumbai Indians,AT Rayudu,25,23,4,0
980933,Mumbai Indians,HH Pandya,2,2,0,0
980933,Mumbai Indians,Harbhajan Singh,0,1,0,0
980933,Mumbai Indians,JC Buttler,2,6,0,0
980933,Mumbai Indians,KA Pollard,19,18,0,1
980933,Mumbai Indians,KH Pandya,36,17,4,2
980933,Mumbai Indians,PA Patel,1,4,0,0
980933,Mumbai Indians,RG Sharma,65,48,7,1
980933,Mumbai Indians,TG Southee,1,1,0,0
980935,Kings XI Punjab,AR Patel,36,17,1,3
980935,Kings XI Punjab,DA Miller,9,11,1,0
980935,Kings XI Punjab,GJ Maxwell,1,2,0,0
980935,Kings XI Punjab,M Vijay,2,3,0,0
980935,Kings XI Punjab,M Vohra,25,23,3,1
980935,Kings XI Punjab,NS Naik,22,28,1,0
980935,Kings XI Punjab,R Dhawan,3,2,0,0
980935,Kings XI Punjab,SE Marsh,40,34,3,2
980935,Sunrisers Hyderabad,AP Tare,0,1,0,0
980935,Sunrisers Hyderabad,DA Warner,59,31,7,3
980935,Sunrisers Hyderabad,DJ Hooda,5,5,0,0
980935,Sunrisers Hyderabad,EJG Morgan,25,20,2,1
980935,Sunrisers Hyderabad,MC Henriques,5,4,1,0
980935,Sunrisers Hyderabad,NV Ojha,2,2,0,0
980935,Sunrisers Hyderabad,S Dhawan,45,44,4,0
980937,Gujarat Lions,BB McCullum,42,24,5,2
980937,Gujarat Lions,DJ Bravo,4,1,1,0
980937,Gujarat Lions,DR Smith,32,20,3,2
980937,Gujarat Lions,KD Karthik,50,39,3,0
980937,Gujarat Lions,RA Jadeja,12,9,0,1
980937,Gujarat Lions,SK Raina,28,24,3,0
980937,Royal Challengers Bangalore,AB de Villiers,20,16,2,0
980937,Royal Challengers Bangalore,KL Rahul,51,35,4,3
980937,Royal Challengers Bangalore,SR Watson,6,6,1,0
980937,Royal Challengers Bangalore,V Kohli,100,63,11,1
980939,Kolkata Knight Riders,AD Russell,17,11,0,2
980939,Kolkata Knight Riders,G Gambhir,11,5,2,0
980939,Kolkata Knight Riders,PP Chawla,8,5,1,0
980939,Kolkata Knight Riders,R Sathish,10,8,0,1
980939,Kolkata Knight Riders,RV Uthappa,0,1,0,0
980939,Kolkata Knight Riders,SA Yadav,60,49,6,2
980939,Kolkata Knight Riders,Shakib Al Hasan,3,9,0,0
980939,Kolkata Knight Riders,UT Yadav,7,2,0,1
980939,Kolkata Knight Riders,YK Pathan,36,27,2,2
980939,Rising Pune Supergiants,AM Rahane,67,52,4,3
980939,Rising Pune Supergiants,F du Plessis,4,9,0,0
980939,Rising Pune Supergiants,JA Morkel,16,9,0,2
980939,Rising Pune Supergiants,MS Dhoni,23,12,2,1
980939,Rising Pune Supergiants,NLTC Perera,12,9,0,1
980939,Rising Pune Supergiants,R Bhatia,1,1,0,0
980939,Rising Pune Supergiants,SPD Smith,31,28,2,0
980941,Kings XI Punjab,AR Patel,0,2,0,0
980941,Kings XI Punjab,DA Miller,30,16,1,2
980941,Kings XI Punjab,GJ Maxwell,56,39,5,1
980941,Kings XI Punjab,M Vijay,19,13,2,1
980941,Kings XI Punjab,M Vohra,7,11,0,0
980941,Kings XI Punjab,MG Johnson,1,2,0,0
980941,Kings XI Punjab,NS Naik,1,3,0,0
980941,Kings XI Punjab,SE Marsh,45,34,3,1
980941,Mumbai Indians,AT Rayudu,65,37,4,4
980941,Mumbai Indians,HH Pandya,4,2,1,0
980941,Mumbai Indians,JC Buttler,24,13,3,1
980941,Mumbai Indians,KA Pollard,10,9,0,0
980941,Mumbai Indians,PA Patel,81,57,10,2
980941,Mumbai Indians,RG Sharma,0,2,0,0
980943,Rising Pune Supergiants,AM Rahane,0,5,0,0
980943,Rising Pune Supergiants,F du Plessis,30,21,3,2
980943,Rising Pune Supergiants,MS Dhoni,5,4,1,0
980943,Rising Pune Supergiants,SPD Smith,46,36,7,0
980943,Sunrisers Hyderabad,AP Tare,8,14,1,0
980943,Sunrisers Hyderabad,B Kumar,21,8,3,1
980943,Sunrisers Hyderabad,Bipul Sharma,5,5,0,0
980943,Sunrisers Hyderabad,DA Warner,0,4,0,0
980943,Sunrisers Hyderabad,DJ Hooda,1,9,0,0
980943,Sunrisers Hyderabad,EJG Morgan,0,2,0,0
980943,Sunrisers Hyderabad,MC Henriques,1,4,0,0
980943,Sunrisers Hyderabad,NV Ojha,18,21,0,1
980943,Sunrisers Hyderabad,S Dhawan,56,53,2,1
980945,Delhi Daredevils,CH Morris,82,32,4,8
980945,Delhi Daredevils,JP Duminy,48,43,3,1
980945,Delhi Daredevils,KK Nair,9,7,1,0
980945,Delhi Daredevils,P Negi,3,4,0,0
980945,Delhi Daredevils,Q de Kock,5,11,1,0
980945,Delhi Daredevils,RR Pant,20,17,2,0
980945,Delhi Daredevils,SV Samson,1,6,0,0
980945,Gujarat Lions,BB McCullum,60,36,6,3
980945,Gujarat Lions,DJ Bravo,7,6,0,0
980945,Gujarat Lions,DR Smith,53,30,5,3
980945,Gujarat Lions,Ishan Kishan,2,6,0,0
980945,Gujarat Lions,JP Faulkner,22,13,2,0
980945,Gujarat Lions,KD Karthik,19,17,1,1
980945,Gujarat Lions,RA Jadeja,4,7,0,0
980945,Gujarat Lions,SK Raina,2,5,0,0
980947,Kolkata Knight Riders,AD Russell,22,16,3,0
980947,Kolkata Knight Riders,CA Lynn,10,10,0,0
980947,Kolkata Knight Riders,G Gambhir,59,45,6,1
980947,Kolkata Knight Riders,RV Uthappa,36,20,1,2
980947,Kolkata Knight Riders,SA Yadav,21,17,2,0
980947,Kolkata Knight Riders,Shakib Al Hasan,6,4,1,0
980947,Kolkata Knight Riders,YK Pathan,19,8,4,0
980947,Mumbai Indians,AT Rayudu,32,20,5,1
980947,Mumbai Indians,JC Buttler,15,15,2,0
980947,Mumbai Indians,KA Pollard,51,17,2,6
980947,Mumbai Indians,KH Pandya,6,5,1,0
980947,Mumbai Indians,PA Patel,1,2,0,0
980947,Mumbai Indians,RG Sharma,68,49,8,2
980949,Gujarat Lions,BB McCullum,43,22,5,2
980949,Gujarat Lions,DJ Bravo,7,6,1,0
980949,Gujarat Lions,DR Smith,63,37,9,1
980949,Gujarat Lions,Ishan Kishan,0,1,0,0
980949,Gujarat Lions,JP Faulkner,9,5,1,0
980949,Gujarat Lions,KD Karthik,33,20,4,0
980949,Gujarat Lions,RA Jadeja,0,1,0,0
980949,Gujarat Lions,SK Raina,34,28,2,0
980949,Rising Pune Supergiants,AM Rahane,53,45,5,0
980949,Rising Pune Supergiants,MS Dhoni,30,18,2,2
980949,Rising Pune Supergiants,NLTC Perera,3,2,0,0
980949,Rising Pune Supergiants,SPD Smith,101,53,8,5
980949,Rising Pune Supergiants,SS Tiwary,1,2,0,0
980951,Delhi Daredevils,CH Morris,0,2,0,0
980951,Delhi Daredevils,CR Brathwaite,34,11,3,3
980951,Delhi Daredevils,KK Nair,68,50,9,1
980951,Delhi Daredevils,Mohammed Shami,0,1,0,0
980951,Delhi Daredevils,Q de Kock,1,3,0,0
980951,Delhi Daredevils,RR Pant,4,4,0,0
980951,Delhi Daredevils,SS Iyer,0,1,0,0
980951,Delhi Daredevils,SV Samson,15,15,2,0
980951,Delhi Daredevils,SW Billings,54,33,3,2
980951,Kolkata Knight Riders,AD Russell,17,12,2,1
980951,Kolkata Knight Riders,G Gambhir,6,8,0,0
980951,Kolkata Knight Riders,JO Holder,0,1,0,0
980951,Kolkata Knight Riders,PP Chawla,8,5,2,0
980951,Kolkata Knight Riders,R Sathish,6,7,1,0
980951,Kolkata Knight Riders,RV Uthappa,72,52,6,2
980951,Kolkata Knight Riders,SA Yadav,21,11,1,1
980951,Kolkata Knight Riders,SP Narine,4,3,0,0
980951,Kolkata Knight Riders,UT Yadav,2,3,0,0
980951,Kolkata Knight Riders,YK Pathan,10,9,1,0
980953,Royal Challengers Bangalore,AB de Villiers,47,32,3,2
980953,Royal Challengers Bangalore,KL Rahul,51,28,6,1
980953,Royal Challengers Bangalore,KM Jadhav,25,15,0,2
980953,Royal Challengers Bangalore,Parvez Rasool,10,9,1,0
980953,Royal Challengers Bangalore,SR Watson,2,3,0,0
980953,Royal Challengers Bangalore,Sachin Baby,27,16,3,1
980953,Royal Challengers Bangalore,V Kohli,14,17,1,0
980953,Sunrisers Hyderabad,A Ashish Reddy,2,3,0,0
980953,Sunrisers Hyderabad,DA Warner,92,49,9,5
980953,Sunrisers Hyderabad,DJ Hooda,2,2,0,0
980953,Sunrisers Hyderabad,KS Williamson,50,38,7,0
980953,Sunrisers Hyderabad,MC Henriques,31,14,1,3
980953,Sunrisers Hyderabad,NV Ojha,1,3,0,0
980953,Sunrisers Hyderabad,S Dhawan,11,11,2,0
980955,Gujarat Lions,BB McCullum,1,3,0,0
980955,Gujarat Lions,DJ Bravo,0,1,0,0
980955,Gujarat Lions,DR Smith,15,18,1,1
980955,Gujarat Lions,DS Kulkarni,6,4,0,0
980955,Gujarat Lions,Ishan Kishan,27,24,3,0
980955,Gujarat Lions,JP Faulkner,32,27,3,0
980955,Gujarat Lions,KD Karthik,2,4,0,0
980955,Gujarat Lions,P Kumar,15,13,2,0
980955,Gujarat Lions,RA Jadeja,11,11,0,0
980955,Gujarat Lions,SK Raina,18,15,2,1
980955,Kings XI Punjab,AR Patel,0,2,0,0
980955,Kings XI Punjab,DA Miller,31,27,2,0
980955,Kings XI Punjab,GJ Maxwell,0,1,0,0
980955,Kings XI Punjab,Gurkeerat Singh,0,3,0,0
980955,Kings XI Punjab,KC Cariappa,1,3,0,0
980955,Kings XI Punjab,M Vijay,55,41,6,0
980955,Kings XI Punjab,MM Sharma,1,2,0,0
980955,Kings XI Punjab,MP Stoinis,27,17,3,1
980955,Kings XI Punjab,SE Marsh,1,3,0,0
980955,Kings XI Punjab,Sandeep Sharma,1,1,0,0
980955,Kings XI Punjab,WP Saha,33,19,4,0
980957,Mumbai Indians,AT Rayudu,22,19,1,1
980957,Mumbai Indians,JC Buttler,27,17,2,1
980957,Mumbai Indians,PA Patel,21,15,4,0
980957,Mumbai Indians,RG Sharma,85,60,8,3
980957,Rising Pune Supergiants,AM Rahane,4,5,0,0
980957,Rising Pune Supergiants,MS Dhoni,24,24,2,0
980957,Rising Pune Supergiants,NLTC Perera,12,9,0,1
980957,Rising Pune Supergiants,PSP Handscomb,6,12,0,0
980957,Rising Pune Supergiants,R Bhatia,3,2,0,0
980957,Rising Pune Supergiants,SPD Smith,45,23,4,3
980957,Rising Pune Supergiants,SS Tiwary,57,45,4,2
980959,Kolkata Knight Riders,AD Russell,39,24,1,4
980959,Kolkata Knight Riders,CA Lynn,15,12,0,1
980959,Kolkata Knight Riders,G Gambhir,37,29,4,1
980959,Kolkata Knight Riders,MK Pandey,8,12,0,0
980959,Kolkata Knight Riders,RV Uthappa,1,4,0,0
980959,Kolkata Knight Riders,SA Yadav,10,5,2,0
980959,Kolkata Knight Riders,YK Pathan,60,29,6,3
980959,Royal Challengers Bangalore,AB de Villiers,4,6,0,0
980959,Royal Challengers Bangalore,CH Gayle,7,7,0,1
980959,Royal Challengers Bangalore,KL Rahul,52,32,6,2
980959,Royal Challengers Bangalore,SR Watson,34,21,5,1
980959,Royal Challengers Bangalore,STR Binny,16,4,1,2
980959,Royal Challengers Bangalore,Sachin Baby,16,6,2,1
980959,Royal Challengers Bangalore,V Kohli,52,44,4,0
980961,Delhi Daredevils,JP Duminy,13,7,2,0
980961,Delhi Daredevils,Q de Kock,46,45,4,1
980961,Delhi Daredevils,RR Pant,69,40,9,2
980961,Delhi Daredevils,SV Samson,19,12,1,1
980961,Gujarat Lions,AJ Finch,5,5,1,0
980961,Gujarat Lions,BB McCullum,1,4,0,0
980961,Gujarat Lions,DR Smith,15,14,3,0
980961,Gujarat Lions,Ishan Kishan,2,2,0,0
980961,Gujarat Lions,JP Faulkner,7,6,0,0
980961,Gujarat Lions,KD Karthik,53,43,5,0
980961,Gujarat Lions,RA Jadeja,36,26,4,1
980961,Gujarat Lions,SK Raina,24,20,1,1
980963,Kings XI Punjab,AR Patel,21,7,1,2
980963,Kings XI Punjab,DA Miller,13,18,0,0
980963,Kings XI Punjab,GJ Maxwell,68,42,6,4
980963,Kings XI Punjab,Gurkeerat Singh,11,11,1,0
980963,Kings XI Punjab,M Vijay,6,11,1,0
980963,Kings XI Punjab,M Vohra,0,5,0,0
980963,Kings XI Punjab,MM Sharma,1,1,0,0
980963,Kings XI Punjab,MP Stoinis,0,3,0,0
980963,Kings XI Punjab,Sandeep Sharma,1,1,0,0
980963,Kings XI Punjab,Swapnil Singh,0,1,0,0
980963,Kings XI Punjab,WP Saha,24,20,3,0
980963,Kolkata Knight Riders,AD Russell,16,10,1,1
980963,Kolkata Knight Riders,G Gambhir,54,45,6,1
980963,Kolkata Knight Riders,RV Uthappa,70,49,6,2
980963,Kolkata Knight Riders,YK Pathan,19,16,0,1
980965,Delhi Daredevils,CR Brathwaite,20,8,0,3
980965,Delhi Daredevils,J Yadav,1,3,0,0
980965,Delhi Daredevils,JP Duminy,34,32,1,0
980965,Delhi Daredevils,KK Nair,32,22,5,0
980965,Delhi Daredevils,Mohammed Shami,2,3,0,0
980965,Delhi Daredevils,P Negi,19,12,1,1
980965,Delhi Daredevils,RR Pant,2,8,0,0
980965,Delhi Daredevils,SV Samson,20,17,3,0
980965,Delhi Daredevils,SW Billings,24,15,1,2
980965,Rising Pune Supergiants,AM Rahane,63,48,7,0
980965,Rising Pune Supergiants,MS Dhoni,27,20,1,2
980965,Rising Pune Supergiants,NLTC Perera,14,4,0,2
980965,Rising Pune Supergiants,SS Tiwary,21,16,1,1
980965,Rising Pune Supergiants,UT Khawaja,30,27,2,1
980967,Gujarat Lions,AJ Finch,51,42,3,1
980967,Gujarat Lions,BB McCullum,7,19,0,0
980967,Gujarat Lions,DJ Bravo,18,20,1,0
980967,Gujarat Lions,DR Smith,1,9,0,0
980967,Gujarat Lions,KD Karthik,0,3,0,0
980967,Gujarat Lions,P Kumar,6,4,1,0
980967,Gujarat Lions,RA Jadeja,18,13,2,0
980967,Gujarat Lions,SK Raina,20,10,1,2
980967,Sunrisers Hyderabad,DA Warner,24,17,1,2
980967,Sunrisers Hyderabad,DJ Hooda,18,12,2,0
980967,Sunrisers Hyderabad,KS Williamson,6,9,1,0
980967,Sunrisers Hyderabad,MC Henriques,14,16,2,0
980967,Sunrisers Hyderabad,NV Ojha,9,6,1,0
980967,Sunrisers Hyderabad,S Dhawan,47,40,6,0
980967,Sunrisers Hyderabad,Yuvraj Singh,5,14,0,0
980969,Rising Pune Supergiants,AM Rahane,74,48,8,2
980969,Rising Pune Supergiants,GJ Bailey,0,2,0,0
980969,Rising Pune Supergiants,MS Dhoni,9,8,0,1
980969,Rising Pune Supergiants,NLTC Perera,14,8,1,1
980969,Rising Pune Supergiants,R Ashwin,10,5,0,1
980969,Rising Pune Supergiants,R Bhatia,9,4,0,1
980969,Rising Pune Supergiants,SS Tiwary,52,39,9,0
980969,Rising Pune Supergiants,UT Khawaja,16,6,2,1
980969,Royal Challengers Bangalore,AB de Villiers,1,3,0,0
980969,Royal Challengers Bangalore,KL Rahul,38,35,1,2
980969,Royal Challengers Bangalore,SR Watson,36,13,5,2
980969,Royal Challengers Bangalore,TM Head,6,8,0,0
980969,Royal Challengers Bangalore,V Kohli,108,58,8,7
980971,Delhi Daredevils,CH Morris,17,12,0,1
980971,Delhi Daredevils,CR Brathwaite,12,6,1,1
980971,Delhi Daredevils,KK Nair,23,25,1,0
980971,Delhi Daredevils,Q de Kock,52,30,6,2
980971,Delhi Daredevils,RR Pant,4,3,1,0
980971,Delhi Daredevils,SV Samson,49,35,4,1
980971,Delhi Daredevils,SW Billings,6,9,0,0
980971,Kings XI Punjab,AR Patel,16,5,0,2
980971,Kings XI Punjab,DA Miller,11,6,1,0
980971,Kings XI Punjab,GJ Maxwell,16,11,0,1
980971,Kings XI Punjab,HM Amla,1,5,0,0
980971,Kings XI Punjab,M Vijay,25,16,4,0
980971,Kings XI Punjab,MP Stoinis,52,44,3,2
980971,Kings XI Punjab,WP Saha,52,33,7,0
980973,Mumbai Indians,AT Rayudu,6,6,1,0
980973,Mumbai Indians,HH Pandya,7,16,0,0
980973,Mumbai Indians,Harbhajan Singh,21,22,2,0
980973,Mumbai Indians,JC Buttler,2,2,0,0
980973,Mumbai Indians,JJ Bumrah,6,9,1,0
980973,Mumbai Indians,KA Pollard,11,13,2,0
980973,Mumbai Indians,KH Pandya,17,11,2,1
980973,Mumbai Indians,MJ McClenaghan,8,9,1,0
980973,Mumbai Indians,PA Patel,0,4,0,0
980973,Mumbai Indians,RG Sharma,5,3,1,0
980973,Mumbai Indians,TG Southee,3,4,0,0
980973,Sunrisers Hyderabad,DA Warner,48,33,7,1
980973,Sunrisers Hyderabad,KS Williamson,2,5,0,0
980973,Sunrisers Hyderabad,MC Henriques,1,2,0,0
980973,Sunrisers Hyderabad,S Dhawan,82,57,10,1
980973,Sunrisers Hyderabad,Yuvraj Singh,39,23,3,2
980975,Gujarat Lions,AJ Finch,29,10,3,2
980975,Gujarat Lions,BB McCullum,29,24,3,2
980975,Gujarat Lions,DR Smith,27,18,4,1
980975,Gujarat Lions,KD Karthik,51,29,8,1
980975,Gujarat Lions,RA Jadeja,9,9,0,1
980975,Gujarat Lions,SK Raina,14,18,1,0
980975,Kolkata Knight Riders,G Gambhir,5,6,0,0
980975,Kolkata Knight Riders,MK Pandey,0,2,0,0
980975,Kolkata Knight Riders,RV Uthappa,14,10,3,0
980975,Kolkata Knight Riders,SA Yadav,4,12,0,0
980975,Kolkata Knight Riders,Shakib Al Hasan,66,49,4,4
980975,Kolkata Knight Riders,YK Pathan,63,41,7,1
980977,Kings XI Punjab,DA Miller,0,1,0,0
980977,Kings XI Punjab,F Behardien,9,7,1,0
980977,Kings XI Punjab,HM Amla,21,20,2,0
980977,Kings XI Punjab,M Vijay,89,57,12,1
980977,Kings XI Punjab,MP Stoinis,34,22,3,1
980977,Kings XI Punjab,WP Saha,16,13,1,0
980977,Royal Challengers Bangalore,AB de Villiers,64,35,5,2
980977,Royal Challengers Bangalore,KL Rahul,42,25,6,1
980977,Royal Challengers Bangalore,SR Watson,1,3,0,0
980977,Royal Challengers Bangalore,Sachin Baby,33,29,1,0
980977,Royal Challengers Bangalore,TM Head,11,7,1,0
980977,Royal Challengers Bangalore,V Kohli,20,21,2,0
980979,Rising Pune Supergiants,A Zampa,0,1,0,0
980979,Rising Pune Supergiants,AM Rahane,0,3,0,0
980979,Rising Pune Supergiants,GJ Bailey,34,40,3,1
980979,Rising Pune Supergiants,MS Dhoni,30,20,1,2
980979,Rising Pune Supergiants,NLTC Perera,17,13,0,1
980979,Rising Pune Supergiants,R Ashwin,29,25,3,0
980979,Rising Pune Supergiants,SS Tiwary,9,10,1,0
980979,Rising Pune Supergiants,UT Khawaja,11,8,2,0
980979,Sunrisers Hyderabad,B Kumar,1,2,0,0
980979,Sunrisers Hyderabad,BB Sran,1,1,0,0
980979,Sunrisers Hyderabad,DA Warner,11,14,0,1
980979,Sunrisers Hyderabad,DJ Hooda,14,5,0,2
980979,Sunrisers Hyderabad,KS Williamson,32,37,3,0
980979,Sunrisers Hyderabad,MC Henriques,10,8,1,0
980979,Sunrisers Hyderabad,NV Ojha,7,5,1,0
980979,Sunrisers Hyderabad,S Dhawan,33,27,2,2
980979,Sunrisers Hyderabad,Yuvraj Singh,23,21,1,2
980981,Mumbai Indians,AT Rayudu,44,47,2,2
980981,Mumbai Indians,JC Buttler,29,10,1,3
980981,Mumbai Indians,KA Pollard,35,19,3,2
980981,Mumbai Indians,N Rana,9,11,0,1
980981,Mumbai Indians,PA Patel,1,2,0,0
980981,Mumbai Indians,RG Sharma,25,23,3,0
980981,Royal Challengers Bangalore,AB de Villiers,24,27,1,1
980981,Royal Challengers Bangalore,CH Gayle,5,6,1,0
980981,Royal Challengers Bangalore,KL Rahul,68,53,3,4
980981,Royal Challengers Bangalore,SR Watson,15,14,1,1
980981,Royal Challengers Bangalore,Sachin Baby,25,13,2,2
980981,Royal Challengers Bangalore,V Kohli,7,7,0,1
980983,Delhi Daredevils,KK Nair,20,17,3,0
980983,Delhi Daredevils,MA Agarwal,10,9,2,0
980983,Delhi Daredevils,Q de Kock,44,31,5,2
980983,Delhi Daredevils,RR Pant,39,26,2,3
980983,Delhi Daredevils,SV Samson,34,26,0,2
980983,Sunrisers Hyderabad,A Nehra,1,1,0,0
980983,Sunrisers Hyderabad,B Kumar,1,2,0,0
980983,Sunrisers Hyderabad,BB Sran,1,0,0,0
980983,Sunrisers Hyderabad,DA Warner,46,30,6,1
980983,Sunrisers Hyderabad,DJ Hooda,10,8,1,0
980983,Sunrisers Hyderabad,KS Williamson,27,24,3,0
980983,Sunrisers Hyderabad,MC Henriques,0,1,0,0
980983,Sunrisers Hyderabad,NV Ojha,7,9,1,0
980983,Sunrisers Hyderabad,S Dhawan,34,37,3,0
980983,Sunrisers Hyderabad,Yuvraj Singh,8,8,0,1
980985,Kings XI Punjab,GJ Maxwell,0,1,0,0
980985,Kings XI Punjab,Gurkeerat Singh,6,4,1,0
980985,Kings XI Punjab,HM Amla,0,5,0,0
980985,Kings XI Punjab,M Vijay,54,52,5,1
980985,Kings XI Punjab,WP Saha,56,40,6,1
980985,Mumbai Indians,AT Rayudu,0,3,0,0
980985,Mumbai Indians,Harbhajan Singh,14,10,1,1
980985,Mumbai Indians,JC Buttler,9,10,1,0
980985,Mumbai Indians,JJ Bumrah,2,2,0,0
980985,Mumbai Indians,KA Pollard,27,20,0,3
980985,Mumbai Indians,KH Pandya,19,12,1,1
980985,Mumbai Indians,MJ McClenaghan,4,4,1,0
980985,Mumbai Indians,N Rana,25,28,0,3
980985,Mumbai Indians,RG Sharma,15,24,1,0
980985,Mumbai Indians,TG Southee,1,3,0,0
980985,Mumbai Indians,UBT Chand,0,4,0,0
980987,Gujarat Lions,AD Nath,3,6,0,0
980987,Gujarat Lions,AJ Finch,37,36,3,1
980987,Gujarat Lions,BB McCullum,11,13,2,0
980987,Gujarat Lions,DJ Bravo,1,2,0,0
980987,Gujarat Lions,DR Smith,7,6,1,0
980987,Gujarat Lions,DS Kulkarni,2,3,0,0
980987,Gujarat Lions,KD Karthik,2,4,0,0
980987,Gujarat Lions,P Kumar,1,4,0,0
980987,Gujarat Lions,PV Tambe,7,18,1,0
980987,Gujarat Lions,RA Jadeja,21,19,2,1
980987,Gujarat Lions,S Kaushik,0,1,0,0
980987,Royal Challengers Bangalore,AB de Villiers,129,51,10,12
980987,Royal Challengers Bangalore,CH Gayle,6,13,1,0
980987,Royal Challengers Bangalore,SR Watson,0,1,0,0
980987,Royal Challengers Bangalore,V Kohli,109,55,6,8
980989,Kolkata Knight Riders,G Gambhir,0,1,0,0
980989,Kolkata Knight Riders,MK Pandey,15,10,1,0
980989,Kolkata Knight Riders,RV Uthappa,4,1,1,0
980989,Kolkata Knight Riders,YK Pathan,37,18,4,3
980989,Rising Pune Supergiants,AM Rahane,2,6,0,0
980989,Rising Pune Supergiants,GJ Bailey,33,27,3,1
980989,Rising Pune Supergiants,IK Pathan,7,8,0,0
980989,Rising Pune Supergiants,MS Dhoni,8,22,0,0
980989,Rising Pune Supergiants,NLTC Perera,13,11,0,1
980989,Rising Pune Supergiants,R Ashwin,0,4,0,0
980989,Rising Pune Supergiants,SS Tiwary,13,12,1,0
980989,Rising Pune Supergiants,UT Khawaja,21,16,3,0
980991,Kings XI Punjab,DA Miller,20,9,2,1
980991,Kings XI Punjab,Gurkeerat Singh,27,20,4,0
980991,Kings XI Punjab,HM Amla,96,56,14,2
980991,Kings XI Punjab,M Vijay,6,12,0,0
980991,Kings XI Punjab,WP Saha,27,23,3,0
980991,Sunrisers Hyderabad,BCJ Cutting,18,11,0,2
980991,Sunrisers Hyderabad,DA Warner,52,41,5,1
980991,Sunrisers Hyderabad,DJ Hooda,34,21,3,1
980991,Sunrisers Hyderabad,S Dhawan,25,21,4,0
980991,Sunrisers Hyderabad,Yuvraj Singh,42,24,3,3
980993,Delhi Daredevils,A Mishra,1,5,0,0
980993,Delhi Daredevils,CH Morris,20,16,2,1
980993,Delhi Daredevils,Imran Tahir,5,7,1,0
980993,Delhi Daredevils,JP Duminy,9,9,1,0
980993,Delhi Daredevils,KK Nair,8,8,1,0
980993,Delhi Daredevils,MA Agarwal,8,5,0,1
980993,Delhi Daredevils,Q de Kock,40,28,4,2
980993,Delhi Daredevils,RR Pant,23,17,2,1
980993,Delhi Daredevils,S Nadeem,1,5,0,0
980993,Delhi Daredevils,SV Samson,6,11,0,0
980993,Delhi Daredevils,Z Khan,2,4,0,0
980993,Mumbai Indians,AT Rayudu,13,5,1,1
980993,Mumbai Indians,JC Buttler,18,9,2,1
980993,Mumbai Indians,KA Pollard,3,6,0,0
980993,Mumbai Indians,KH Pandya,86,37,7,6
980993,Mumbai Indians,MJ Guptill,48,42,2,3
980993,Mumbai Indians,RG Sharma,31,21,1,3
980995,Kolkata Knight Riders,AD Russell,39,19,2,3
980995,Kolkata Knight Riders,G Gambhir,51,34,7,0
980995,Kolkata Knight Riders,MK Pandey,50,35,5,2
980995,Kolkata Knight Riders,RV Uthappa,2,4,0,0
980995,Kolkata Knight Riders,SA Yadav,5,5,1,0
980995,Kolkata Knight Riders,Shakib Al Hasan,18,11,1,1
980995,Kolkata Knight Riders,YK Pathan,6,12,0,0
980995,Royal Challengers Bangalore,AB de Villiers,59,30,5,3
980995,Royal Challengers Bangalore,CH Gayle,49,31,5,4
980995,Royal Challengers Bangalore,V Kohli,75,51,5,3
980997,Delhi Daredevils,CH Morris,38,20,4,2
980997,Delhi Daredevils,JP Duminy,14,14,1,0
980997,Delhi Daredevils,KK Nair,41,43,5,0
980997,Delhi Daredevils,NM Coulter-Nile,2,3,0,0
980997,Delhi Daredevils,Q de Kock,2,8,0,0
980997,Delhi Daredevils,RR Pant,4,9,0,0
980997,Delhi Daredevils,SS Iyer,8,10,1,0
980997,Delhi Daredevils,SV Samson,10,13,0,0
980997,Rising Pune Supergiants,AM Rahane,42,36,5,1
980997,Rising Pune Supergiants,GJ Bailey,8,17,1,0
980997,Rising Pune Supergiants,UT Khawaja,19,13,4,0
980999,Kings XI Punjab,AR Patel,13,9,1,1
980999,Kings XI Punjab,DA Miller,3,6,0,0
980999,Kings XI Punjab,F Behardien,0,1,0,0
980999,Kings XI Punjab,Gurkeerat Singh,18,18,2,0
980999,Kings XI Punjab,HM Amla,9,6,0,1
980999,Kings XI Punjab,KC Cariappa,12,8,0,1
980999,Kings XI Punjab,KJ Abbott,0,1,0,0
980999,Kings XI Punjab,M Vijay,16,8,2,1
980999,Kings XI Punjab,MM Sharma,14,12,2,0
980999,Kings XI Punjab,Sandeep Sharma,5,5,0,0
980999,Kings XI Punjab,WP Saha,24,10,5,0
980999,Royal Challengers Bangalore,AB de Villiers,0,2,0,0
980999,Royal Challengers Bangalore,CH Gayle,73,32,4,8
980999,Royal Challengers Bangalore,KL Rahul,16,6,3,0
980999,Royal Challengers Bangalore,SR Watson,1,2,0,0
980999,Royal Challengers Bangalore,V Kohli,113,48,12,8
981001,Gujarat Lions,AJ Finch,26,23,1,2
981001,Gujarat Lions,BB McCullum,6,3,0,1
981001,Gujarat Lions,DR Smith,0,1,0,0
981001,Gujarat Lions,KD Karthik,12,8,2,0
981001,Gujarat Lions,RA Jadeja,11,10,1,0
981001,Gujarat Lions,SK Raina,53,36,7,1
981001,Kolkata Knight Riders,G Gambhir,8,8,1,0
981001,Kolkata Knight Riders,JO Holder,13,8,1,1
981001,Kolkata Knight Riders,M Morkel,1,1,0,0
981001,Kolkata Knight Riders,MK Pandey,1,3,0,0
981001,Kolkata Knight Riders,PP Chawla,11,16,1,0
981001,Kolkata Knight Riders,RV Uthappa,25,19,3,1
981001,Kolkata Knight Riders,SA Yadav,17,14,1,1
981001,Kolkata Knight Riders,SP Narine,2,7,0,0
981001,Kolkata Knight Riders,Shakib Al Hasan,3,8,0,0
981001,Kolkata Knight Riders,YK Pathan,36,36,3,1
981003,Delhi Daredevils,CR Brathwaite,10,7,2,0
981003,Delhi Daredevils,JP Duminy,17,15,1,0
981003,Delhi Daredevils,KK Nair,83,59,8,3
981003,Delhi Daredevils,Q de Kock,2,9,0,0
981003,Delhi Daredevils,RR Pant,32,26,3,0
981003,Delhi Daredevils,SV Samson,3,4,0,0
981003,Sunrisers Hyderabad,B Kumar,13,7,2,0
981003,Sunrisers Hyderabad,DA Warner,73,56,8,1
981003,Sunrisers Hyderabad,DJ Hooda,1,1,0,0
981003,Sunrisers Hyderabad,EJG Morgan,14,10,0,1
981003,Sunrisers Hyderabad,MC Henriques,18,13,2,0
981003,Sunrisers Hyderabad,NV Ojha,16,14,0,1
981003,Sunrisers Hyderabad,S Dhawan,10,8,2,0
981003,Sunrisers Hyderabad,Yuvraj Singh,10,11,1,0
981005,Kings XI Punjab,AR Patel,1,3,0,0
981005,Kings XI Punjab,DA Miller,7,5,1,0
981005,Kings XI Punjab,F Behardien,5,5,1,0
981005,Kings XI Punjab,Gurkeerat Singh,51,30,3,3
981005,Kings XI Punjab,HM Amla,30,27,4,1
981005,Kings XI Punjab,KJ Abbott,1,1,0,0
981005,Kings XI Punjab,M Vijay,59,41,4,3
981005,Kings XI Punjab,R Dhawan,11,4,0,1
981005,Kings XI Punjab,WP Saha,3,4,0,0
981005,Rising Pune Supergiants,AM Rahane,19,15,4,0
981005,Rising Pune Supergiants,GJ Bailey,9,11,2,0
981005,Rising Pune Supergiants,IK Pathan,2,3,0,0
981005,Rising Pune Supergiants,MS Dhoni,64,32,4,5
981005,Rising Pune Supergiants,NLTC Perera,23,14,2,1
981005,Rising Pune Supergiants,R Ashwin,1,1,0,0
981005,Rising Pune Supergiants,SS Tiwary,17,15,1,1
981005,Rising Pune Supergiants,UT Khawaja,30,29,1,1
981007,Gujarat Lions,AJ Finch,0,2,0,0
981007,Gujarat Lions,BB McCullum,48,27,8,1
981007,Gujarat Lions,DR Smith,37,23,4,2
981007,Gujarat Lions,KD Karthik,3,4,0,0
981007,Gujarat Lions,RA Jadeja,21,15,4,0
981007,Gujarat Lions,SK Raina,58,36,8,2
981007,Mumbai Indians,HH Pandya,7,8,1,0
981007,Mumbai Indians,Harbhajan Singh,3,5,0,0
981007,Mumbai Indians,JC Buttler,33,31,3,0
981007,Mumbai Indians,KA Pollard,9,11,0,1
981007,Mumbai Indians,KH Pandya,4,3,1,0
981007,Mumbai Indians,MJ Guptill,7,9,1,0
981007,Mumbai Indians,N Rana,70,35,7,4
981007,Mumbai Indians,R Vinay Kumar,1,1,0,0
981007,Mumbai Indians,RG Sharma,30,17,4,2
981009,Kolkata Knight Riders,C Munro,10,8,2,0
981009,Kolkata Knight Riders,G Gambhir,16,15,1,0
981009,Kolkata Knight Riders,JO Holder,3,3,0,0
981009,Kolkata Knight Riders,MK Pandey,48,30,2,3
981009,Kolkata Knight Riders,RV Uthappa,25,17,4,0
981009,Kolkata Knight Riders,SA Yadav,6,3,1,0
981009,Kolkata Knight Riders,Shakib Al Hasan,7,10,0,0
981009,Kolkata Knight Riders,YK Pathan,52,34,3,2
981009,Sunrisers Hyderabad,B Kumar,5,4,1,0
981009,Sunrisers Hyderabad,BB Sran,2,2,0,0
981009,Sunrisers Hyderabad,DA Warner,18,16,1,1
981009,Sunrisers Hyderabad,DJ Hooda,2,2,0,0
981009,Sunrisers Hyderabad,KS Williamson,7,9,0,0
981009,Sunrisers Hyderabad,KV Sharma,8,11,0,0
981009,Sunrisers Hyderabad,MC Henriques,11,10,1,0
981009,Sunrisers Hyderabad,NV Ojha,15,25,1,0
981009,Sunrisers Hyderabad,S Dhawan,51,29,4,3
981009,Sunrisers Hyderabad,Yuvraj Singh,19,12,1,2
981011,Delhi Daredevils,CH Morris,27,18,3,0
981011,Delhi Daredevils,CR Brathwaite,1,2,0,0
981011,Delhi Daredevils,J Yadav,5,7,0,0
981011,Delhi Daredevils,KK Nair,11,10,0,1
981011,Delhi Daredevils,P Negi,6,12,0,0
981011,Delhi Daredevils,Q de Kock,60,51,5,1
981011,Delhi Daredevils,RR Pant,1,2,0,0
981011,Delhi Daredevils,SV Samson,17,12,1,1
981011,Delhi Daredevils,SW Billings,4,6,0,0
981011,Royal Challengers Bangalore,AB de Villiers,6,8,1,0
981011,Royal Challengers Bangalore,CH Gayle,1,4,0,0
981011,Royal Challengers Bangalore,KL Rahul,38,23,4,1
981011,Royal Challengers Bangalore,SR Watson,14,18,0,1
981011,Royal Challengers Bangalore,STR Binny,16,11,2,0
981011,Royal Challengers Bangalore,V Kohli,54,45,6,0
981013,Gujarat Lions,AJ Finch,4,6,1,0
981013,Gujarat Lions,BB McCullum,1,4,0,0
981013,Gujarat Lions,DJ Bravo,8,6,1,0
981013,Gujarat Lions,DR Smith,73,41,5,6
981013,Gujarat Lions,DS Kulkarni,10,4,2,0
981013,Gujarat Lions,ER Dwivedi,19,9,1,2
981013,Gujarat Lions,KD Karthik,26,30,2,0
981013,Gujarat Lions,P Kumar,1,2,0,0
981013,Gujarat Lions,RA Jadeja,3,7,0,0
981013,Gujarat Lions,SB Jakati,1,2,0,0
981013,Gujarat Lions,SK Raina,1,9,0,0
981013,Royal Challengers Bangalore,AB de Villiers,79,47,5,5
981013,Royal Challengers Bangalore,CH Gayle,9,12,2,0
981013,Royal Challengers Bangalore,Iqbal Abdulla,33,24,3,1
981013,Royal Challengers Bangalore,KL Rahul,0,1,0,0
981013,Royal Challengers Bangalore,SR Watson,1,6,0,0
981013,Royal Challengers Bangalore,STR Binny,21,15,2,1
981013,Royal Challengers Bangalore,Sachin Baby,0,3,0,0
981013,Royal Challengers Bangalore,V Kohli,0,2,0,0
981015,Kolkata Knight Riders,C Munro,16,17,1,0
981015,Kolkata Knight Riders,G Gambhir,28,28,2,1
981015,Kolkata Knight Riders,JO Holder,6,7,1,0
981015,Kolkata Knight Riders,MK Pandey,36,28,2,1
981015,Kolkata Knight Riders,R Sathish,8,9,0,0
981015,Kolkata Knight Riders,RV Uthappa,11,7,1,0
981015,Kolkata Knight Riders,SA Yadav,23,15,1,1
981015,Kolkata Knight Riders,SP Narine,1,3,0,0
981015,Kolkata Knight Riders,YK Pathan,2,6,0,0
981015,Sunrisers Hyderabad,B Kumar,1,2,0,0
981015,Sunrisers Hyderabad,BCJ Cutting,0,1,0,0
981015,Sunrisers Hyderabad,Bipul Sharma,14,6,0,2
981015,Sunrisers Hyderabad,DA Warner,28,28,3,0
981015,Sunrisers Hyderabad,DJ Hooda,21,13,0,2
981015,Sunrisers Hyderabad,MC Henriques,31,21,1,2
981015,Sunrisers Hyderabad,NV Ojha,7,9,0,0
981015,Sunrisers Hyderabad,S Dhawan,10,10,2,0
981015,Sunrisers Hyderabad,Yuvraj Singh,44,30,8,1
981017,Gujarat Lions,AJ Finch,50,32,7,2
981017,Gujarat Lions,BB McCullum,32,29,5,0
981017,Gujarat Lions,DJ Bravo,20,10,4,0
981017,Gujarat Lions,DR Smith,1,3,0,0
981017,Gujarat Lions,DS Kulkarni,3,2,0,0
981017,Gujarat Lions,ER Dwivedi,5,5,1,0
981017,Gujarat Lions,KD Karthik,26,19,4,1
981017,Gujarat Lions,RA Jadeja,19,15,1,0
981017,Gujarat Lions,SK Raina,1,5,0,0
981017,Sunrisers Hyderabad,BCJ Cutting,8,7,1,0
981017,Sunrisers Hyderabad,Bipul Sharma,27,11,0,3
981017,Sunrisers Hyderabad,DA Warner,93,58,11,3
981017,Sunrisers Hyderabad,DJ Hooda,4,9,0,0
981017,Sunrisers Hyderabad,MC Henriques,11,6,2,0
981017,Sunrisers Hyderabad,NV Ojha,10,8,0,1
981017,Sunrisers Hyderabad,S Dhawan,0,4,0,0
981017,Sunrisers Hyderabad,Yuvraj Singh,8,13,1,0
981019,Royal Challengers Bangalore,AB de Villiers,5,6,0,0
981019,Royal Challengers Bangalore,CH Gayle,76,38,4,8
981019,Royal Challengers Bangalore,CJ Jordan,3,4,0,0
981019,Royal Challengers Bangalore,Iqbal Abdulla,4,2,1,0
981019,Royal Challengers Bangalore,KL Rahul,11,9,1,0
981019,Royal Challengers Bangalore,SR Watson,11,9,0,1
981019,Royal Challengers Bangalore,STR Binny,9,7,0,1
981019,Royal Challengers Bangalore,Sachin Baby,18,10,1,1
981019,Royal Challengers Bangalore,V Kohli,54,35,5,2
981019,Sunrisers Hyderabad,B Kumar,1,1,0,0
981019,Sunrisers Hyderabad,BCJ Cutting,39,15,3,4
981019,Sunrisers Hyderabad,Bipul Sharma,5,3,1,0
981019,Sunrisers Hyderabad,DA Warner,69,38,8,3
981019,Sunrisers Hyderabad,DJ Hooda,3,6,0,0
981019,Sunrisers Hyderabad,MC Henriques,4,5,0,0
981019,Sunrisers Hyderabad,NV Ojha,7,4,1,0
981019,Sunrisers Hyderabad,S Dhawan,28,25,3,1
981019,Sunrisers Hyderabad,Yuvraj Singh,38,23,4,2
1082591,Royal Challengers Bangalore,A Choudhary,6,2,0,1
1082591,Royal Challengers Bangalore,CH Gayle,32,21,2,3
1082591,Royal Challengers Bangalore,KM Jadhav,31,15,4,1
1082591,Royal Challengers Bangalore,Mandeep Singh,24,16,5,0
1082591,Royal Challengers Bangalore,S Aravind,0,2,0,0
1082591,Royal Challengers Bangalore,SR Watson,22,17,1,1
1082591,Royal Challengers Bangalore,STR Binny,11,10,0,1
1082591,Royal Challengers Bangalore,Sachin Baby,1,3,0,0
1082591,Royal Challengers Bangalore,TM Head,30,22,3,0
1082591,Royal Challengers Bangalore,TS Mills,6,3,0,1
1082591,Royal Challengers Bangalore,YS Chahal,3,7,0,0
1082591,Sunrisers Hyderabad,BCJ Cutting,16,6,0,2
1082591,Sunrisers Hyderabad,DA Warner,14,7,2,1
1082591,Sunrisers Hyderabad,DJ Hooda,16,12,0,1
1082591,Sunrisers Hyderabad,MC Henriques,52,37,3,2
1082591,Sunrisers Hyderabad,S Dhawan,40,31,5,0
1082591,Sunrisers Hyderabad,Yuvraj Singh,62,27,7,3
1082592,Mumbai Indians,AT Rayudu,10,12,0,0
1082592,Mumbai Indians,HH Pandya,35,15,1,4
1082592,Mumbai Indians,JC Buttler,38,19,3,3
1082592,Mumbai Indians,KA Pollard,27,17,3,1
1082592,Mumbai Indians,KH Pandya,3,5,0,0
1082592,Mumbai Indians,N Rana,34,28,1,2
1082592,Mumbai Indians,PA Patel,19,14,4,0
1082592,Mumbai Indians,RG Sharma,3,7,0,0
1082592,Mumbai Indians,TG Southee,7,3,0,1
1082592,Rising Pune Supergiant,AM Rahane,60,34,6,3
1082592,Rising Pune Supergiant,BA Stokes,21,14,3,0
1082592,Rising Pune Supergiant,MA Agarwal,6,5,1,0
1082592,Rising Pune Supergiant,MS Dhoni,12,12,1,0
1082592,Rising Pune Supergiant,SPD Smith,84,54,7,3
1082593,Gujarat Lions,AJ Finch,15,8,0,2
1082593,Gujarat Lions,BB McCullum,35,24,4,2
1082593,Gujarat Lions,JJ Roy,14,12,3,0
1082593,Gujarat Lions,KD Karthik,47,25,6,2
1082593,Gujarat Lions,SK Raina,68,51,7,0
1082593,Kolkata Knight Riders,CA Lynn,93,41,6,8
1082593,Kolkata Knight Riders,G Gambhir,76,48,12,0
1082594,Kings XI Punjab,AR Patel,24,22,1,1
1082594,Kings XI Punjab,DA Miller,30,27,1,2
1082594,Kings XI Punjab,GJ Maxwell,44,20,3,4
1082594,Kings XI Punjab,HM Amla,28,27,2,1
1082594,Kings XI Punjab,M Vohra,14,9,1,1
1082594,Kings XI Punjab,WP Saha,14,9,3,0
1082594,Rising Pune Supergiant,AM Rahane,19,15,1,1
1082594,Rising Pune Supergiant,BA Stokes,50,32,2,3
1082594,Rising Pune Supergiant,DT Christian,17,8,2,1
1082594,Rising Pune Supergiant,MA Agarwal,0,4,0,0
1082594,Rising Pune Supergiant,MK Tiwary,40,23,3,2
1082594,Rising Pune Supergiant,MS Dhoni,5,11,0,0
1082594,Rising Pune Supergiant,SPD Smith,26,27,3,0
1082595,Delhi Daredevils,A Mishra,8,14,0,0
1082595,Delhi Daredevils,AP Tare,18,17,3,0
1082595,Delhi Daredevils,CH Morris,4,5,0,0
1082595,Delhi Daredevils,CR Brathwaite,1,5,0,0
1082595,Delhi Daredevils,KK Nair,4,3,1,0
1082595,Delhi Daredevils,PJ Cummins,6,6,1,0
1082595,Delhi Daredevils,RR Pant,57,36,3,4
1082595,Delhi Daredevils,S Nadeem,0,2,0,0
1082595,Delhi Daredevils,SV Samson,13,12,1,0
1082595,Delhi Daredevils,SW Billings,25,19,1,1
1082595,Delhi Daredevils,Z Khan,1,1,0,0
1082595,Royal Challengers Bangalore,CH Gayle,6,8,1,0
1082595,Royal Challengers Bangalore,Iqbal Abdulla,5,7,0,0
1082595,Royal Challengers Bangalore,KM Jadhav,69,37,5,5
1082595,Royal Challengers Bangalore,Mandeep Singh,12,10,3,0
1082595,Royal Challengers Bangalore,P Negi,10,8,0,1
1082595,Royal Challengers Bangalore,SR Watson,24,24,4,0
1082595,Royal Challengers Bangalore,STR Binny,16,18,1,0
1082595,Royal Challengers Bangalore,TS Mills,0,3,0,0
1082595,Royal Challengers Bangalore,Vishnu Vinod,9,5,0,1
1082596,Gujarat Lions,AJ Finch,3,5,0,0
1082596,Gujarat Lions,BB McCullum,5,10,0,0
1082596,Gujarat Lions,Basil Thampi,13,8,0,1
1082596,Gujarat Lions,DR Smith,37,27,4,1
1082596,Gujarat Lions,DS Kulkarni,1,2,0,0
1082596,Gujarat Lions,JJ Roy,31,21,5,0
1082596,Gujarat Lions,KD Karthik,30,32,2,0
1082596,Gujarat Lions,P Kumar,7,7,0,0
1082596,Gujarat Lions,SK Raina,5,8,0,0
1082596,Sunrisers Hyderabad,DA Warner,76,45,6,4
1082596,Sunrisers Hyderabad,MC Henriques,52,39,6,0
1082596,Sunrisers Hyderabad,S Dhawan,9,9,0,1
1082597,Kolkata Knight Riders,CA Lynn,32,22,3,1
1082597,Kolkata Knight Riders,CR Woakes,9,8,0,0
1082597,Kolkata Knight Riders,G Gambhir,19,13,3,0
1082597,Kolkata Knight Riders,MK Pandey,81,46,5,5
1082597,Kolkata Knight Riders,RV Uthappa,4,3,1,0
1082597,Kolkata Knight Riders,SA Yadav,17,15,2,0
1082597,Kolkata Knight Riders,SP Narine,1,2,0,0
1082597,Kolkata Knight Riders,YK Pathan,6,11,0,0
1082597,Mumbai Indians,HH Pandya,29,11,3,2
1082597,Mumbai Indians,Harbhajan Singh,1,1,0,0
1082597,Mumbai Indians,JC Buttler,28,22,1,2
1082597,Mumbai Indians,KA Pollard,17,17,1,1
1082597,Mumbai Indians,KH Pandya,11,6,2,0
1082597,Mumbai Indians,N Rana,50,29,5,3
1082597,Mumbai Indians,PA Patel,30,27,3,1
1082597,Mumbai Indians,RG Sharma,2,6,0,0
1082598,Kings XI Punjab,AR Patel,9,6,0,1
1082598,Kings XI Punjab,GJ Maxwell,43,22,3,4
1082598,Kings XI Punjab,HM Amla,58,38,4,3
1082598,Kings XI Punjab,M Vohra,34,21,4,1
1082598,Royal Challengers Bangalore,AB de Villiers,89,46,3,9
1082598,Royal Challengers Bangalore,KM Jadhav,1,4,0,0
1082598,Royal Challengers Bangalore,Mandeep Singh,28,34,1,1
1082598,Royal Challengers Bangalore,SR Watson,1,4,0,0
1082598,Royal Challengers Bangalore,STR Binny,18,20,1,1
1082598,Royal Challengers Bangalore,Vishnu Vinod,7,12,1,0
1082599,Delhi Daredevils,AP Tare,0,5,0,0
1082599,Delhi Daredevils,CH Morris,38,9,4,3
1082599,Delhi Daredevils,CJ Anderson,2,4,0,0
1082599,Delhi Daredevils,RR Pant,31,22,1,2
1082599,Delhi Daredevils,SV Samson,102,63,8,5
1082599,Delhi Daredevils,SW Billings,24,17,4,0
1082599,Rising Pune Supergiant,A Zampa,5,7,1,0
1082599,Rising Pune Supergiant,AB Dinda,7,7,1,0
1082599,Rising Pune Supergiant,AM Rahane,10,9,0,0
1082599,Rising Pune Supergiant,BA Stokes,2,5,0,0
1082599,Rising Pune Supergiant,DL Chahar,14,6,0,2
1082599,Rising Pune Supergiant,F du Plessis,8,7,1,0
1082599,Rising Pune Supergiant,Imran Tahir,0,2,0,0
1082599,Rising Pune Supergiant,MA Agarwal,20,18,2,0
1082599,Rising Pune Supergiant,MS Dhoni,11,14,0,1
1082599,Rising Pune Supergiant,R Bhatia,16,17,0,1
1082599,Rising Pune Supergiant,RA Tripathi,10,5,2,0
1082600,Mumbai Indians,HH Pandya,2,3,0,0
1082600,Mumbai Indians,Harbhajan Singh,3,3,0,0
1082600,Mumbai Indians,JC Buttler,14,11,3,0
1082600,Mumbai Indians,KA Pollard,11,11,0,1
1082600,Mumbai Indians,KH Pandya,37,20,3,3
1082600,Mumbai Indians,N Rana,45,36,3,2
1082600,Mumbai Indians,PA Patel,39,24,7,0
1082600,Mumbai Indians,RG Sharma,4,4,0,0
1082600,Sunrisers Hyderabad,B Kumar,4,3,0,0
1082600,Sunrisers Hyderabad,BCJ Cutting,20,10,4,0
1082600,Sunrisers Hyderabad,DA Warner,49,34,7,2
1082600,Sunrisers Hyderabad,DJ Hooda,9,9,1,0
1082600,Sunrisers Hyderabad,NV Ojha,9,9,0,0
1082600,Sunrisers Hyderabad,Rashid Khan,2,4,0,0
1082600,Sunrisers Hyderabad,S Dhawan,48,42,5,1
1082600,Sunrisers Hyderabad,V Shankar,1,2,0,0
1082600,Sunrisers Hyderabad,Yuvraj Singh,5,7,1,0
1082601,Kings XI Punjab,AR Patel,0,1,0,0
1082601,Kings XI Punjab,DA Miller,28,17,2,2
1082601,Kings XI Punjab,GJ Maxwell,25,14,3,1
1082601,Kings XI Punjab,HM Amla,25,27,4,0
1082601,Kings XI Punjab,M Vohra,28,19,4,1
1082601,Kings XI Punjab,MM Sharma,10,8,2,0
1082601,Kings XI Punjab,MP Stoinis,9,12,1,0
1082601,Kings XI Punjab,VR Aaron,4,5,0,0
1082601,Kings XI Punjab,WP Saha,25,17,2,2
1082601,Kolkata Knight Riders,G Gambhir,72,49,11,0
1082601,Kolkata Knight Riders,MK Pandey,25,16,2,1
1082601,Kolkata Knight Riders,RV Uthappa,26,16,3,1
1082601,Kolkata Knight Riders,SP Narine,37,18,4,3
1082602,Mumbai Indians,HH Pandya,9,4,0,1
1082602,Mumbai Indians,JC Buttler,2,5,0,0
1082602,Mumbai Indians,KA Pollard,70,47,3,5
1082602,Mumbai Indians,KH Pandya,37,30,3,1
1082602,Mumbai Indians,MJ McClenaghan,0,1,0,0
1082602,Mumbai Indians,N Rana,11,16,1,0
1082602,Mumbai Indians,PA Patel,3,8,0,0
1082602,Mumbai Indians,RG Sharma,0,2,0,0
1082602,Royal Challengers Bangalore,AB de Villiers,19,21,0,1
1082602,Royal Challengers Bangalore,CH Gayle,22,27,2,1
1082602,Royal Challengers Bangalore,KM Jadhav,9,7,0,0
1082602,Royal Challengers Bangalore,Mandeep Singh,0,1,0,0
1082602,Royal Challengers Bangalore,P Negi,13,13,0,0
1082602,Royal Challengers Bangalore,STR Binny,6,4,0,0
1082602,Royal Challengers Bangalore,V Kohli,62,47,5,2
1082603,Gujarat Lions,AJ Finch,33,19,3,2
1082603,Gujarat Lions,BB McCullum,49,32,5,3
1082603,Gujarat Lions,DR Smith,47,30,8,1
1082603,Gujarat Lions,KD Karthik,3,5,0,0
1082603,Gujarat Lions,SK Raina,35,22,4,1
1082603,Rising Pune Supergiant,AM Rahane,0,3,0,0
1082603,Rising Pune Supergiant,Ankit Sharma,25,15,2,1
1082603,Rising Pune Supergiant,BA Stokes,25,18,2,1
1082603,Rising Pune Supergiant,LH Ferguson,1,1,0,0
1082603,Rising Pune Supergiant,MK Tiwary,31,27,2,1
1082603,Rising Pune Supergiant,MS Dhoni,5,8,0,0
1082603,Rising Pune Supergiant,RA Tripathi,33,17,3,2
1082603,Rising Pune Supergiant,RD Chahar,3,2,0,0
1082603,Rising Pune Supergiant,SN Thakur,0,1,0,0
1082603,Rising Pune Supergiant,SPD Smith,43,28,6,1
1082604,Kolkata Knight Riders,C de Grandhomme,0,2,0,0
1082604,Kolkata Knight Riders,CR Woakes,1,1,0,0
1082604,Kolkata Knight Riders,G Gambhir,15,16,2,0
1082604,Kolkata Knight Riders,MK Pandey,46,35,3,2
1082604,Kolkata Knight Riders,RV Uthappa,68,39,5,4
1082604,Kolkata Knight Riders,SA Yadav,4,3,1,0
1082604,Kolkata Knight Riders,SP Narine,6,9,1,0
1082604,Kolkata Knight Riders,YK Pathan,21,15,1,1
1082604,Sunrisers Hyderabad,BCJ Cutting,15,10,1,1
1082604,Sunrisers Hyderabad,Bipul Sharma,21,14,2,1
1082604,Sunrisers Hyderabad,DA Warner,26,30,4,0
1082604,Sunrisers Hyderabad,DJ Hooda,13,7,1,1
1082604,Sunrisers Hyderabad,MC Henriques,13,10,2,0
1082604,Sunrisers Hyderabad,NV Ojha,11,11,0,0
1082604,Sunrisers Hyderabad,S Dhawan,23,22,4,0
1082604,Sunrisers Hyderabad,Yuvraj Singh,26,16,2,2
1082605,Delhi Daredevils,CH Morris,16,8,1,1
1082605,Delhi Daredevils,CJ Anderson,39,21,3,3
1082605,Delhi Daredevils,KK Nair,0,3,0,0
1082605,Delhi Daredevils,PJ Cummins,12,6,2,0
1082605,Delhi Daredevils,RR Pant,15,9,3,0
1082605,Delhi Daredevils,SS Iyer,22,16,3,0
1082605,Delhi Daredevils,SV Samson,19,18,2,1
1082605,Delhi Daredevils,SW Billings,55,39,9,0
1082605,Kings XI Punjab,AR Patel,44,29,1,3
1082605,Kings XI Punjab,DA Miller,24,28,1,0
1082605,Kings XI Punjab,EJG Morgan,22,20,3,0
1082605,Kings XI Punjab,GJ Maxwell,0,2,0,0
1082605,Kings XI Punjab,HM Amla,19,12,4,0
1082605,Kings XI Punjab,KC Cariappa,1,2,0,0
1082605,Kings XI Punjab,M Vohra,3,6,0,0
1082605,Kings XI Punjab,MM Sharma,13,14,1,0
1082605,Kings XI Punjab,Sandeep Sharma,2,2,0,0
1082605,Kings XI Punjab,WP Saha,7,5,1,0
1082606,Gujarat Lions,BB McCullum,64,44,6,3
1082606,Gujarat Lions,DR Smith,0,2,0,0
1082606,Gujarat Lions,Ishan Kishan,11,14,1,0
1082606,Gujarat Lions,JJ Roy,14,7,1,1
1082606,Gujarat Lions,KD Karthik,48,25,2,2
1082606,Gujarat Lions,SK Raina,28,28,2,0
1082606,Mumbai Indians,HH Pandya,6,3,1,0
1082606,Mumbai Indians,JC Buttler,26,24,1,2
1082606,Mumbai Indians,KA Pollard,39,23,2,3
1082606,Mumbai Indians,N Rana,53,36,4,2
1082606,Mumbai Indians,PA Patel,0,2,0,0
1082606,Mumbai Indians,RG Sharma,40,29,3,1
1082607,Rising Pune Supergiant,AM Rahane,30,25,5,0
1082607,Rising Pune Supergiant,BA Stokes,2,3,0,0
1082607,Rising Pune Supergiant,DT Christian,1,3,0,0
1082607,Rising Pune Supergiant,JD Unadkat,2,5,0,0
1082607,Rising Pune Supergiant,MK Tiwary,27,11,3,2
1082607,Rising Pune Supergiant,MS Dhoni,28,25,3,1
1082607,Rising Pune Supergiant,RA Tripathi,31,23,3,1
1082607,Rising Pune Supergiant,SN Thakur,0,1,0,0
1082607,Rising Pune Supergiant,SPD Smith,27,24,3,0
1082607,Royal Challengers Bangalore,AB de Villiers,29,30,1,2
1082607,Royal Challengers Bangalore,AF Milne,2,3,0,0
1082607,Royal Challengers Bangalore,KM Jadhav,18,22,0,0
1082607,Royal Challengers Bangalore,Mandeep Singh,0,3,0,0
1082607,Royal Challengers Bangalore,P Negi,10,7,0,1
1082607,Royal Challengers Bangalore,S Aravind,6,7,0,0
1082607,Royal Challengers Bangalore,S Badree,0,1,0,0
1082607,Royal Challengers Bangalore,SR Watson,14,18,1,0
1082607,Royal Challengers Bangalore,STR Binny,18,8,2,1
1082607,Royal Challengers Bangalore,V Kohli,28,19,3,1
1082607,Royal Challengers Bangalore,YS Chahal,1,2,0,0
1082608,Delhi Daredevils,AD Mathews,1,4,0,0
1082608,Delhi Daredevils,CH Morris,16,9,3,0
1082608,Delhi Daredevils,KK Nair,21,27,1,0
1082608,Delhi Daredevils,Mohammed Shami,0,1,0,0
1082608,Delhi Daredevils,PJ Cummins,3,4,0,0
1082608,Delhi Daredevils,RR Pant,38,16,2,4
1082608,Delhi Daredevils,SS Iyer,26,17,4,0
1082608,Delhi Daredevils,SV Samson,39,25,7,0
1082608,Delhi Daredevils,SW Billings,21,17,2,0
1082608,Kolkata Knight Riders,C de Grandhomme,1,2,0,0
1082608,Kolkata Knight Riders,CR Woakes,3,5,0,0
1082608,Kolkata Knight Riders,G Gambhir,14,12,2,0
1082608,Kolkata Knight Riders,MK Pandey,69,49,4,3
1082608,Kolkata Knight Riders,RV Uthappa,4,2,1,0
1082608,Kolkata Knight Riders,SA Yadav,7,9,0,0
1082608,Kolkata Knight Riders,SP Narine,1,1,0,0
1082608,Kolkata Knight Riders,YK Pathan,59,39,6,2
1082609,Kings XI Punjab,AR Patel,7,12,0,0
1082609,Kings XI Punjab,DA Miller,1,6,0,0
1082609,Kings XI Punjab,EJG Morgan,13,17,0,1
1082609,Kings XI Punjab,GJ Maxwell,10,12,2,0
1082609,Kings XI Punjab,HM Amla,0,1,0,0
1082609,Kings XI Punjab,I Sharma,2,5,0,0
1082609,Kings XI Punjab,KC Cariappa,1,5,0,0
1082609,Kings XI Punjab,M Vohra,95,50,9,5
1082609,Kings XI Punjab,MM Sharma,10,5,0,1
1082609,Kings XI Punjab,Sandeep Sharma,5,3,0,0
1082609,Kings XI Punjab,WP Saha,0,2,0,0
1082609,Sunrisers Hyderabad,DA Warner,70,54,7,2
1082609,Sunrisers Hyderabad,DJ Hooda,12,10,1,0
1082609,Sunrisers Hyderabad,MC Henriques,9,16,0,0
1082609,Sunrisers Hyderabad,Mohammad Nabi,2,3,0,0
1082609,Sunrisers Hyderabad,NV Ojha,34,20,2,1
1082609,Sunrisers Hyderabad,Rashid Khan,6,1,0,1
1082609,Sunrisers Hyderabad,S Dhawan,15,15,1,0
1082609,Sunrisers Hyderabad,Yuvraj Singh,0,1,0,0
1082610,Gujarat Lions,AJ Finch,19,15,2,1
1082610,Gujarat Lions,AJ Tye,6,6,0,0
1082610,Gujarat Lions,BB McCullum,72,44,2,7
1082610,Gujarat Lions,Basil Thampi,0,1,0,0
1082610,Gujarat Lions,DR Smith,1,4,0,0
1082610,Gujarat Lions,Ishan Kishan,39,16,2,4
1082610,Gujarat Lions,KD Karthik,1,4,0,0
1082610,Gujarat Lions,RA Jadeja,23,22,2,0
1082610,Gujarat Lions,SK Raina,23,8,2,2
1082610,Royal Challengers Bangalore,CH Gayle,77,38,5,7
1082610,Royal Challengers Bangalore,KM Jadhav,38,16,5,2
1082610,Royal Challengers Bangalore,TM Head,30,16,2,1
1082610,Royal Challengers Bangalore,V Kohli,64,50,7,1
1082611,Delhi Daredevils,AD Mathews,31,23,2,1
1082611,Delhi Daredevils,KK Nair,33,23,5,1
1082611,Delhi Daredevils,RR Pant,0,1,0,0
1082611,Delhi Daredevils,SS Iyer,50,31,5,2
1082611,Delhi Daredevils,SV Samson,42,33,3,2
1082611,Delhi Daredevils,SW Billings,13,9,3,0
1082611,Sunrisers Hyderabad,DA Warner,4,6,0,0
1082611,Sunrisers Hyderabad,DJ Hooda,9,4,0,1
1082611,Sunrisers Hyderabad,KS Williamson,89,50,6,5
1082611,Sunrisers Hyderabad,MC Henriques,12,6,2,0
1082611,Sunrisers Hyderabad,S Dhawan,70,50,7,1
1082611,Sunrisers Hyderabad,Yuvraj Singh,3,4,0,0
1082612,Kings XI Punjab,AR Patel,4,5,0,0
1082612,Kings XI Punjab,GJ Maxwell,40,17,4,3
1082612,Kings XI Punjab,HM Amla,104,59,8,6
1082612,Kings XI Punjab,MP Stoinis,1,3,0,0
1082612,Kings XI Punjab,SE Marsh,26,21,5,0
1082612,Kings XI Punjab,WP Saha,11,15,0,0
1082612,Mumbai Indians,HH Pandya,15,4,2,1
1082612,Mumbai Indians,JC Buttler,77,37,7,5
1082612,Mumbai Indians,N Rana,62,34,0,7
1082612,Mumbai Indians,PA Patel,37,18,4,2
1082613,Gujarat Lions,AJ Finch,31,14,4,2
1082613,Gujarat Lions,BB McCullum,33,17,5,1
1082613,Gujarat Lions,DR Smith,5,4,1,0
1082613,Gujarat Lions,Ishan Kishan,4,11,0,0
1082613,Gujarat Lions,JP Faulkner,4,2,0,0
1082613,Gujarat Lions,KD Karthik,3,3,0,0
1082613,Gujarat Lions,RA Jadeja,19,13,1,1
1082613,Gujarat Lions,SK Raina,84,46,9,4
1082613,Kolkata Knight Riders,G Gambhir,33,28,2,1
1082613,Kolkata Knight Riders,MK Pandey,24,21,2,0
1082613,Kolkata Knight Riders,RV Uthappa,72,48,8,2
1082613,Kolkata Knight Riders,SA Yadav,1,1,0,0
1082613,Kolkata Knight Riders,SP Narine,42,17,9,1
1082613,Kolkata Knight Riders,Shakib Al Hasan,1,1,0,0
1082613,Kolkata Knight Riders,YK Pathan,11,4,2,0
1082614,Delhi Daredevils,AP Tare,0,1,0,0
1082614,Delhi Daredevils,CH Morris,52,41,5,1
1082614,Delhi Daredevils,CJ Anderson,0,3,0,0
1082614,Delhi Daredevils,K Rabada,44,39,4,1
1082614,Delhi Daredevils,KK Nair,5,15,0,0
1082614,Delhi Daredevils,PJ Cummins,4,5,0,0
1082614,Delhi Daredevils,RR Pant,0,3,0,0
1082614,Delhi Daredevils,SS Iyer,6,7,1,0
1082614,Delhi Daredevils,SV Samson,9,6,2,0
1082614,Mumbai Indians,HH Pandya,24,22,0,2
1082614,Mumbai Indians,Harbhajan Singh,2,2,0,0
1082614,Mumbai Indians,JC Buttler,28,18,3,2
1082614,Mumbai Indians,KA Pollard,26,29,4,0
1082614,Mumbai Indians,KH Pandya,17,16,1,0
1082614,Mumbai Indians,MG Johnson,7,3,1,0
1082614,Mumbai Indians,MJ McClenaghan,1,1,0,0
1082614,Mumbai Indians,N Rana,8,9,1,0
1082614,Mumbai Indians,PA Patel,8,11,1,0
1082614,Mumbai Indians,RG Sharma,5,9,0,0
1082615,Rising Pune Supergiant,AM Rahane,2,7,0,0
1082615,Rising Pune Supergiant,BA Stokes,10,9,1,0
1082615,Rising Pune Supergiant,MK Tiwary,17,8,3,0
1082615,Rising Pune Supergiant,MS Dhoni,61,34,5,3
1082615,Rising Pune Supergiant,RA Tripathi,59,41,6,3
1082615,Rising Pune Supergiant,SPD Smith,27,21,1,2
1082615,Sunrisers Hyderabad,DA Warner,43,39,3,1
1082615,Sunrisers Hyderabad,DJ Hooda,19,10,2,1
1082615,Sunrisers Hyderabad,KS Williamson,21,14,1,1
1082615,Sunrisers Hyderabad,MC Henriques,55,28,6,2
1082615,Sunrisers Hyderabad,S Dhawan,30,29,5,0
1082616,Gujarat Lions,AD Nath,0,1,0,0
1082616,Gujarat Lions,AJ Finch,13,12,0,1
1082616,Gujarat Lions,AJ Tye,22,12,2,1
1082616,Gujarat Lions,BB McCullum,6,6,1,0
1082616,Gujarat Lions,Basil Thampi,11,10,1,0
1082616,Gujarat Lions,DR Smith,4,4,1,0
1082616,Gujarat Lions,KD Karthik,58,44,6,0
1082616,Gujarat Lions,RA Jadeja,9,7,1,0
1082616,Gujarat Lions,SK Raina,32,24,4,0
1082616,Kings XI Punjab,AR Patel,34,17,3,2
1082616,Kings XI Punjab,GJ Maxwell,31,18,1,3
1082616,Kings XI Punjab,HM Amla,65,40,9,2
1082616,Kings XI Punjab,M Vohra,2,4,0,0
1082616,Kings XI Punjab,MM Sharma,4,3,0,0
1082616,Kings XI Punjab,MP Stoinis,7,9,0,0
1082616,Kings XI Punjab,SE Marsh,30,24,4,1
1082616,Kings XI Punjab,WP Saha,10,5,0,1
1082617,Kolkata Knight Riders,C de Grandhomme,0,2,0,0
1082617,Kolkata Knight Riders,CR Woakes,18,21,3,0
1082617,Kolkata Knight Riders,G Gambhir,14,11,1,1
1082617,Kolkata Knight Riders,Kuldeep Yadav,4,7,0,0
1082617,Kolkata Knight Riders,MK Pandey,15,16,1,0
1082617,Kolkata Knight Riders,NM Coulter-Nile,2,3,0,0
1082617,Kolkata Knight Riders,RV Uthappa,11,9,2,0
1082617,Kolkata Knight Riders,SA Yadav,15,19,1,0
1082617,Kolkata Knight Riders,SP Narine,34,17,6,1
1082617,Kolkata Knight Riders,UT Yadav,2,4,0,0
1082617,Kolkata Knight Riders,YK Pathan,8,8,0,0
1082617,Royal Challengers Bangalore,AB de Villiers,8,6,2,0
1082617,Royal Challengers Bangalore,CH Gayle,7,16,1,0
1082617,Royal Challengers Bangalore,KM Jadhav,9,6,2,0
1082617,Royal Challengers Bangalore,Mandeep Singh,1,3,0,0
1082617,Royal Challengers Bangalore,P Negi,2,3,0,0
1082617,Royal Challengers Bangalore,S Aravind,5,4,1,0
1082617,Royal Challengers Bangalore,S Badree,0,3,0,0
1082617,Royal Challengers Bangalore,STR Binny,8,9,2,0
1082617,Royal Challengers Bangalore,TS Mills,2,5,0,0
1082617,Royal Challengers Bangalore,V Kohli,0,1,0,0
1082617,Royal Challengers Bangalore,YS Chahal,0,2,0,0
1082618,Mumbai Indians,HH Pandya,13,11,2,0
1082618,Mumbai Indians,Harbhajan Singh,7,2,0,1
1082618,Mumbai Indians,JC Buttler,17,13,3,0
1082618,Mumbai Indians,KA Pollard,9,9,1,0
1082618,Mumbai Indians,KV Sharma,11,10,0,1
1082618,Mumbai Indians,N Rana,3,9,0,0
1082618,Mumbai Indians,PA Patel,33,27,4,0
1082618,Mumbai Indians,RG Sharma,58,39,6,3
1082618,Rising Pune Supergiant,AM Rahane,38,32,5,1
1082618,Rising Pune Supergiant,BA Stokes,17,12,2,0
1082618,Rising Pune Supergiant,DT Christian,8,7,1,0
1082618,Rising Pune Supergiant,MK Tiwary,22,13,4,0
1082618,Rising Pune Supergiant,MS Dhoni,7,11,0,0
1082618,Rising Pune Supergiant,RA Tripathi,45,31,3,2
1082618,Rising Pune Supergiant,SPD Smith,17,12,2,0
1082618,Rising Pune Supergiant,Washington Sundar,2,2,0,0
1082620,Kolkata Knight Riders,DM Bravo,6,5,1,0
1082620,Kolkata Knight Riders,G Gambhir,62,46,6,1
1082620,Kolkata Knight Riders,RV Uthappa,87,47,7,6
1082620,Kolkata Knight Riders,SP Narine,16,11,3,0
1082620,Rising Pune Supergiant,AM Rahane,46,41,4,1
1082620,Rising Pune Supergiant,DT Christian,16,6,0,2
1082620,Rising Pune Supergiant,MK Tiwary,1,2,0,0
1082620,Rising Pune Supergiant,MS Dhoni,23,11,1,2
1082620,Rising Pune Supergiant,RA Tripathi,38,23,7,0
1082620,Rising Pune Supergiant,SPD Smith,51,37,4,1
1082621,Gujarat Lions,AJ Finch,72,34,5,6
1082621,Gujarat Lions,BB McCullum,3,6,0,0
1082621,Gujarat Lions,Ishan Kishan,16,11,4,0
1082621,Gujarat Lions,RA Jadeja,2,4,0,0
1082621,Gujarat Lions,SK Raina,34,28,4,1
1082621,Royal Challengers Bangalore,A Choudhary,15,12,1,0
1082621,Royal Challengers Bangalore,AB de Villiers,5,11,0,0
1082621,Royal Challengers Bangalore,CH Gayle,8,11,1,0
1082621,Royal Challengers Bangalore,KM Jadhav,31,18,4,1
1082621,Royal Challengers Bangalore,Mandeep Singh,8,14,0,0
1082621,Royal Challengers Bangalore,P Negi,32,19,3,2
1082621,Royal Challengers Bangalore,S Aravind,9,16,0,0
1082621,Royal Challengers Bangalore,S Badree,3,3,0,0
1082621,Royal Challengers Bangalore,TM Head,0,1,0,0
1082621,Royal Challengers Bangalore,V Kohli,10,13,0,1
1082621,Royal Challengers Bangalore,YS Chahal,1,2,0,0
1082622,Delhi Daredevils,AR Bawne,12,12,1,0
1082622,Delhi Daredevils,CH Morris,11,10,1,0
1082622,Delhi Daredevils,CJ Anderson,2,5,0,0
1082622,Delhi Daredevils,KK Nair,15,17,3,0
1082622,Delhi Daredevils,RR Pant,6,4,1,0
1082622,Delhi Daredevils,SS Iyer,47,34,4,1
1082622,Delhi Daredevils,SV Samson,60,38,4,3
1082622,Kolkata Knight Riders,G Gambhir,71,52,11,0
1082622,Kolkata Knight Riders,MK Pandey,5,4,1,0
1082622,Kolkata Knight Riders,RV Uthappa,59,33,5,4
1082622,Kolkata Knight Riders,SP Jackson,12,5,2,0
1082622,Kolkata Knight Riders,SP Narine,4,4,1,0
1082623,Kings XI Punjab,AR Patel,16,9,2,0
1082623,Kings XI Punjab,Anureet Singh,15,12,2,0
1082623,Kings XI Punjab,EJG Morgan,26,21,2,1
1082623,Kings XI Punjab,GJ Maxwell,0,2,0,0
1082623,Kings XI Punjab,I Sharma,5,2,1,0
1082623,Kings XI Punjab,M Vohra,3,6,0,0
1082623,Kings XI Punjab,MJ Guptill,23,11,4,1
1082623,Kings XI Punjab,MM Sharma,2,4,0,0
1082623,Kings XI Punjab,SE Marsh,84,49,14,2
1082623,Kings XI Punjab,WP Saha,2,4,0,0
1082623,Sunrisers Hyderabad,DA Warner,51,27,4,4
1082623,Sunrisers Hyderabad,KS Williamson,54,27,4,2
1082623,Sunrisers Hyderabad,MC Henriques,7,6,0,0
1082623,Sunrisers Hyderabad,S Dhawan,77,48,9,1
1082623,Sunrisers Hyderabad,Yuvraj Singh,15,12,2,0
1082624,Rising Pune Supergiant,AM Rahane,6,8,0,0
1082624,Rising Pune Supergiant,MK Tiwary,44,35,4,1
1082624,Rising Pune Supergiant,MS Dhoni,21,17,1,1
1082624,Rising Pune Supergiant,RA Tripathi,37,28,4,1
1082624,Rising Pune Supergiant,SPD Smith,45,32,5,1
1082624,Royal Challengers Bangalore,AB de Villiers,3,8,0,0
1082624,Royal Challengers Bangalore,AF Milne,5,8,0,0
1082624,Royal Challengers Bangalore,KM Jadhav,7,12,1,0
1082624,Royal Challengers Bangalore,P Negi,3,7,0,0
1082624,Royal Challengers Bangalore,S Aravind,8,5,1,0
1082624,Royal Challengers Bangalore,S Badree,2,7,0,0
1082624,Royal Challengers Bangalore,STR Binny,1,7,0,0
1082624,Royal Challengers Bangalore,Sachin Baby,2,4,0,0
1082624,Royal Challengers Bangalore,TM Head,2,5,0,0
1082624,Royal Challengers Bangalore,V Kohli,55,48,4,1
1082624,Royal Challengers Bangalore,YS Chahal,4,9,0,0
1082625,Gujarat Lions,AJ Finch,1,6,0,0
1082625,Gujarat Lions,AJ Tye,25,11,2,2
1082625,Gujarat Lions,Ankit Soni,7,2,0,1
1082625,Gujarat Lions,BB McCullum,7,7,1,0
1082625,Gujarat Lions,Basil Thampi,2,4,0,0
1082625,Gujarat Lions,IK Pathan,2,3,0,0
1082625,Gujarat Lions,Ishan Kishan,48,35,6,2
1082625,Gujarat Lions,JP Faulkner,21,26,2,0
1082625,Gujarat Lions,KD Karthik,2,8,0,0
1082625,Gujarat Lions,RA Jadeja,28,21,2,1
1082625,Gujarat Lions,SK Raina,1,3,0,0
1082625,Mumbai Indians,HH Pandya,4,5,0,0
1082625,Mumbai Indians,Harbhajan Singh,0,1,0,0
1082625,Mumbai Indians,JC Buttler,10,9,2,0
1082625,Mumbai Indians,JJ Bumrah,0,1,0,0
1082625,Mumbai Indians,KA Pollard,25,14,3,1
1082625,Mumbai Indians,KH Pandya,29,20,2,1
1082625,Mumbai Indians,MJ McClenaghan,1,1,0,0
1082625,Mumbai Indians,N Rana,19,16,1,1
1082625,Mumbai Indians,PA Patel,70,44,9,1
1082625,Mumbai Indians,RG Sharma,5,13,0,0
1082625,Mumbai Indians,SL Malinga,0,1,0,0
1082626,Delhi Daredevils,A Mishra,4,9,0,0
1082626,Delhi Daredevils,CH Morris,2,5,0,0
1082626,Delhi Daredevils,CJ Anderson,18,25,0,1
1082626,Delhi Daredevils,K Rabada,11,20,1,0
1082626,Delhi Daredevils,KK Nair,11,10,0,1
1082626,Delhi Daredevils,Mohammed Shami,2,4,0,0
1082626,Delhi Daredevils,RR Pant,3,6,0,0
1082626,Delhi Daredevils,S Nadeem,0,1,0,0
1082626,Delhi Daredevils,SS Iyer,6,7,1,0
1082626,Delhi Daredevils,SV Samson,5,14,1,0
1082626,Delhi Daredevils,SW Billings,0,2,0,0
1082626,Kings XI Punjab,HM Amla,16,20,1,0
1082626,Kings XI Punjab,MJ Guptill,50,27,6,3
1082627,Kolkata Knight Riders,C de Grandhomme,18,15,1,1
1082627,Kolkata Knight Riders,CR Woakes,6,3,1,0
1082627,Kolkata Knight Riders,G Gambhir,11,11,2,0
1082627,Kolkata Knight Riders,MK Pandey,39,29,3,0
1082627,Kolkata Knight Riders,RV Uthappa,53,28,4,4
1082627,Kolkata Knight Riders,SP Jackson,16,17,1,0
1082627,Kolkata Knight Riders,SP Narine,1,4,0,0
1082627,Kolkata Knight Riders,YK Pathan,12,13,0,0
1082627,Sunrisers Hyderabad,DA Warner,126,59,10,8
1082627,Sunrisers Hyderabad,KS Williamson,40,25,5,0
1082627,Sunrisers Hyderabad,S Dhawan,29,30,2,1
1082627,Sunrisers Hyderabad,Yuvraj Singh,6,6,0,0
1082628,Mumbai Indians,HH Pandya,14,9,0,1
1082628,Mumbai Indians,JC Buttler,33,21,4,1
1082628,Mumbai Indians,KA Pollard,17,13,2,0
1082628,Mumbai Indians,KH Pandya,2,2,0,0
1082628,Mumbai Indians,KV Sharma,9,8,1,0
1082628,Mumbai Indians,N Rana,27,28,4,0
1082628,Mumbai Indians,PA Patel,0,1,0,0
1082628,Mumbai Indians,RG Sharma,56,37,6,1
1082628,Royal Challengers Bangalore,AB de Villiers,43,27,3,3
1082628,Royal Challengers Bangalore,AF Milne,0,1,0,0
1082628,Royal Challengers Bangalore,KM Jadhav,28,22,2,0
1082628,Royal Challengers Bangalore,Mandeep Singh,17,13,3,0
1082628,Royal Challengers Bangalore,P Negi,35,23,1,3
1082628,Royal Challengers Bangalore,SR Watson,3,5,0,0
1082628,Royal Challengers Bangalore,TM Head,12,15,1,0
1082628,Royal Challengers Bangalore,V Kohli,20,14,0,2
1082629,Gujarat Lions,AJ Finch,13,6,1,1
1082629,Gujarat Lions,Ankit Soni,0,1,0,0
1082629,Gujarat Lions,BB McCullum,45,27,5,2
1082629,Gujarat Lions,Basil Thampi,2,5,0,0
1082629,Gujarat Lions,DR Smith,0,1,0,0
1082629,Gujarat Lions,Ishan Kishan,31,24,3,2
1082629,Gujarat Lions,JP Faulkner,6,7,0,0
1082629,Gujarat Lions,KD Karthik,29,26,3,0
1082629,Gujarat Lions,PJ Sangwan,1,2,0,0
1082629,Gujarat Lions,RA Jadeja,19,12,3,0
1082629,Gujarat Lions,SK Raina,8,8,0,0
1082629,Rising Pune Supergiant,AM Rahane,4,4,1,0
1082629,Rising Pune Supergiant,BA Stokes,103,63,7,6
1082629,Rising Pune Supergiant,DT Christian,17,8,1,1
1082629,Rising Pune Supergiant,MK Tiwary,0,2,0,0
1082629,Rising Pune Supergiant,MS Dhoni,26,33,1,1
1082629,Rising Pune Supergiant,RA Tripathi,6,7,1,0
1082629,Rising Pune Supergiant,SPD Smith,4,2,1,0
1082630,Delhi Daredevils,CH Morris,15,7,1,1
1082630,Delhi Daredevils,CJ Anderson,41,24,2,3
1082630,Delhi Daredevils,KK Nair,39,20,5,2
1082630,Delhi Daredevils,RR Pant,34,20,4,1
1082630,Delhi Daredevils,SS Iyer,33,25,1,2
1082630,Delhi Daredevils,SV Samson,24,19,2,1
1082630,Sunrisers Hyderabad,DA Warner,30,21,4,1
1082630,Sunrisers Hyderabad,KS Williamson,24,24,1,1
1082630,Sunrisers Hyderabad,MC Henriques,25,18,2,0
1082630,Sunrisers Hyderabad,S Dhawan,28,17,4,1
1082630,Sunrisers Hyderabad,Yuvraj Singh,70,40,11,1
1082631,Kolkata Knight Riders,C de Grandhomme,36,19,3,2
1082631,Kolkata Knight Riders,CR Woakes,1,3,0,0
1082631,Kolkata Knight Riders,G Gambhir,24,19,3,1
1082631,Kolkata Knight Riders,MK Pandey,37,32,4,1
1082631,Kolkata Knight Riders,NM Coulter-Nile,6,5,0,1
1082631,Kolkata Knight Riders,SA Yadav,30,16,2,2
1082631,Kolkata Knight Riders,SP Jackson,10,9,2,0
1082631,Kolkata Knight Riders,SP Narine,0,6,0,0
1082631,Kolkata Knight Riders,UT Yadav,2,2,0,0
1082631,Kolkata Knight Riders,YK Pathan,4,9,0,0
1082631,Rising Pune Supergiant,AM Rahane,11,9,2,0
1082631,Rising Pune Supergiant,BA Stokes,14,15,1,0
1082631,Rising Pune Supergiant,DT Christian,9,10,0,1
1082631,Rising Pune Supergiant,MK Tiwary,8,9,1,0
1082631,Rising Pune Supergiant,MS Dhoni,5,9,0,0
1082631,Rising Pune Supergiant,RA Tripathi,93,52,9,7
1082631,Rising Pune Supergiant,SPD Smith,9,9,0,1
1082631,Rising Pune Supergiant,Washington Sundar,1,3,0,0
1082632,Delhi Daredevils,CJ Anderson,18,12,0,2
1082632,Delhi Daredevils,KK Nair,12,11,2,0
1082632,Delhi Daredevils,RR Pant,97,43,6,9
1082632,Delhi Daredevils,SS Iyer,14,8,0,2
1082632,Delhi Daredevils,SV Samson,61,31,0,7
1082632,Gujarat Lions,AJ Finch,27,19,4,0
1082632,Gujarat Lions,BB McCullum,1,3,0,0
1082632,Gujarat Lions,DR Smith,9,4,2,0
1082632,Gujarat Lions,Ishan Kishan,4,6,0,0
1082632,Gujarat Lions,JP Faulkner,1,3,0,0
1082632,Gujarat Lions,KD Karthik,65,34,5,5
1082632,Gujarat Lions,PJ Sangwan,1,1,0,0
1082632,Gujarat Lions,RA Jadeja,18,7,0,2
1082632,Gujarat Lions,SK Raina,77,43,5,4
1082633,Kings XI Punjab,AR Patel,38,17,3,2
1082633,Kings XI Punjab,GJ Maxwell,6,11,1,0
1082633,Kings XI Punjab,HM Amla,1,3,0,0
1082633,Kings XI Punjab,M Vohra,25,28,1,1
1082633,Kings XI Punjab,MJ Guptill,9,10,1,0
1082633,Kings XI Punjab,MM Sharma,6,4,1,0
1082633,Kings XI Punjab,SE Marsh,20,17,3,0
1082633,Kings XI Punjab,VR Aaron,0,5,0,0
1082633,Kings XI Punjab,WP Saha,21,25,1,0
1082633,Royal Challengers Bangalore,A Choudhary,4,6,0,0
1082633,Royal Challengers Bangalore,AB de Villiers,10,6,1,1
1082633,Royal Challengers Bangalore,CH Gayle,0,2,0,0
1082633,Royal Challengers Bangalore,KM Jadhav,6,6,1,0
1082633,Royal Challengers Bangalore,Mandeep Singh,46,40,5,2
1082633,Royal Challengers Bangalore,P Negi,21,23,2,0
1082633,Royal Challengers Bangalore,S Aravind,4,6,0,0
1082633,Royal Challengers Bangalore,S Badree,8,9,0,0
1082633,Royal Challengers Bangalore,SR Watson,3,6,0,0
1082633,Royal Challengers Bangalore,V Kohli,6,6,1,0
1082633,Royal Challengers Bangalore,YS Chahal,4,4,0,0
1082634,Rising Pune Supergiant,AM Rahane,22,20,0,1
1082634,Rising Pune Supergiant,BA Stokes,39,25,1,3
1082634,Rising Pune Supergiant,DT Christian,4,2,1,0
1082634,Rising Pune Supergiant,MK Tiwary,9,5,1,0
1082634,Rising Pune Supergiant,MS Dhoni,31,21,2,2
1082634,Rising Pune Supergiant,RA Tripathi,1,4,0,0
1082634,Rising Pune Supergiant,SN Thakur,0,1,0,0
1082634,Rising Pune Supergiant,SPD Smith,34,39,0,0
1082634,Rising Pune Supergiant,Washington Sundar,1,3,0,0
1082634,Sunrisers Hyderabad,B Kumar,0,1,0,0
1082634,Sunrisers Hyderabad,Bipul Sharma,8,7,0,0
1082634,Sunrisers Hyderabad,DA Warner,40,34,4,1
1082634,Sunrisers Hyderabad,KS Williamson,4,2,1,0
1082634,Sunrisers Hyderabad,MC Henriques,4,6,0,0
1082634,Sunrisers Hyderabad,NV Ojha,9,9,0,1
1082634,Sunrisers Hyderabad,Rashid Khan,3,4,0,0
1082634,Sunrisers Hyderabad,S Dhawan,19,12,2,1
1082634,Sunrisers Hyderabad,S Kaul,0,2,0,0
1082634,Sunrisers Hyderabad,Yuvraj Singh,47,43,4,2
1082635,Delhi Daredevils,A Mishra,9,14,0,0
1082635,Delhi Daredevils,CJ Anderson,10,8,2,0
1082635,Delhi Daredevils,K Rabada,0,5,0,0
1082635,Delhi Daredevils,KK Nair,21,15,3,1
1082635,Delhi Daredevils,MN Samuels,1,5,0,0
1082635,Delhi Daredevils,Mohammed Shami,7,4,0,1
1082635,Delhi Daredevils,PJ Cummins,10,10,0,1
1082635,Delhi Daredevils,RR Pant,0,3,0,0
1082635,Delhi Daredevils,SS Iyer,3,6,0,0
1082635,Delhi Daredevils,SV Samson,0,1,0,0
1082635,Delhi Daredevils,Z Khan,2,11,0,0
1082635,Mumbai Indians,HH Pandya,29,14,1,3
1082635,Mumbai Indians,KA Pollard,63,35,5,4
1082635,Mumbai Indians,LMP Simmons,66,43,5,4
1082635,Mumbai Indians,PA Patel,25,22,3,0
1082635,Mumbai Indians,RG Sharma,10,6,1,0
1082636,Kolkata Knight Riders,C de Grandhomme,31,28,1,2
1082636,Kolkata Knight Riders,CA Lynn,50,22,5,4
1082636,Kolkata Knight Riders,G Gambhir,14,16,0,0
1082636,Kolkata Knight Riders,MK Pandey,4,3,0,0
1082636,Kolkata Knight Riders,SP Narine,54,17,6,4
1082636,Kolkata Knight Riders,YK Pathan,0,5,0,0
1082636,Royal Challengers Bangalore,AB de Villiers,10,8,2,0
1082636,Royal Challengers Bangalore,CH Gayle,0,1,0,0
1082636,Royal Challengers Bangalore,KM Jadhav,8,9,1,0
1082636,Royal Challengers Bangalore,Mandeep Singh,52,43,4,1
1082636,Royal Challengers Bangalore,P Negi,5,3,1,0
1082636,Royal Challengers Bangalore,TM Head,75,47,3,5
1082636,Royal Challengers Bangalore,V Kohli,5,9,0,0
1082637,Gujarat Lions,AJ Finch,2,2,0,0
1082637,Gujarat Lions,DR Smith,74,39,8,4
1082637,Gujarat Lions,Ishan Kishan,29,23,3,0
1082637,Gujarat Lions,KD Karthik,35,23,2,1
1082637,Gujarat Lions,RA Jadeja,7,6,0,0
1082637,Gujarat Lions,SK Raina,39,25,4,1
1082637,Kings XI Punjab,AR Patel,2,1,0,0
1082637,Kings XI Punjab,GJ Maxwell,20,11,0,2
1082637,Kings XI Punjab,HM Amla,104,60,8,5
1082637,Kings XI Punjab,MJ Guptill,2,5,0,0
1082637,Kings XI Punjab,SE Marsh,58,43,6,0
1082638,Mumbai Indians,HH Pandya,15,24,0,0
1082638,Mumbai Indians,Harbhajan Singh,1,3,0,0
1082638,Mumbai Indians,KA Pollard,5,9,0,0
1082638,Mumbai Indians,KV Sharma,5,5,1,0
1082638,Mumbai Indians,LMP Simmons,1,5,0,0
1082638,Mumbai Indians,MJ McClenaghan,2,1,0,0
1082638,Mumbai Indians,N Rana,9,11,2,0
1082638,Mumbai Indians,PA Patel,23,17,1,1
1082638,Mumbai Indians,RG Sharma,67,45,6,2
1082638,Sunrisers Hyderabad,DA Warner,6,6,1,0
1082638,Sunrisers Hyderabad,MC Henriques,44,35,6,0
1082638,Sunrisers Hyderabad,S Dhawan,62,46,4,2
1082638,Sunrisers Hyderabad,V Shankar,15,12,1,0
1082638,Sunrisers Hyderabad,Yuvraj Singh,9,11,1,0
1082639,Kings XI Punjab,AR Patel,8,10,0,0
1082639,Kings XI Punjab,GJ Maxwell,44,25,1,4
1082639,Kings XI Punjab,M Vohra,25,16,4,0
1082639,Kings XI Punjab,MJ Guptill,12,16,1,0
1082639,Kings XI Punjab,R Tewatia,15,8,3,0
1082639,Kings XI Punjab,SE Marsh,11,10,2,0
1082639,Kings XI Punjab,Swapnil Singh,2,2,0,0
1082639,Kings XI Punjab,WP Saha,38,33,2,1
1082639,Kolkata Knight Riders,C de Grandhomme,11,7,1,0
1082639,Kolkata Knight Riders,CA Lynn,84,52,8,3
1082639,Kolkata Knight Riders,CR Woakes,8,6,0,1
1082639,Kolkata Knight Riders,G Gambhir,8,18,0,0
1082639,Kolkata Knight Riders,MK Pandey,18,23,1,0
1082639,Kolkata Knight Riders,RV Uthappa,0,1,0,0
1082639,Kolkata Knight Riders,SP Narine,18,10,4,0
1082639,Kolkata Knight Riders,YK Pathan,2,3,0,0
1082640,Delhi Daredevils,A Mishra,8,2,2,0
1082640,Delhi Daredevils,CJ Anderson,6,6,1,0
1082640,Delhi Daredevils,CR Brathwaite,11,10,2,0
1082640,Delhi Daredevils,KK Nair,30,15,5,1
1082640,Delhi Daredevils,MN Samuels,1,4,0,0
1082640,Delhi Daredevils,Mohammed Shami,4,2,1,0
1082640,Delhi Daredevils,PJ Cummins,24,13,2,1
1082640,Delhi Daredevils,RR Pant,4,2,1,0
1082640,Delhi Daredevils,SS Iyer,96,57,15,2
1082640,Delhi Daredevils,SV Samson,10,7,2,0
1082640,Gujarat Lions,AJ Finch,69,39,6,4
1082640,Gujarat Lions,DR Smith,8,8,1,0
1082640,Gujarat Lions,Ishan Kishan,34,25,5,1
1082640,Gujarat Lions,JP Faulkner,14,8,1,0
1082640,Gujarat Lions,KD Karthik,40,28,4,1
1082640,Gujarat Lions,RA Jadeja,13,7,2,0
1082640,Gujarat Lions,SK Raina,6,5,1,0
1082641,Kings XI Punjab,AR Patel,19,13,0,1
1082641,Kings XI Punjab,GJ Maxwell,47,21,2,5
1082641,Kings XI Punjab,MJ Guptill,36,17,5,1
1082641,Kings XI Punjab,SE Marsh,25,15,0,2
1082641,Kings XI Punjab,WP Saha,93,54,11,3
1082641,Mumbai Indians,HH Pandya,30,13,0,4
1082641,Mumbai Indians,Harbhajan Singh,2,4,0,0
1082641,Mumbai Indians,KA Pollard,50,24,1,5
1082641,Mumbai Indians,KV Sharma,19,6,3,1
1082641,Mumbai Indians,LMP Simmons,59,32,5,4
1082641,Mumbai Indians,N Rana,12,11,2,0
1082641,Mumbai Indians,PA Patel,38,23,7,0
1082641,Mumbai Indians,RG Sharma,5,7,0,0
1082642,Delhi Daredevils,A Mishra,13,9,0,1
1082642,Delhi Daredevils,CJ Anderson,3,5,0,0
1082642,Delhi Daredevils,KK Nair,64,45,9,0
1082642,Delhi Daredevils,MN Samuels,27,21,1,2
1082642,Delhi Daredevils,Mohammed Shami,2,4,0,0
1082642,Delhi Daredevils,PJ Cummins,11,6,0,1
1082642,Delhi Daredevils,RR Pant,36,22,4,2
1082642,Delhi Daredevils,SS Iyer,3,4,0,0
1082642,Delhi Daredevils,SV Samson,2,4,0,0
1082642,Rising Pune Supergiant,AM Rahane,0,1,0,0
1082642,Rising Pune Supergiant,BA Stokes,33,25,3,2
1082642,Rising Pune Supergiant,DT Christian,3,3,0,0
1082642,Rising Pune Supergiant,MK Tiwary,60,45,5,3
1082642,Rising Pune Supergiant,MS Dhoni,5,5,0,0
1082642,Rising Pune Supergiant,RA Tripathi,7,6,1,0
1082642,Rising Pune Supergiant,SPD Smith,38,32,4,1
1082642,Rising Pune Supergiant,Washington Sundar,5,3,0,0
1082643,Gujarat Lions,AJ Finch,2,3,0,0
1082643,Gujarat Lions,Ankit Soni,0,6,0,0
1082643,Gujarat Lions,DR Smith,54,33,7,2
1082643,Gujarat Lions,Ishan Kishan,61,40,5,4
1082643,Gujarat Lions,JP Faulkner,8,10,1,0
1082643,Gujarat Lions,KD Karthik,0,1,0,0
1082643,Gujarat Lions,MM Patel,0,1,0,0
1082643,Gujarat Lions,P Kumar,1,2,0,0
1082643,Gujarat Lions,PJ Sangwan,0,1,0,0
1082643,Gujarat Lions,RA Jadeja,20,14,2,0
1082643,Gujarat Lions,SK Raina,2,5,0,0
1082643,Sunrisers Hyderabad,DA Warner,69,52,9,0
1082643,Sunrisers Hyderabad,MC Henriques,4,2,1,0
1082643,Sunrisers Hyderabad,S Dhawan,18,11,4,0
1082643,Sunrisers Hyderabad,V Shankar,63,44,9,0
1082644,Kolkata Knight Riders,C de Grandhomme,29,16,4,1
1082644,Kolkata Knight Riders,CA Lynn,26,14,3,2
1082644,Kolkata Knight Riders,G Gambhir,21,16,3,1
1082644,Kolkata Knight Riders,Kuldeep Yadav,16,15,2,0
1082644,Kolkata Knight Riders,MK Pandey,33,32,2,0
1082644,Kolkata Knight Riders,RV Uthappa,2,4,0,0
1082644,Kolkata Knight Riders,SP Narine,0,4,0,0
1082644,Kolkata Knight Riders,TA Boult,5,8,0,0
1082644,Kolkata Knight Riders,UT Yadav,4,4,0,0
1082644,Kolkata Knight Riders,YK Pathan,20,7,0,3
1082644,Mumbai Indians,AT Rayudu,63,37,6,3
1082644,Mumbai Indians,HH Pandya,1,2,0,0
1082644,Mumbai Indians,KA Pollard,13,11,0,1
1082644,Mumbai Indians,KH Pandya,0,1,0,0
1082644,Mumbai Indians,LMP Simmons,0,5,0,0
1082644,Mumbai Indians,RG Sharma,27,21,4,1
1082644,Mumbai Indians,SS Tiwary,52,43,9,0
1082645,Kings XI Punjab,AR Patel,22,20,1,1
1082645,Kings XI Punjab,EJG Morgan,4,4,1,0
1082645,Kings XI Punjab,GJ Maxwell,0,3,0,0
1082645,Kings XI Punjab,I Sharma,1,5,0,0
1082645,Kings XI Punjab,MJ Guptill,0,1,0,0
1082645,Kings XI Punjab,MM Sharma,6,12,0,0
1082645,Kings XI Punjab,R Tewatia,4,3,1,0
1082645,Kings XI Punjab,SE Marsh,10,13,2,0
1082645,Kings XI Punjab,Swapnil Singh,10,17,0,0
1082645,Kings XI Punjab,WP Saha,13,17,0,1
1082645,Rising Pune Supergiant,AM Rahane,34,34,1,1
1082645,Rising Pune Supergiant,RA Tripathi,28,20,4,1
1082645,Rising Pune Supergiant,SPD Smith,15,18,0,0
1082646,Delhi Daredevils,A Mishra,7,4,0,1
1082646,Delhi Daredevils,CJ Anderson,3,9,0,0
1082646,Delhi Daredevils,KK Nair,26,22,5,0
1082646,Delhi Daredevils,MN Samuels,0,1,0,0
1082646,Delhi Daredevils,Mohammed Shami,21,9,3,1
1082646,Delhi Daredevils,PJ Cummins,7,3,0,1
1082646,Delhi Daredevils,RR Pant,45,33,3,2
1082646,Delhi Daredevils,S Nadeem,2,6,0,0
1082646,Delhi Daredevils,SS Iyer,32,30,2,1
1082646,Delhi Daredevils,SV Samson,0,2,0,0
1082646,Delhi Daredevils,Z Khan,1,1,0,0
1082646,Royal Challengers Bangalore,CH Gayle,48,38,3,3
1082646,Royal Challengers Bangalore,KM Jadhav,12,9,0,1
1082646,Royal Challengers Bangalore,P Negi,13,5,3,0
1082646,Royal Challengers Bangalore,SR Watson,4,4,0,0
1082646,Royal Challengers Bangalore,Sachin Baby,12,8,2,0
1082646,Royal Challengers Bangalore,TM Head,2,2,0,0
1082646,Royal Challengers Bangalore,V Kohli,58,45,3,3
1082646,Royal Challengers Bangalore,Vishnu Vinod,3,9,0,0
1082647,Mumbai Indians,AT Rayudu,0,3,0,0
1082647,Mumbai Indians,HH Pandya,14,10,1,1
1082647,Mumbai Indians,JJ Bumrah,16,11,0,1
1082647,Mumbai Indians,KA Pollard,7,10,1,0
1082647,Mumbai Indians,KH Pandya,15,11,2,0
1082647,Mumbai Indians,KV Sharma,4,7,0,0
1082647,Mumbai Indians,LMP Simmons,5,13,0,0
1082647,Mumbai Indians,MJ McClenaghan,12,11,0,1
1082647,Mumbai Indians,PA Patel,52,40,3,3
1082647,Mumbai Indians,RG Sharma,1,2,0,0
1082647,Mumbai Indians,SL Malinga,7,2,0,1
1082647,Rising Pune Supergiant,AM Rahane,56,43,5,1
1082647,Rising Pune Supergiant,MK Tiwary,58,47,4,2
1082647,Rising Pune Supergiant,MS Dhoni,40,26,0,5
1082647,Rising Pune Supergiant,RA Tripathi,0,2,0,0
1082647,Rising Pune Supergiant,SPD Smith,1,2,0,0
1082648,Kolkata Knight Riders,CA Lynn,6,2,0,1
1082648,Kolkata Knight Riders,G Gambhir,32,19,2,2
1082648,Kolkata Knight Riders,IR Jaggi,5,8,0,0
1082648,Kolkata Knight Riders,RV Uthappa,1,2,0,0
1082648,Kolkata Knight Riders,YK Pathan,0,1,0,0
1082648,Sunrisers Hyderabad,Bipul Sharma,2,3,0,0
1082648,Sunrisers Hyderabad,CJ Jordan,0,1,0,0
1082648,Sunrisers Hyderabad,DA Warner,37,35,2,2
1082648,Sunrisers Hyderabad,KS Williamson,24,26,2,1
1082648,Sunrisers Hyderabad,NV Ojha,16,16,0,1
1082648,Sunrisers Hyderabad,S Dhawan,11,13,1,0
1082648,Sunrisers Hyderabad,V Shankar,22,17,2,1
1082648,Sunrisers Hyderabad,Yuvraj Singh,9,9,2,0
1082649,Kolkata Knight Riders,AS Rajpoot,4,7,1,0
1082649,Kolkata Knight Riders,C de Grandhomme,0,1,0,0
1082649,Kolkata Knight Riders,CA Lynn,4,8,0,0
1082649,Kolkata Knight Riders,G Gambhir,12,15,2,0
1082649,Kolkata Knight Riders,IR Jaggi,28,31,3,0
1082649,Kolkata Knight Riders,NM Coulter-Nile,6,4,0,1
1082649,Kolkata Knight Riders,PP Chawla,2,6,0,0
1082649,Kolkata Knight Riders,RV Uthappa,1,3,0,0
1082649,Kolkata Knight Riders,SA Yadav,31,25,2,1
1082649,Kolkata Knight Riders,SP Narine,10,10,0,1
1082649,Kolkata Knight Riders,UT Yadav,2,3,0,0
1082649,Mumbai Indians,AT Rayudu,6,11,0,0
1082649,Mumbai Indians,KA Pollard,9,7,1,0
1082649,Mumbai Indians,KH Pandya,45,30,8,0
1082649,Mumbai Indians,LMP Simmons,3,6,0,0
1082649,Mumbai Indians,PA Patel,14,9,3,0
1082649,Mumbai Indians,RG Sharma,26,24,1,1
1082650,Mumbai Indians,AT Rayudu,12,15,1,0
1082650,Mumbai Indians,HH Pandya,10,9,0,1
1082650,Mumbai Indians,KA Pollard,7,3,0,1
1082650,Mumbai Indians,KH Pandya,47,38,3,2
1082650,Mumbai Indians,KV Sharma,1,5,0,0
1082650,Mumbai Indians,LMP Simmons,3,8,0,0
1082650,Mumbai Indians,MG Johnson,13,14,0,1
1082650,Mumbai Indians,PA Patel,4,6,0,0
1082650,Mumbai Indians,RG Sharma,24,22,4,0
1082650,Rising Pune Supergiant,AM Rahane,44,38,5,0
1082650,Rising Pune Supergiant,DT Christian,4,2,0,0
1082650,Rising Pune Supergiant,MK Tiwary,7,8,1,0
1082650,Rising Pune Supergiant,MS Dhoni,10,13,1,0
1082650,Rising Pune Supergiant,RA Tripathi,3,8,0,0
1082650,Rising Pune Supergiant,SPD Smith,51,50,2,2
1082650,Rising Pune Supergiant,Washington Sundar,0,1,0,0
1136561,Chennai Super Kings,AT Rayudu,22,19,4,0
1136561,Chennai Super Kings,DJ Bravo,68,30,3,7
1136561,Chennai Super Kings,DL Chahar,0,1,0,0
1136561,Chennai Super Kings,Harbhajan Singh,8,5,1,0
1136561,Chennai Super Kings,Imran Tahir,2,2,0,0
1136561,Chennai Super Kings,KM Jadhav,24,21,1,2
1136561,Chennai Super Kings,MA Wood,1,3,0,0
1136561,Chennai Super Kings,MS Dhoni,5,5,0,0
1136561,Chennai Super Kings,RA Jadeja,12,13,1,0
1136561,Chennai Super Kings,SK Raina,4,6,0,0
1136561,Chennai Super Kings,SR Watson,16,14,1,1
1136561,Mumbai Indians,E Lewis,0,2,0,0
1136561,Mumbai Indians,HH Pandya,22,20,2,0
1136561,Mumbai Indians,Ishan Kishan,40,29,4,1
1136561,Mumbai Indians,KH Pandya,41,22,5,2
1136561,Mumbai Indians,RG Sharma,15,18,1,1
1136561,Mumbai Indians,SA Yadav,43,29,6,1
1136562,Delhi Daredevils,C Munro,4,6,0,0
1136562,Delhi Daredevils,CH Morris,27,16,1,1
1136562,Delhi Daredevils,DT Christian,13,12,0,1
1136562,Delhi Daredevils,G Gambhir,55,42,5,1
1136562,Delhi Daredevils,R Tewatia,9,7,1,0
1136562,Delhi Daredevils,RR Pant,28,13,4,1
1136562,Delhi Daredevils,SS Iyer,11,11,0,1
1136562,Delhi Daredevils,V Shankar,13,13,0,0
1136562,Kings XI Punjab,DA Miller,24,23,1,0
1136562,Kings XI Punjab,KK Nair,50,33,5,2
1136562,Kings XI Punjab,KL Rahul,51,16,6,4
1136562,Kings XI Punjab,MA Agarwal,7,5,0,1
1136562,Kings XI Punjab,MP Stoinis,22,14,2,0
1136562,Kings XI Punjab,Yuvraj Singh,12,22,2,0
1136563,Kolkata Knight Riders,AD Russell,15,11,2,1
1136563,Kolkata Knight Riders,CA Lynn,5,8,1,0
1136563,Kolkata Knight Riders,KD Karthik,35,29,4,0
1136563,Kolkata Knight Riders,N Rana,34,25,2,2
1136563,Kolkata Knight Riders,R Vinay Kumar,6,3,1,0
1136563,Kolkata Knight Riders,RK Singh,6,6,1,0
1136563,Kolkata Knight Riders,RV Uthappa,13,12,0,1
1136563,Kolkata Knight Riders,SP Narine,50,19,4,5
1136563,Royal Challengers Bangalore,AB de Villiers,44,23,1,5
1136563,Royal Challengers Bangalore,BB McCullum,43,27,6,2
1136563,Royal Challengers Bangalore,CR Woakes,5,5,1,0
1136563,Royal Challengers Bangalore,Mandeep Singh,37,18,4,2
1136563,Royal Challengers Bangalore,Q de Kock,4,4,1,0
1136563,Royal Challengers Bangalore,SN Khan,6,10,0,0
1136563,Royal Challengers Bangalore,V Kohli,31,33,1,1
1136564,Rajasthan Royals,AM Rahane,13,13,2,0
1136564,Rajasthan Royals,B Laughlin,1,3,0,0
1136564,Rajasthan Royals,BA Stokes,5,8,0,0
1136564,Rajasthan Royals,DJM Short,4,4,1,0
1136564,Rajasthan Royals,DS Kulkarni,3,4,0,0
1136564,Rajasthan Royals,JC Buttler,6,9,0,0
1136564,Rajasthan Royals,JD Unadkat,1,2,0,0
1136564,Rajasthan Royals,K Gowtham,0,2,0,0
1136564,Rajasthan Royals,RA Tripathi,17,15,2,0
1136564,Rajasthan Royals,S Gopal,18,18,2,0
1136564,Rajasthan Royals,SV Samson,49,42,5,0
1136564,Sunrisers Hyderabad,KS Williamson,36,35,3,1
1136564,Sunrisers Hyderabad,S Dhawan,78,56,13,1
1136564,Sunrisers Hyderabad,WP Saha,5,5,1,0
1136565,Chennai Super Kings,AT Rayudu,39,26,3,2
1136565,Chennai Super Kings,DJ Bravo,11,4,0,1
1136565,Chennai Super Kings,MS Dhoni,25,28,1,1
1136565,Chennai Super Kings,RA Jadeja,11,7,0,1
1136565,Chennai Super Kings,SK Raina,14,12,0,1
1136565,Chennai Super Kings,SR Watson,42,19,3,3
1136565,Chennai Super Kings,SW Billings,56,23,2,5
1136565,Kolkata Knight Riders,AD Russell,88,36,1,11
1136565,Kolkata Knight Riders,CA Lynn,22,16,4,0
1136565,Kolkata Knight Riders,KD Karthik,26,25,2,1
1136565,Kolkata Knight Riders,N Rana,16,14,2,0
1136565,Kolkata Knight Riders,RK Singh,2,4,0,0
1136565,Kolkata Knight Riders,RV Uthappa,29,16,2,3
1136565,Kolkata Knight Riders,SP Narine,12,4,0,2
1136565,Kolkata Knight Riders,TK Curran,2,5,0,0
1136566,Delhi Daredevils,CH Morris,17,7,2,1
1136566,Delhi Daredevils,GJ Maxwell,17,12,2,1
1136566,Delhi Daredevils,RR Pant,20,14,3,0
1136566,Delhi Daredevils,V Shankar,3,3,0,0
1136566,Rajasthan Royals,AM Rahane,45,40,5,0
1136566,Rajasthan Royals,BA Stokes,16,12,1,1
1136566,Rajasthan Royals,DJM Short,6,3,1,0
1136566,Rajasthan Royals,JC Buttler,29,18,2,2
1136566,Rajasthan Royals,K Gowtham,2,1,0,0
1136566,Rajasthan Royals,RA Tripathi,15,11,0,1
1136566,Rajasthan Royals,SV Samson,37,22,2,2
1136567,Mumbai Indians,BCJ Cutting,9,9,1,0
1136567,Mumbai Indians,E Lewis,29,17,3,2
1136567,Mumbai Indians,Ishan Kishan,9,9,2,0
1136567,Mumbai Indians,JJ Bumrah,4,4,0,0
1136567,Mumbai Indians,KA Pollard,28,23,3,2
1136567,Mumbai Indians,KH Pandya,15,10,2,0
1136567,Mumbai Indians,M Markande,6,3,1,0
1136567,Mumbai Indians,PJ Sangwan,0,4,0,0
1136567,Mumbai Indians,RG Sharma,11,10,1,1
1136567,Mumbai Indians,SA Yadav,28,31,2,1
1136567,Sunrisers Hyderabad,B Stanlake,5,2,1,0
1136567,Sunrisers Hyderabad,DJ Hooda,32,25,1,1
1136567,Sunrisers Hyderabad,KS Williamson,6,4,1,0
1136567,Sunrisers Hyderabad,MK Pandey,11,8,1,0
1136567,Sunrisers Hyderabad,Rashid Khan,0,1,0,0
1136567,Sunrisers Hyderabad,S Dhawan,45,28,8,0
1136567,Sunrisers Hyderabad,S Kaul,0,4,0,0
1136567,Sunrisers Hyderabad,Sandeep Sharma,0,2,0,0
1136567,Sunrisers Hyderabad,Shakib Al Hasan,12,12,1,0
1136567,Sunrisers Hyderabad,WP Saha,22,20,3,0
1136567,Sunrisers Hyderabad,YK Pathan,14,14,2,0
1136568,Kings XI Punjab,AJ Finch,0,1,0,0
1136568,Kings XI Punjab,AJ Tye,7,7,0,0
1136568,Kings XI Punjab,AR Patel,2,3,0,0
1136568,Kings XI Punjab,KK Nair,29,26,3,0
1136568,Kings XI Punjab,KL Rahul,47,30,2,4
1136568,Kings XI Punjab,MA Agarwal,15,11,3,0
1136568,Kings XI Punjab,MM Sharma,1,2,0,0
1136568,Kings XI Punjab,MP Stoinis,11,9,0,1
1136568,Kings XI Punjab,Mujeeb Ur Rahman,0,2,0,0
1136568,Kings XI Punjab,R Ashwin,33,21,3,1
1136568,Kings XI Punjab,Yuvraj Singh,4,4,1,0
1136568,Royal Challengers Bangalore,AB de Villiers,57,40,2,4
1136568,Royal Challengers Bangalore,BB McCullum,0,1,0,0
1136568,Royal Challengers Bangalore,CR Woakes,1,2,0,0
1136568,Royal Challengers Bangalore,Mandeep Singh,22,19,1,0
1136568,Royal Challengers Bangalore,Q de Kock,45,34,7,1
1136568,Royal Challengers Bangalore,SN Khan,0,1,0,0
1136568,Royal Challengers Bangalore,V Kohli,21,16,4,0
1136568,Royal Challengers Bangalore,Washington Sundar,9,4,2,0
1136569,Delhi Daredevils,G Gambhir,15,16,2,0
1136569,Delhi Daredevils,GJ Maxwell,13,6,1,1
1136569,Delhi Daredevils,JJ Roy,91,53,6,6
1136569,Delhi Daredevils,RR Pant,47,25,6,2
1136569,Delhi Daredevils,SS Iyer,27,20,3,1
1136569,Mumbai Indians,A Dananjaya,4,5,0,0
1136569,Mumbai Indians,E Lewis,48,28,4,4
1136569,Mumbai Indians,HH Pandya,2,3,0,0
1136569,Mumbai Indians,Ishan Kishan,44,23,5,2
1136569,Mumbai Indians,KA Pollard,0,1,0,0
1136569,Mumbai Indians,KH Pandya,11,10,1,0
1136569,Mumbai Indians,M Markande,4,3,0,0
1136569,Mumbai Indians,RG Sharma,18,15,2,0
1136569,Mumbai Indians,SA Yadav,53,32,7,1
1136570,Kolkata Knight Riders,AD Russell,9,5,0,1
1136570,Kolkata Knight Riders,CA Lynn,49,34,7,1
1136570,Kolkata Knight Riders,KD Karthik,29,26,2,1
1136570,Kolkata Knight Riders,MG Johnson,4,4,0,0
1136570,Kolkata Knight Riders,N Rana,18,16,2,1
1136570,Kolkata Knight Riders,RV Uthappa,3,8,0,0
1136570,Kolkata Knight Riders,SP Narine,9,10,1,0
1136570,Kolkata Knight Riders,Shivam Mavi,7,8,0,0
1136570,Kolkata Knight Riders,Shubman Gill,3,9,0,0
1136570,Sunrisers Hyderabad,DJ Hooda,5,9,0,0
1136570,Sunrisers Hyderabad,KS Williamson,50,44,4,1
1136570,Sunrisers Hyderabad,MK Pandey,4,11,0,0
1136570,Sunrisers Hyderabad,S Dhawan,7,7,1,0
1136570,Sunrisers Hyderabad,Shakib Al Hasan,27,21,2,1
1136570,Sunrisers Hyderabad,WP Saha,24,15,5,0
1136570,Sunrisers Hyderabad,YK Pathan,17,7,2,1
1136571,Rajasthan Royals,AM Rahane,36,20,6,1
1136571,Rajasthan Royals,BA Stokes,27,21,2,1
1136571,Rajasthan Royals,DJM Short,11,17,1,0
1136571,Rajasthan Royals,JC Buttler,23,14,2,1
1136571,Rajasthan Royals,RA Tripathi,14,4,1,1
1136571,Rajasthan Royals,SV Samson,92,44,2,10
1136571,Royal Challengers Bangalore,AB de Villiers,20,18,1,1
1136571,Royal Challengers Bangalore,BB McCullum,4,4,1,0
1136571,Royal Challengers Bangalore,CR Woakes,0,1,0,0
1136571,Royal Challengers Bangalore,Mandeep Singh,47,25,6,1
1136571,Royal Challengers Bangalore,P Negi,3,4,0,0
1136571,Royal Challengers Bangalore,Q de Kock,26,19,4,0
1136571,Royal Challengers Bangalore,V Kohli,57,30,7,2
1136571,Royal Challengers Bangalore,Washington Sundar,35,19,1,3
1136572,Chennai Super Kings,AT Rayudu,49,35,5,1
1136572,Chennai Super Kings,DJ Bravo,1,1,0,0
1136572,Chennai Super Kings,M Vijay,12,10,0,1
1136572,Chennai Super Kings,MS Dhoni,79,44,6,5
1136572,Chennai Super Kings,RA Jadeja,19,13,1,1
1136572,Chennai Super Kings,SR Watson,11,9,2,0
1136572,Chennai Super Kings,SW Billings,9,8,1,0
1136572,Kings XI Punjab,AJ Finch,0,1,0,0
1136572,Kings XI Punjab,AJ Tye,3,4,0,0
1136572,Kings XI Punjab,CH Gayle,63,33,7,4
1136572,Kings XI Punjab,KK Nair,29,17,2,1
1136572,Kings XI Punjab,KL Rahul,37,22,7,0
1136572,Kings XI Punjab,MA Agarwal,30,19,1,2
1136572,Kings XI Punjab,R Ashwin,14,11,0,1
1136572,Kings XI Punjab,Yuvraj Singh,20,13,2,1
1136573,Delhi Daredevils,CH Morris,2,3,0,0
1136573,Delhi Daredevils,G Gambhir,8,7,1,0
1136573,Delhi Daredevils,GJ Maxwell,47,22,3,4
1136573,Delhi Daredevils,JJ Roy,1,3,0,0
1136573,Delhi Daredevils,Mohammed Shami,7,6,1,0
1136573,Delhi Daredevils,R Tewatia,1,2,0,0
1136573,Delhi Daredevils,RR Pant,43,26,7,1
1136573,Delhi Daredevils,S Nadeem,6,8,0,0
1136573,Delhi Daredevils,SS Iyer,4,3,1,0
1136573,Delhi Daredevils,TA Boult,0,2,0,0
1136573,Delhi Daredevils,V Shankar,2,4,0,0
1136573,Kolkata Knight Riders,AD Russell,41,12,0,6
1136573,Kolkata Knight Riders,CA Lynn,31,29,4,1
1136573,Kolkata Knight Riders,KD Karthik,19,10,2,1
1136573,Kolkata Knight Riders,N Rana,59,35,5,4
1136573,Kolkata Knight Riders,PP Chawla,0,3,0,0
1136573,Kolkata Knight Riders,RV Uthappa,35,19,2,3
1136573,Kolkata Knight Riders,SP Narine,1,4,0,0
1136573,Kolkata Knight Riders,Shubman Gill,6,5,1,0
1136573,Kolkata Knight Riders,TK Curran,2,3,0,0
1136574,Mumbai Indians,E Lewis,65,42,6,5
1136574,Mumbai Indians,HH Pandya,17,5,1,2
1136574,Mumbai Indians,Ishan Kishan,0,1,0,0
1136574,Mumbai Indians,KA Pollard,5,7,0,0
1136574,Mumbai Indians,KH Pandya,15,12,1,1
1136574,Mumbai Indians,MJ McClenaghan,0,0,0,0
1136574,Mumbai Indians,RG Sharma,94,52,10,5
1136574,Mumbai Indians,SA Yadav,0,1,0,0
1136574,Royal Challengers Bangalore,AB de Villiers,1,2,0,0
1136574,Royal Challengers Bangalore,CJ Anderson,0,1,0,0
1136574,Royal Challengers Bangalore,CR Woakes,11,11,0,1
1136574,Royal Challengers Bangalore,Mandeep Singh,16,14,1,0
1136574,Royal Challengers Bangalore,Mohammed Siraj,8,3,0,1
1136574,Royal Challengers Bangalore,Q de Kock,19,12,2,1
1136574,Royal Challengers Bangalore,SN Khan,5,6,1,0
1136574,Royal Challengers Bangalore,UT Yadav,1,2,0,0
1136574,Royal Challengers Bangalore,V Kohli,92,61,7,4
1136574,Royal Challengers Bangalore,Washington Sundar,7,8,1,0
1136575,Kolkata Knight Riders,CA Lynn,0,2,0,0
1136575,Kolkata Knight Riders,KD Karthik,42,23,2,2
1136575,Kolkata Knight Riders,N Rana,35,27,2,1
1136575,Kolkata Knight Riders,RV Uthappa,48,36,6,2
1136575,Kolkata Knight Riders,SP Narine,35,25,5,1
1136575,Rajasthan Royals,AM Rahane,36,19,5,1
1136575,Rajasthan Royals,BA Stokes,14,11,0,1
1136575,Rajasthan Royals,DJM Short,44,43,5,1
1136575,Rajasthan Royals,DS Kulkarni,3,3,0,0
1136575,Rajasthan Royals,JC Buttler,24,17,2,0
1136575,Rajasthan Royals,K Gowtham,12,7,0,1
1136575,Rajasthan Royals,RA Tripathi,15,11,2,0
1136575,Rajasthan Royals,S Gopal,0,1,0,0
1136575,Rajasthan Royals,SV Samson,7,8,1,0
1136576,Kings XI Punjab,AJ Finch,14,6,1,1
1136576,Kings XI Punjab,CH Gayle,104,63,1,11
1136576,Kings XI Punjab,KK Nair,31,21,3,1
1136576,Kings XI Punjab,KL Rahul,18,21,3,0
1136576,Kings XI Punjab,MA Agarwal,18,9,2,1
1136576,Sunrisers Hyderabad,DJ Hooda,5,5,0,0
1136576,Sunrisers Hyderabad,KS Williamson,54,41,3,2
1136576,Sunrisers Hyderabad,MK Pandey,57,42,3,1
1136576,Sunrisers Hyderabad,S Dhawan,0,1,0,0
1136576,Sunrisers Hyderabad,Shakib Al Hasan,24,11,1,2
1136576,Sunrisers Hyderabad,WP Saha,6,7,1,0
1136576,Sunrisers Hyderabad,YK Pathan,19,13,3,0
1136577,Chennai Super Kings,AT Rayudu,12,8,2,0
1136577,Chennai Super Kings,DJ Bravo,24,16,4,0
1136577,Chennai Super Kings,MS Dhoni,5,3,1,0
1136577,Chennai Super Kings,RA Jadeja,2,1,0,0
1136577,Chennai Super Kings,SK Raina,46,29,9,0
1136577,Chennai Super Kings,SR Watson,106,56,9,6
1136577,Chennai Super Kings,SW Billings,3,7,0,0
1136577,Rajasthan Royals,AM Rahane,16,11,1,1
1136577,Rajasthan Royals,B Laughlin,0,1,0,0
1136577,Rajasthan Royals,BA Stokes,45,37,3,1
1136577,Rajasthan Royals,H Klaasen,7,7,1,0
1136577,Rajasthan Royals,JC Buttler,22,17,1,1
1136577,Rajasthan Royals,JD Unadkat,16,10,3,0
1136577,Rajasthan Royals,K Gowtham,1,2,0,0
1136577,Rajasthan Royals,RA Tripathi,5,5,0,0
1136577,Rajasthan Royals,S Gopal,8,10,0,0
1136577,Rajasthan Royals,STR Binny,10,8,1,0
1136577,Rajasthan Royals,SV Samson,2,3,0,0
1136578,Kings XI Punjab,CH Gayle,62,38,5,6
1136578,Kings XI Punjab,KL Rahul,60,27,9,2
1136578,Kings XI Punjab,MA Agarwal,2,2,0,0
1136578,Kolkata Knight Riders,AD Russell,10,7,2,0
1136578,Kolkata Knight Riders,CA Lynn,74,41,6,4
1136578,Kolkata Knight Riders,KD Karthik,43,28,6,0
1136578,Kolkata Knight Riders,N Rana,3,5,0,0
1136578,Kolkata Knight Riders,PP Chawla,2,2,0,0
1136578,Kolkata Knight Riders,RV Uthappa,34,22,5,1
1136578,Kolkata Knight Riders,SP Narine,1,4,0,0
1136578,Kolkata Knight Riders,Shubman Gill,14,8,2,0
1136578,Kolkata Knight Riders,TK Curran,1,3,0,0
1136579,Delhi Daredevils,G Gambhir,3,10,0,0
1136579,Delhi Daredevils,GJ Maxwell,4,6,0,0
1136579,Delhi Daredevils,JJ Roy,5,16,0,0
1136579,Delhi Daredevils,R Tewatia,13,9,3,0
1136579,Delhi Daredevils,RR Pant,85,48,6,7
1136579,Delhi Daredevils,SS Iyer,52,31,4,3
1136579,Royal Challengers Bangalore,AB de Villiers,90,39,10,5
1136579,Royal Challengers Bangalore,CJ Anderson,15,13,0,1
1136579,Royal Challengers Bangalore,M Vohra,2,5,0,0
1136579,Royal Challengers Bangalore,Mandeep Singh,17,9,1,1
1136579,Royal Challengers Bangalore,Q de Kock,18,16,1,1
1136579,Royal Challengers Bangalore,V Kohli,30,26,2,1
1136580,Chennai Super Kings,AT Rayudu,79,37,9,4
1136580,Chennai Super Kings,F du Plessis,11,13,1,0
1136580,Chennai Super Kings,MS Dhoni,25,12,3,1
1136580,Chennai Super Kings,SK Raina,54,43,5,2
1136580,Chennai Super Kings,SR Watson,9,15,0,1
1136580,Sunrisers Hyderabad,DJ Hooda,1,7,0,0
1136580,Sunrisers Hyderabad,KS Williamson,84,51,6,5
1136580,Sunrisers Hyderabad,MK Pandey,0,2,0,0
1136580,Sunrisers Hyderabad,RK Bhui,0,5,0,0
1136580,Sunrisers Hyderabad,Rashid Khan,17,4,1,2
1136580,Sunrisers Hyderabad,Shakib Al Hasan,24,19,2,1
1136580,Sunrisers Hyderabad,WP Saha,5,5,0,0
1136580,Sunrisers Hyderabad,YK Pathan,45,27,1,4
1136581,Mumbai Indians,E Lewis,0,1,0,0
1136581,Mumbai Indians,HH Pandya,4,2,1,0
1136581,Mumbai Indians,Ishan Kishan,58,42,4,3
1136581,Mumbai Indians,KA Pollard,21,19,1,1
1136581,Mumbai Indians,KH Pandya,7,6,1,0
1136581,Mumbai Indians,M Markande,0,1,0,0
1136581,Mumbai Indians,MJ McClenaghan,0,1,0,0
1136581,Mumbai Indians,RG Sharma,0,1,0,0
1136581,Mumbai Indians,SA Yadav,72,47,6,3
1136581,Rajasthan Royals,AM Rahane,14,17,1,0
1136581,Rajasthan Royals,BA Stokes,40,27,3,1
1136581,Rajasthan Royals,H Klaasen,0,1,0,0
1136581,Rajasthan Royals,JC Archer,8,7,1,0
1136581,Rajasthan Royals,JC Buttler,6,8,0,0
1136581,Rajasthan Royals,K Gowtham,33,11,4,2
1136581,Rajasthan Royals,RA Tripathi,9,8,1,0
1136581,Rajasthan Royals,SV Samson,52,39,4,0
1136582,Delhi Daredevils,A Mishra,1,2,0,0
1136582,Delhi Daredevils,DT Christian,6,11,0,0
1136582,Delhi Daredevils,G Gambhir,4,13,0,0
1136582,Delhi Daredevils,GJ Maxwell,12,10,1,1
1136582,Delhi Daredevils,LE Plunkett,0,1,0,0
1136582,Delhi Daredevils,PP Shaw,22,10,4,0
1136582,Delhi Daredevils,R Tewatia,24,21,1,1
1136582,Delhi Daredevils,RR Pant,4,7,0,0
1136582,Delhi Daredevils,SS Iyer,57,45,5,1
1136582,Kings XI Punjab,AJ Finch,2,4,0,0
1136582,Kings XI Punjab,AJ Tye,3,9,0,0
1136582,Kings XI Punjab,BB Sran,0,1,0,0
1136582,Kings XI Punjab,DA Miller,26,19,1,1
1136582,Kings XI Punjab,KK Nair,34,32,4,0
1136582,Kings XI Punjab,KL Rahul,23,15,3,1
1136582,Kings XI Punjab,MA Agarwal,21,16,3,0
1136582,Kings XI Punjab,R Ashwin,6,7,0,0
1136582,Kings XI Punjab,Yuvraj Singh,14,17,1,0
1136583,Mumbai Indians,E Lewis,5,9,1,0
1136583,Mumbai Indians,HH Pandya,3,19,0,0
1136583,Mumbai Indians,Ishan Kishan,0,3,0,0
1136583,Mumbai Indians,JJ Bumrah,6,5,1,0
1136583,Mumbai Indians,KA Pollard,9,6,0,1
1136583,Mumbai Indians,KH Pandya,24,20,4,0
1136583,Mumbai Indians,M Markande,1,2,0,0
1136583,Mumbai Indians,MJ McClenaghan,0,2,0,0
1136583,Mumbai Indians,Mustafizur Rahman,1,3,0,0
1136583,Mumbai Indians,RG Sharma,2,6,0,0
1136583,Mumbai Indians,SA Yadav,34,38,4,0
1136583,Sunrisers Hyderabad,Basil Thampi,3,6,0,0
1136583,Sunrisers Hyderabad,KS Williamson,29,21,5,0
1136583,Sunrisers Hyderabad,MK Pandey,16,11,3,0
1136583,Sunrisers Hyderabad,Mohammad Nabi,14,10,2,0
1136583,Sunrisers Hyderabad,Rashid Khan,6,9,0,0
1136583,Sunrisers Hyderabad,S Dhawan,5,6,1,0
1136583,Sunrisers Hyderabad,S Kaul,2,9,0,0
1136583,Sunrisers Hyderabad,Sandeep Sharma,0,1,0,0
1136583,Sunrisers Hyderabad,Shakib Al Hasan,2,4,0,0
1136583,Sunrisers Hyderabad,WP Saha,0,2,0,0
1136583,Sunrisers Hyderabad,YK Pathan,29,33,2,1
1136584,Chennai Super Kings,AT Rayudu,82,52,3,8
1136584,Chennai Super Kings,DJ Bravo,14,7,1,1
1136584,Chennai Super Kings,MS Dhoni,70,34,1,7
1136584,Chennai Super Kings,RA Jadeja,3,5,0,0
1136584,Chennai Super Kings,SK Raina,11,9,2,0
1136584,Chennai Super Kings,SR Watson,7,4,0,1
1136584,Chennai Super Kings,SW Billings,9,7,2,0
1136584,Royal Challengers Bangalore,AB de Villiers,68,30,2,8
1136584,Royal Challengers Bangalore,C de Grandhomme,11,7,1,0
1136584,Royal Challengers Bangalore,CJ Anderson,2,8,0,0
1136584,Royal Challengers Bangalore,Mandeep Singh,32,17,1,3
1136584,Royal Challengers Bangalore,P Negi,0,1,0,0
1136584,Royal Challengers Bangalore,Q de Kock,53,37,1,4
1136584,Royal Challengers Bangalore,UT Yadav,0,1,0,0
1136584,Royal Challengers Bangalore,V Kohli,18,15,3,0
1136584,Royal Challengers Bangalore,Washington Sundar,13,4,1,1
1136585,Kings XI Punjab,AJ Finch,8,4,0,1
1136585,Kings XI Punjab,AJ Tye,4,2,1,0
1136585,Kings XI Punjab,AS Rajpoot,8,9,1,0
1136585,Kings XI Punjab,BB Sran,2,5,0,0
1136585,Kings XI Punjab,CH Gayle,23,22,1,2
1136585,Kings XI Punjab,KK Nair,13,17,0,0
1136585,Kings XI Punjab,KL Rahul,32,26,4,1
1136585,Kings XI Punjab,MA Agarwal,12,15,0,0
1136585,Kings XI Punjab,MK Tiwary,1,5,0,0
1136585,Kings XI Punjab,Mujeeb Ur Rahman,10,5,2,0
1136585,Kings XI Punjab,R Ashwin,4,6,0,0
1136585,Sunrisers Hyderabad,KS Williamson,0,3,0,0
1136585,Sunrisers Hyderabad,MK Pandey,54,51,3,1
1136585,Sunrisers Hyderabad,Mohammad Nabi,4,2,1,0
1136585,Sunrisers Hyderabad,S Dhawan,11,8,2,0
1136585,Sunrisers Hyderabad,Shakib Al Hasan,28,28,3,0
1136585,Sunrisers Hyderabad,WP Saha,6,9,1,0
1136585,Sunrisers Hyderabad,YK Pathan,21,19,1,1
1136586,Delhi Daredevils,C Munro,33,18,4,2
1136586,Delhi Daredevils,GJ Maxwell,27,18,1,2
1136586,Delhi Daredevils,PP Shaw,62,44,7,2
1136586,Delhi Daredevils,RR Pant,0,1,0,0
1136586,Delhi Daredevils,SS Iyer,93,39,3,10
1136586,Kolkata Knight Riders,AD Russell,44,30,3,4
1136586,Kolkata Knight Riders,CA Lynn,5,6,1,0
1136586,Kolkata Knight Riders,KD Karthik,18,18,0,1
1136586,Kolkata Knight Riders,Kuldeep Yadav,7,6,1,0
1136586,Kolkata Knight Riders,MG Johnson,12,6,2,0
1136586,Kolkata Knight Riders,N Rana,8,7,1,0
1136586,Kolkata Knight Riders,PP Chawla,2,4,0,0
1136586,Kolkata Knight Riders,RV Uthappa,1,2,0,0
1136586,Kolkata Knight Riders,SP Narine,26,9,1,3
1136586,Kolkata Knight Riders,Shivam Mavi,0,3,0,0
1136586,Kolkata Knight Riders,Shubman Gill,37,29,3,1
1136587,Chennai Super Kings,AT Rayudu,46,35,2,4
1136587,Chennai Super Kings,DJ Bravo,0,1,0,0
1136587,Chennai Super Kings,MS Dhoni,26,21,3,1
1136587,Chennai Super Kings,SK Raina,75,47,6,4
1136587,Chennai Super Kings,SR Watson,12,11,1,0
1136587,Chennai Super Kings,SW Billings,3,5,0,0
1136587,Mumbai Indians,E Lewis,47,43,3,2
1136587,Mumbai Indians,HH Pandya,13,8,0,1
1136587,Mumbai Indians,RG Sharma,56,33,6,2
1136587,Mumbai Indians,SA Yadav,44,34,5,1
1136588,Rajasthan Royals,AM Rahane,65,53,5,1
1136588,Rajasthan Royals,BA Stokes,0,3,0,0
1136588,Rajasthan Royals,JC Archer,1,1,0,0
1136588,Rajasthan Royals,JC Buttler,10,11,0,0
1136588,Rajasthan Royals,K Gowtham,8,5,1,0
1136588,Rajasthan Royals,MK Lomror,11,12,0,0
1136588,Rajasthan Royals,RA Tripathi,4,5,0,0
1136588,Rajasthan Royals,SV Samson,40,30,3,1
1136588,Sunrisers Hyderabad,AD Hales,45,39,4,0
1136588,Sunrisers Hyderabad,KS Williamson,63,43,7,2
1136588,Sunrisers Hyderabad,MK Pandey,16,15,1,0
1136588,Sunrisers Hyderabad,Rashid Khan,1,3,0,0
1136588,Sunrisers Hyderabad,S Dhawan,6,4,1,0
1136588,Sunrisers Hyderabad,Shakib Al Hasan,6,6,1,0
1136588,Sunrisers Hyderabad,WP Saha,11,7,1,0
1136588,Sunrisers Hyderabad,YK Pathan,2,3,0,0
1136589,Kolkata Knight Riders,AD Russell,0,1,0,0
1136589,Kolkata Knight Riders,CA Lynn,62,52,7,1
1136589,Kolkata Knight Riders,KD Karthik,23,10,2,1
1136589,Kolkata Knight Riders,N Rana,15,10,2,0
1136589,Kolkata Knight Riders,RV Uthappa,36,21,3,3
1136589,Kolkata Knight Riders,SP Narine,27,19,3,1
1136589,Kolkata Knight Riders,Shubman Gill,5,2,1,0
1136589,Royal Challengers Bangalore,BB McCullum,38,28,4,2
1136589,Royal Challengers Bangalore,C de Grandhomme,11,6,0,1
1136589,Royal Challengers Bangalore,M Vohra,0,1,0,0
1136589,Royal Challengers Bangalore,Mandeep Singh,19,14,0,2
1136589,Royal Challengers Bangalore,Q de Kock,29,27,3,1
1136589,Royal Challengers Bangalore,V Kohli,68,44,5,3
1136590,Chennai Super Kings,AT Rayudu,41,24,5,1
1136590,Chennai Super Kings,F du Plessis,33,32,3,1
1136590,Chennai Super Kings,MS Dhoni,51,22,2,5
1136590,Chennai Super Kings,SK Raina,1,2,0,0
1136590,Chennai Super Kings,SR Watson,78,40,4,7
1136590,Delhi Daredevils,C Munro,26,16,3,2
1136590,Delhi Daredevils,GJ Maxwell,6,5,1,0
1136590,Delhi Daredevils,PP Shaw,9,5,2,0
1136590,Delhi Daredevils,R Tewatia,3,4,0,0
1136590,Delhi Daredevils,RR Pant,79,45,7,4
1136590,Delhi Daredevils,SS Iyer,13,14,1,0
1136590,Delhi Daredevils,V Shankar,54,31,1,5
1136591,Mumbai Indians,BCJ Cutting,12,6,1,1
1136591,Mumbai Indians,HH Pandya,50,42,5,1
1136591,Mumbai Indians,Ishan Kishan,0,1,0,0
1136591,Mumbai Indians,JP Duminy,23,29,3,0
1136591,Mumbai Indians,KA Pollard,13,13,1,0
1136591,Mumbai Indians,KH Pandya,23,19,1,1
1136591,Mumbai Indians,RG Sharma,0,1,0,0
1136591,Mumbai Indians,SA Yadav,9,9,2,0
1136591,Royal Challengers Bangalore,BB McCullum,37,24,4,2
1136591,Royal Challengers Bangalore,C de Grandhomme,23,9,0,3
1136591,Royal Challengers Bangalore,M Vohra,45,31,2,4
1136591,Royal Challengers Bangalore,Mandeep Singh,14,10,1,1
1136591,Royal Challengers Bangalore,Q de Kock,7,13,1,0
1136591,Royal Challengers Bangalore,TG Southee,1,2,0,0
1136591,Royal Challengers Bangalore,UT Yadav,1,2,0,0
1136591,Royal Challengers Bangalore,V Kohli,32,26,2,1
1136591,Royal Challengers Bangalore,Washington Sundar,1,3,0,0
1136592,Delhi Daredevils,C Munro,0,1,0,0
1136592,Delhi Daredevils,GJ Maxwell,5,5,0,0
1136592,Delhi Daredevils,LE Plunkett,1,2,0,0
1136592,Delhi Daredevils,PP Shaw,47,25,4,4
1136592,Delhi Daredevils,RR Pant,69,29,7,5
1136592,Delhi Daredevils,SS Iyer,50,35,3,3
1136592,Delhi Daredevils,V Shankar,17,6,2,1
1136592,Rajasthan Royals,BA Stokes,1,2,0,0
1136592,Rajasthan Royals,DJM Short,44,25,2,4
1136592,Rajasthan Royals,JC Buttler,67,26,4,7
1136592,Rajasthan Royals,K Gowtham,18,6,2,1
1136592,Rajasthan Royals,RA Tripathi,9,8,1,0
1136592,Rajasthan Royals,SV Samson,3,5,0,0
1136593,Chennai Super Kings,AT Rayudu,21,17,3,0
1136593,Chennai Super Kings,F du Plessis,27,15,4,1
1136593,Chennai Super Kings,MS Dhoni,43,25,1,4
1136593,Chennai Super Kings,RA Jadeja,12,12,1,0
1136593,Chennai Super Kings,SK Raina,31,26,4,0
1136593,Chennai Super Kings,SR Watson,36,25,4,2
1136593,Kolkata Knight Riders,CA Lynn,12,6,0,2
1136593,Kolkata Knight Riders,KD Karthik,45,18,7,1
1136593,Kolkata Knight Riders,RK Singh,16,18,2,0
1136593,Kolkata Knight Riders,RV Uthappa,6,8,1,0
1136593,Kolkata Knight Riders,SP Narine,32,20,4,2
1136593,Kolkata Knight Riders,Shubman Gill,57,36,6,2
1136594,Kings XI Punjab,AR Patel,13,12,0,1
1136594,Kings XI Punjab,CH Gayle,50,40,6,2
1136594,Kings XI Punjab,KK Nair,23,12,1,2
1136594,Kings XI Punjab,KL Rahul,24,20,1,2
1136594,Kings XI Punjab,MA Agarwal,11,7,0,1
1136594,Kings XI Punjab,MP Stoinis,29,15,2,2
1136594,Kings XI Punjab,Yuvraj Singh,14,14,0,1
1136594,Mumbai Indians,E Lewis,10,13,0,0
1136594,Mumbai Indians,HH Pandya,23,13,2,1
1136594,Mumbai Indians,Ishan Kishan,25,19,0,3
1136594,Mumbai Indians,KH Pandya,31,12,4,2
1136594,Mumbai Indians,RG Sharma,24,15,1,2
1136594,Mumbai Indians,SA Yadav,57,42,6,3
1136595,Chennai Super Kings,AT Rayudu,32,25,3,2
1136595,Chennai Super Kings,DJ Bravo,14,17,0,1
1136595,Chennai Super Kings,DR Shorey,8,9,0,1
1136595,Chennai Super Kings,MS Dhoni,31,22,1,3
1136595,Chennai Super Kings,SK Raina,25,21,2,1
1136595,Chennai Super Kings,SR Watson,11,14,2,0
1136595,Royal Challengers Bangalore,AB de Villiers,1,4,0,0
1136595,Royal Challengers Bangalore,BB McCullum,5,3,1,0
1136595,Royal Challengers Bangalore,C de Grandhomme,8,8,1,0
1136595,Royal Challengers Bangalore,M Ashwin,1,2,0,0
1136595,Royal Challengers Bangalore,Mandeep Singh,7,13,0,0
1136595,Royal Challengers Bangalore,Mohammed Siraj,3,7,0,0
1136595,Royal Challengers Bangalore,PA Patel,53,41,5,2
1136595,Royal Challengers Bangalore,TG Southee,36,26,3,1
1136595,Royal Challengers Bangalore,UT Yadav,1,5,0,0
1136595,Royal Challengers Bangalore,V Kohli,8,11,1,0
1136596,Delhi Daredevils,DT Christian,7,9,0,0
1136596,Delhi Daredevils,GJ Maxwell,2,3,0,0
1136596,Delhi Daredevils,NV Ojha,1,4,0,0
1136596,Delhi Daredevils,PP Shaw,65,36,6,3
1136596,Delhi Daredevils,RR Pant,18,19,1,0
1136596,Delhi Daredevils,SS Iyer,44,36,3,2
1136596,Delhi Daredevils,V Shankar,23,13,1,1
1136596,Sunrisers Hyderabad,AD Hales,45,30,3,3
1136596,Sunrisers Hyderabad,KS Williamson,32,30,0,1
1136596,Sunrisers Hyderabad,MK Pandey,21,17,2,0
1136596,Sunrisers Hyderabad,S Dhawan,33,30,2,1
1136596,Sunrisers Hyderabad,YK Pathan,27,12,2,2
1136597,Kolkata Knight Riders,AD Russell,9,10,1,0
1136597,Kolkata Knight Riders,CA Lynn,17,13,4,0
1136597,Kolkata Knight Riders,KD Karthik,36,26,5,1
1136597,Kolkata Knight Riders,N Rana,31,27,3,1
1136597,Kolkata Knight Riders,RV Uthappa,54,35,6,3
1136597,Kolkata Knight Riders,SP Narine,5,4,1,0
1136597,Kolkata Knight Riders,Shubman Gill,7,5,1,0
1136597,Mumbai Indians,E Lewis,43,28,5,2
1136597,Mumbai Indians,HH Pandya,35,20,4,1
1136597,Mumbai Indians,JP Duminy,13,11,0,1
1136597,Mumbai Indians,KH Pandya,14,11,1,1
1136597,Mumbai Indians,RG Sharma,11,11,1,0
1136597,Mumbai Indians,SA Yadav,59,39,7,2
1136598,Kings XI Punjab,AR Patel,4,5,0,0
1136598,Kings XI Punjab,CH Gayle,8,11,2,0
1136598,Kings XI Punjab,KK Nair,31,23,2,2
1136598,Kings XI Punjab,KL Rahul,84,54,7,3
1136598,Kings XI Punjab,MA Agarwal,2,3,0,0
1136598,Kings XI Punjab,MP Stoinis,23,16,2,1
1136598,Rajasthan Royals,AM Rahane,5,7,0,0
1136598,Rajasthan Royals,BA Stokes,12,9,2,0
1136598,Rajasthan Royals,DJM Short,2,2,0,0
1136598,Rajasthan Royals,JC Archer,0,1,0,0
1136598,Rajasthan Royals,JC Buttler,51,39,7,0
1136598,Rajasthan Royals,JD Unadkat,6,7,0,0
1136598,Rajasthan Royals,K Gowtham,5,3,1,0
1136598,Rajasthan Royals,RA Tripathi,11,13,1,0
1136598,Rajasthan Royals,S Gopal,24,16,3,0
1136598,Rajasthan Royals,SV Samson,28,23,2,1
1136599,Royal Challengers Bangalore,AB de Villiers,5,8,0,0
1136599,Royal Challengers Bangalore,C de Grandhomme,33,29,1,2
1136599,Royal Challengers Bangalore,M Vohra,8,10,0,0
1136599,Royal Challengers Bangalore,MM Ali,10,7,2,0
1136599,Royal Challengers Bangalore,Mandeep Singh,21,23,1,0
1136599,Royal Challengers Bangalore,PA Patel,20,13,4,0
1136599,Royal Challengers Bangalore,V Kohli,39,30,5,1
1136599,Sunrisers Hyderabad,AD Hales,5,5,1,0
1136599,Sunrisers Hyderabad,B Kumar,1,2,0,0
1136599,Sunrisers Hyderabad,KS Williamson,56,38,5,2
1136599,Sunrisers Hyderabad,MK Pandey,5,7,0,0
1136599,Sunrisers Hyderabad,Rashid Khan,1,3,0,0
1136599,Sunrisers Hyderabad,S Dhawan,13,19,1,0
1136599,Sunrisers Hyderabad,S Kaul,1,1,0,0
1136599,Sunrisers Hyderabad,Sandeep Sharma,0,1,0,0
1136599,Sunrisers Hyderabad,Shakib Al Hasan,35,32,5,0
1136599,Sunrisers Hyderabad,WP Saha,8,5,0,1
1136599,Sunrisers Hyderabad,YK Pathan,12,7,2,0
1136600,Kings XI Punjab,AD Nath,9,13,1,0
1136600,Kings XI Punjab,AJ Tye,1,1,0,0
1136600,Kings XI Punjab,AR Patel,9,5,1,0
1136600,Kings XI Punjab,CH Gayle,1,1,0,0
1136600,Kings XI Punjab,KK Nair,3,5,0,0
1136600,Kings XI Punjab,KL Rahul,95,69,11,2
1136600,Kings XI Punjab,MK Tiwary,7,8,0,0
1136600,Kings XI Punjab,MP Stoinis,11,16,0,0
1136600,Kings XI Punjab,R Ashwin,0,2,0,0
1136600,Rajasthan Royals,AM Rahane,9,10,1,0
1136600,Rajasthan Royals,BA Stokes,14,10,1,0
1136600,Rajasthan Royals,JC Archer,0,1,0,0
1136600,Rajasthan Royals,JC Buttler,82,58,9,1
1136600,Rajasthan Royals,JD Unadkat,0,1,0,0
1136600,Rajasthan Royals,K Gowtham,8,6,0,1
1136600,Rajasthan Royals,MK Lomror,9,9,1,0
1136600,Rajasthan Royals,STR Binny,11,7,0,1
1136600,Rajasthan Royals,SV Samson,22,18,1,1
1136601,Kolkata Knight Riders,AD Russell,2,4,0,0
1136601,Kolkata Knight Riders,CA Lynn,21,15,3,1
1136601,Kolkata Knight Riders,KD Karthik,5,3,1,0
1136601,Kolkata Knight Riders,Kuldeep Yadav,5,15,0,0
1136601,Kolkata Knight Riders,M Prasidh Krishna,1,5,0,0
1136601,Kolkata Knight Riders,N Rana,21,19,2,1
1136601,Kolkata Knight Riders,PP Chawla,11,13,1,0
1136601,Kolkata Knight Riders,RK Singh,5,3,1,0
1136601,Kolkata Knight Riders,RV Uthappa,14,13,0,2
1136601,Kolkata Knight Riders,SP Narine,4,2,1,0
1136601,Kolkata Knight Riders,TK Curran,18,17,3,0
1136601,Mumbai Indians,BCJ Cutting,24,9,1,3
1136601,Mumbai Indians,E Lewis,18,13,3,0
1136601,Mumbai Indians,HH Pandya,19,13,0,2
1136601,Mumbai Indians,Ishan Kishan,62,21,5,6
1136601,Mumbai Indians,KH Pandya,8,2,0,1
1136601,Mumbai Indians,RG Sharma,36,30,2,1
1136601,Mumbai Indians,SA Yadav,36,32,5,1
1136602,Delhi Daredevils,GJ Maxwell,9,8,1,0
1136602,Delhi Daredevils,HV Patel,24,17,0,2
1136602,Delhi Daredevils,JJ Roy,11,13,2,0
1136602,Delhi Daredevils,PP Shaw,9,11,1,0
1136602,Delhi Daredevils,RR Pant,128,63,15,7
1136602,Delhi Daredevils,SS Iyer,3,8,0,0
1136602,Sunrisers Hyderabad,AD Hales,14,10,3,0
1136602,Sunrisers Hyderabad,KS Williamson,83,53,8,2
1136602,Sunrisers Hyderabad,S Dhawan,92,50,9,4
1136603,Chennai Super Kings,AT Rayudu,12,9,2,0
1136603,Chennai Super Kings,DJ Bravo,1,1,0,0
1136603,Chennai Super Kings,MS Dhoni,33,23,1,1
1136603,Chennai Super Kings,SK Raina,52,34,6,1
1136603,Chennai Super Kings,SR Watson,39,31,2,2
1136603,Chennai Super Kings,SW Billings,27,22,3,0
1136603,Rajasthan Royals,AM Rahane,4,3,1,0
1136603,Rajasthan Royals,BA Stokes,11,7,1,1
1136603,Rajasthan Royals,JC Buttler,95,60,11,2
1136603,Rajasthan Royals,K Gowtham,13,4,0,2
1136603,Rajasthan Royals,P Chopra,8,6,2,0
1136603,Rajasthan Royals,STR Binny,22,17,1,1
1136603,Rajasthan Royals,SV Samson,21,22,2,0
1136604,Kings XI Punjab,AJ Finch,34,20,0,3
1136604,Kings XI Punjab,AJ Tye,14,10,1,1
1136604,Kings XI Punjab,AR Patel,19,11,2,1
1136604,Kings XI Punjab,BB Sran,1,1,0,0
1136604,Kings XI Punjab,CH Gayle,21,17,2,1
1136604,Kings XI Punjab,KK Nair,3,6,0,0
1136604,Kings XI Punjab,KL Rahul,66,29,2,7
1136604,Kings XI Punjab,MA Agarwal,0,1,0,0
1136604,Kings XI Punjab,MM Sharma,4,3,1,0
1136604,Kings XI Punjab,R Ashwin,45,22,4,3
1136604,Kolkata Knight Riders,AD Russell,31,14,2,3
1136604,Kolkata Knight Riders,CA Lynn,27,17,2,2
1136604,Kolkata Knight Riders,JPR Scantlebury-Searles,6,1,0,1
1136604,Kolkata Knight Riders,KD Karthik,50,23,5,3
1136604,Kolkata Knight Riders,N Rana,11,4,1,1
1136604,Kolkata Knight Riders,RV Uthappa,24,17,2,1
1136604,Kolkata Knight Riders,SP Narine,75,36,9,4
1136604,Kolkata Knight Riders,Shubman Gill,16,8,3,0
1136605,Delhi Daredevils,Abhishek Sharma,46,19,3,4
1136605,Delhi Daredevils,JJ Roy,12,9,1,1
1136605,Delhi Daredevils,PP Shaw,2,4,0,0
1136605,Delhi Daredevils,RR Pant,61,34,5,4
1136605,Delhi Daredevils,SS Iyer,32,35,3,0
1136605,Delhi Daredevils,V Shankar,21,19,2,0
1136605,Royal Challengers Bangalore,AB de Villiers,72,37,4,6
1136605,Royal Challengers Bangalore,C de Grandhomme,3,4,0,0
1136605,Royal Challengers Bangalore,MM Ali,1,3,0,0
1136605,Royal Challengers Bangalore,Mandeep Singh,13,14,0,1
1136605,Royal Challengers Bangalore,PA Patel,6,8,1,0
1136605,Royal Challengers Bangalore,SN Khan,11,8,2,0
1136605,Royal Challengers Bangalore,V Kohli,70,40,7,3
1136606,Chennai Super Kings,AT Rayudu,100,62,7,7
1136606,Chennai Super Kings,MS Dhoni,20,14,1,1
1136606,Chennai Super Kings,SK Raina,2,3,0,0
1136606,Chennai Super Kings,SR Watson,57,35,5,3
1136606,Sunrisers Hyderabad,AD Hales,2,9,0,0
1136606,Sunrisers Hyderabad,DJ Hooda,21,11,1,1
1136606,Sunrisers Hyderabad,KS Williamson,51,39,5,2
1136606,Sunrisers Hyderabad,MK Pandey,5,6,0,0
1136606,Sunrisers Hyderabad,S Dhawan,79,49,10,3
1136606,Sunrisers Hyderabad,Shakib Al Hasan,8,6,1,0
1136607,Mumbai Indians,BCJ Cutting,10,7,0,1
1136607,Mumbai Indians,E Lewis,60,42,4,4
1136607,Mumbai Indians,HH Pandya,36,21,3,2
1136607,Mumbai Indians,Ishan Kishan,12,11,1,0
1136607,Mumbai Indians,KH Pandya,3,7,0,0
1136607,Mumbai Indians,RG Sharma,0,1,0,0
1136607,Mumbai Indians,SA Yadav,38,31,7,0
1136607,Rajasthan Royals,AM Rahane,37,36,4,0
1136607,Rajasthan Royals,DJM Short,4,5,1,0
1136607,Rajasthan Royals,JC Buttler,94,53,9,5
1136607,Rajasthan Royals,SV Samson,26,14,2,2
1136608,Kings XI Punjab,AJ Finch,26,23,1,2
1136608,Kings XI Punjab,AJ Tye,0,3,0,0
1136608,Kings XI Punjab,AR Patel,9,13,0,0
1136608,Kings XI Punjab,AS Rajpoot,1,5,0,0
1136608,Kings XI Punjab,CH Gayle,18,14,4,0
1136608,Kings XI Punjab,KK Nair,1,3,0,0
1136608,Kings XI Punjab,KL Rahul,21,15,0,3
1136608,Kings XI Punjab,MA Agarwal,2,6,0,0
1136608,Kings XI Punjab,MM Sharma,3,5,0,0
1136608,Kings XI Punjab,MP Stoinis,2,3,0,0
1136608,Kings XI Punjab,R Ashwin,0,1,0,0
1136608,Royal Challengers Bangalore,PA Patel,40,22,7,0
1136608,Royal Challengers Bangalore,V Kohli,48,27,6,2
1136609,Kolkata Knight Riders,AD Russell,11,5,2,0
1136609,Kolkata Knight Riders,CA Lynn,45,42,5,1
1136609,Kolkata Knight Riders,KD Karthik,41,31,5,1
1136609,Kolkata Knight Riders,N Rana,21,17,2,1
1136609,Kolkata Knight Riders,RV Uthappa,4,6,0,0
1136609,Kolkata Knight Riders,SP Narine,21,7,2,2
1136609,Rajasthan Royals,AM Rahane,11,12,1,0
1136609,Rajasthan Royals,Anureet Singh,3,4,0,0
1136609,Rajasthan Royals,BA Stokes,11,13,0,0
1136609,Rajasthan Royals,IS Sodhi,1,6,0,0
1136609,Rajasthan Royals,JC Archer,6,5,1,0
1136609,Rajasthan Royals,JC Buttler,39,22,5,2
1136609,Rajasthan Royals,JD Unadkat,26,18,3,1
1136609,Rajasthan Royals,K Gowtham,3,5,0,0
1136609,Rajasthan Royals,RA Tripathi,27,15,4,1
1136609,Rajasthan Royals,STR Binny,1,4,0,0
1136609,Rajasthan Royals,SV Samson,12,10,2,0
1136610,Kings XI Punjab,AJ Finch,46,35,3,1
1136610,Kings XI Punjab,AR Patel,10,8,0,1
1136610,Kings XI Punjab,CH Gayle,18,11,2,1
1136610,Kings XI Punjab,KL Rahul,94,60,10,3
1136610,Kings XI Punjab,MK Tiwary,4,1,1,0
1136610,Kings XI Punjab,MP Stoinis,1,2,0,0
1136610,Kings XI Punjab,Yuvraj Singh,1,3,0,0
1136610,Mumbai Indians,BCJ Cutting,4,7,0,0
1136610,Mumbai Indians,E Lewis,9,7,0,1
1136610,Mumbai Indians,HH Pandya,9,12,0,0
1136610,Mumbai Indians,Ishan Kishan,20,12,1,2
1136610,Mumbai Indians,KA Pollard,50,23,5,3
1136610,Mumbai Indians,KH Pandya,32,23,1,2
1136610,Mumbai Indians,M Markande,7,5,1,0
1136610,Mumbai Indians,MJ McClenaghan,11,6,1,1
1136610,Mumbai Indians,RG Sharma,6,10,0,0
1136610,Mumbai Indians,SA Yadav,27,15,3,2
1136611,Royal Challengers Bangalore,AB de Villiers,69,39,12,1
1136611,Royal Challengers Bangalore,C de Grandhomme,40,17,1,4
1136611,Royal Challengers Bangalore,MM Ali,65,34,2,6
1136611,Royal Challengers Bangalore,Mandeep Singh,4,6,0,0
1136611,Royal Challengers Bangalore,PA Patel,1,4,0,0
1136611,Royal Challengers Bangalore,SN Khan,22,8,3,1
1136611,Royal Challengers Bangalore,TG Southee,1,1,0,0
1136611,Royal Challengers Bangalore,V Kohli,12,11,2,0
1136611,Sunrisers Hyderabad,AD Hales,37,24,2,3
1136611,Sunrisers Hyderabad,DJ Hooda,1,1,0,0
1136611,Sunrisers Hyderabad,KS Williamson,81,42,7,5
1136611,Sunrisers Hyderabad,MK Pandey,62,38,7,2
1136611,Sunrisers Hyderabad,S Dhawan,18,15,0,2
1136612,Chennai Super Kings,AT Rayudu,50,29,4,4
1136612,Chennai Super Kings,DJ Bravo,1,2,0,0
1136612,Chennai Super Kings,DL Chahar,1,2,0,0
1136612,Chennai Super Kings,MS Dhoni,17,23,1,0
1136612,Chennai Super Kings,RA Jadeja,27,18,0,2
1136612,Chennai Super Kings,SK Raina,15,18,1,0
1136612,Chennai Super Kings,SR Watson,14,23,0,1
1136612,Chennai Super Kings,SW Billings,1,5,0,0
1136612,Delhi Daredevils,Abhishek Sharma,2,4,0,0
1136612,Delhi Daredevils,GJ Maxwell,5,7,0,0
1136612,Delhi Daredevils,HV Patel,36,16,1,4
1136612,Delhi Daredevils,PP Shaw,17,17,1,1
1136612,Delhi Daredevils,RR Pant,38,26,3,2
1136612,Delhi Daredevils,SS Iyer,19,22,3,0
1136612,Delhi Daredevils,V Shankar,36,28,2,2
1136613,Rajasthan Royals,AM Rahane,33,31,3,0
1136613,Rajasthan Royals,H Klaasen,32,21,3,1
1136613,Rajasthan Royals,JC Archer,0,4,0,0
1136613,Rajasthan Royals,K Gowtham,14,5,0,2
1136613,Rajasthan Royals,RA Tripathi,80,58,5,3
1136613,Rajasthan Royals,SV Samson,0,1,0,0
1136613,Royal Challengers Bangalore,AB de Villiers,53,35,7,0
1136613,Royal Challengers Bangalore,C de Grandhomme,2,3,0,0
1136613,Royal Challengers Bangalore,MM Ali,1,2,0,0
1136613,Royal Challengers Bangalore,Mandeep Singh,3,4,0,0
1136613,Royal Challengers Bangalore,Mohammed Siraj,14,12,2,0
1136613,Royal Challengers Bangalore,PA Patel,33,21,3,2
1136613,Royal Challengers Bangalore,SN Khan,7,8,1,0
1136613,Royal Challengers Bangalore,TG Southee,14,17,2,0
1136613,Royal Challengers Bangalore,UT Yadav,0,1,0,0
1136613,Royal Challengers Bangalore,V Kohli,4,9,0,0
1136613,Royal Challengers Bangalore,YS Chahal,0,4,0,0
1136614,Kolkata Knight Riders,AD Russell,4,4,1,0
1136614,Kolkata Knight Riders,CA Lynn,55,43,4,3
1136614,Kolkata Knight Riders,KD Karthik,26,22,1,1
1136614,Kolkata Knight Riders,N Rana,7,5,1,0
1136614,Kolkata Knight Riders,RV Uthappa,45,34,3,2
1136614,Kolkata Knight Riders,SP Narine,29,10,4,2
1136614,Sunrisers Hyderabad,B Kumar,0,1,0,0
1136614,Sunrisers Hyderabad,CR Brathwaite,3,4,0,0
1136614,Sunrisers Hyderabad,KS Williamson,36,17,1,3
1136614,Sunrisers Hyderabad,MK Pandey,25,22,2,1
1136614,Sunrisers Hyderabad,Rashid Khan,0,1,0,0
1136614,Sunrisers Hyderabad,S Dhawan,50,39,5,1
1136614,Sunrisers Hyderabad,SP Goswami,35,25,4,1
1136614,Sunrisers Hyderabad,Shakib Al Hasan,10,7,2,0
1136614,Sunrisers Hyderabad,YK Pathan,2,4,0,0
1136615,Delhi Daredevils,Abhishek Sharma,15,10,0,1
1136615,Delhi Daredevils,GJ Maxwell,22,18,4,0
1136615,Delhi Daredevils,PP Shaw,12,8,2,0
1136615,Delhi Daredevils,RR Pant,64,44,4,4
1136615,Delhi Daredevils,SS Iyer,6,10,0,0
1136615,Delhi Daredevils,V Shankar,43,30,3,2
1136615,Mumbai Indians,BCJ Cutting,37,20,2,3
1136615,Mumbai Indians,E Lewis,48,31,3,4
1136615,Mumbai Indians,HH Pandya,27,17,2,1
1136615,Mumbai Indians,Ishan Kishan,5,13,0,0
1136615,Mumbai Indians,JJ Bumrah,0,1,0,0
1136615,Mumbai Indians,KA Pollard,7,7,0,0
1136615,Mumbai Indians,KH Pandya,4,3,1,0
1136615,Mumbai Indians,M Markande,3,10,0,0
1136615,Mumbai Indians,RG Sharma,13,11,1,0
1136615,Mumbai Indians,SA Yadav,12,4,1,1
1136616,Chennai Super Kings,AT Rayudu,1,3,0,0
1136616,Chennai Super Kings,DL Chahar,39,20,1,3
1136616,Chennai Super Kings,F du Plessis,14,15,3,0
1136616,Chennai Super Kings,Harbhajan Singh,19,21,2,1
1136616,Chennai Super Kings,MS Dhoni,16,7,1,1
1136616,Chennai Super Kings,SK Raina,61,48,4,2
1136616,Chennai Super Kings,SW Billings,0,1,0,0
1136616,Kings XI Punjab,AJ Finch,4,6,1,0
1136616,Kings XI Punjab,AJ Tye,0,2,0,0
1136616,Kings XI Punjab,AR Patel,14,12,0,1
1136616,Kings XI Punjab,AS Rajpoot,2,4,0,0
1136616,Kings XI Punjab,CH Gayle,0,2,0,0
1136616,Kings XI Punjab,DA Miller,24,21,1,1
1136616,Kings XI Punjab,KK Nair,54,26,3,5
1136616,Kings XI Punjab,KL Rahul,7,11,1,0
1136616,Kings XI Punjab,MK Tiwary,35,30,3,1
1136616,Kings XI Punjab,MM Sharma,2,3,0,0
1136616,Kings XI Punjab,R Ashwin,0,1,0,0
1136617,Chennai Super Kings,AT Rayudu,0,1,0,0
1136617,Chennai Super Kings,DJ Bravo,7,11,0,0
1136617,Chennai Super Kings,DL Chahar,10,6,0,1
1136617,Chennai Super Kings,F du Plessis,67,42,5,4
1136617,Chennai Super Kings,Harbhajan Singh,2,9,0,0
1136617,Chennai Super Kings,MS Dhoni,9,18,1,0
1136617,Chennai Super Kings,RA Jadeja,3,5,0,0
1136617,Chennai Super Kings,SK Raina,22,13,4,0
1136617,Chennai Super Kings,SN Thakur,15,5,3,0
1136617,Chennai Super Kings,SR Watson,0,5,0,0
1136617,Sunrisers Hyderabad,B Kumar,7,11,0,0
1136617,Sunrisers Hyderabad,CR Brathwaite,43,29,1,4
1136617,Sunrisers Hyderabad,KS Williamson,24,15,4,0
1136617,Sunrisers Hyderabad,MK Pandey,8,16,0,0
1136617,Sunrisers Hyderabad,S Dhawan,0,1,0,0
1136617,Sunrisers Hyderabad,SP Goswami,12,9,2,0
1136617,Sunrisers Hyderabad,Shakib Al Hasan,12,10,2,0
1136617,Sunrisers Hyderabad,YK Pathan,24,29,3,0
1136618,Kolkata Knight Riders,AD Russell,49,24,3,5
1136618,Kolkata Knight Riders,CA Lynn,18,22,2,0
1136618,Kolkata Knight Riders,JPR Scantlebury-Searles,2,5,0,0
1136618,Kolkata Knight Riders,KD Karthik,52,38,4,2
1136618,Kolkata Knight Riders,N Rana,3,5,0,0
1136618,Kolkata Knight Riders,RV Uthappa,3,7,0,0
1136618,Kolkata Knight Riders,SP Narine,4,2,1,0
1136618,Kolkata Knight Riders,Shubman Gill,28,17,3,1
1136618,Rajasthan Royals,AM Rahane,46,41,4,1
1136618,Rajasthan Royals,H Klaasen,18,18,1,0
1136618,Rajasthan Royals,K Gowtham,9,7,1,0
1136618,Rajasthan Royals,RA Tripathi,20,13,1,2
1136618,Rajasthan Royals,STR Binny,0,3,0,0
1136618,Rajasthan Royals,SV Samson,50,38,4,2
1136619,Kolkata Knight Riders,AD Russell,3,7,0,0
1136619,Kolkata Knight Riders,CA Lynn,48,31,6,2
1136619,Kolkata Knight Riders,KD Karthik,8,6,1,0
1136619,Kolkata Knight Riders,Kuldeep Yadav,0,3,0,0
1136619,Kolkata Knight Riders,N Rana,22,16,1,2
1136619,Kolkata Knight Riders,PP Chawla,12,12,0,1
1136619,Kolkata Knight Riders,RV Uthappa,2,8,0,0
1136619,Kolkata Knight Riders,SP Narine,26,13,4,1
1136619,Kolkata Knight Riders,Shivam Mavi,6,4,1,0
1136619,Kolkata Knight Riders,Shubman Gill,30,20,2,1
1136619,Sunrisers Hyderabad,B Kumar,5,2,1,0
1136619,Sunrisers Hyderabad,CR Brathwaite,8,4,0,1
1136619,Sunrisers Hyderabad,DJ Hooda,19,19,0,1
1136619,Sunrisers Hyderabad,KS Williamson,3,3,0,0
1136619,Sunrisers Hyderabad,Rashid Khan,34,10,2,4
1136619,Sunrisers Hyderabad,S Dhawan,34,24,4,1
1136619,Sunrisers Hyderabad,Shakib Al Hasan,28,24,4,0
1136619,Sunrisers Hyderabad,WP Saha,35,27,5,0
1136619,Sunrisers Hyderabad,YK Pathan,3,7,0,0
1136620,Chennai Super Kings,AT Rayudu,16,19,1,1
1136620,Chennai Super Kings,F du Plessis,10,11,1,0
1136620,Chennai Super Kings,SK Raina,32,24,3,1
1136620,Chennai Super Kings,SR Watson,117,57,11,8
1136620,Sunrisers Hyderabad,CR Brathwaite,21,11,0,3
1136620,Sunrisers Hyderabad,DJ Hooda,3,4,0,0
1136620,Sunrisers Hyderabad,KS Williamson,47,36,5,2
1136620,Sunrisers Hyderabad,S Dhawan,26,25,2,1
1136620,Sunrisers Hyderabad,SP Goswami,5,4,0,0
1136620,Sunrisers Hyderabad,Shakib Al Hasan,23,15,2,1
1136620,Sunrisers Hyderabad,YK Pathan,45,25,4,2
1175356,Chennai Super Kings,AT Rayudu,28,42,2,1
1175356,Chennai Super Kings,KM Jadhav,13,19,1,0
1175356,Chennai Super Kings,RA Jadeja,6,15,0,0
1175356,Chennai Super Kings,SK Raina,19,20,3,0
1175356,Chennai Super Kings,SR Watson,0,10,0,0
1175356,Royal Challengers Bangalore,AB de Villiers,9,10,0,0
1175356,Royal Challengers Bangalore,C de Grandhomme,4,6,1,0
1175356,Royal Challengers Bangalore,MM Ali,9,8,0,1
1175356,Royal Challengers Bangalore,Mohammed Siraj,0,1,0,0
1175356,Royal Challengers Bangalore,Navdeep Saini,2,3,0,0
1175356,Royal Challengers Bangalore,PA Patel,29,35,2,0
1175356,Royal Challengers Bangalore,S Dube,2,5,0,0
1175356,Royal Challengers Bangalore,SO Hetmyer,0,2,0,0
1175356,Royal Challengers Bangalore,UT Yadav,1,10,0,0
1175356,Royal Challengers Bangalore,V Kohli,6,11,0,0
1175356,Royal Challengers Bangalore,YS Chahal,4,12,0,0
1175357,Kolkata Knight Riders,AD Russell,49,19,4,4
1175357,Kolkata Knight Riders,CA Lynn,7,11,0,1
1175357,Kolkata Knight Riders,KD Karthik,2,4,0,0
1175357,Kolkata Knight Riders,N Rana,68,47,8,3
1175357,Kolkata Knight Riders,RV Uthappa,35,27,3,1
1175357,Kolkata Knight Riders,Shubman Gill,18,10,0,2
1175357,Sunrisers Hyderabad,DA Warner,85,53,9,3
1175357,Sunrisers Hyderabad,JM Bairstow,39,34,3,1
1175357,Sunrisers Hyderabad,MK Pandey,8,5,1,0
1175357,Sunrisers Hyderabad,V Shankar,40,24,2,2
1175357,Sunrisers Hyderabad,YK Pathan,1,4,0,0
1175358,Delhi Capitals,AR Patel,4,2,1,0
1175358,Delhi Capitals,CA Ingram,47,32,7,1
1175358,Delhi Capitals,KMA Paul,3,5,0,0
1175358,Delhi Capitals,PP Shaw,7,5,1,0
1175358,Delhi Capitals,R Tewatia,9,4,0,1
1175358,Delhi Capitals,RR Pant,78,27,7,7
1175358,Delhi Capitals,S Dhawan,43,35,4,1
1175358,Delhi Capitals,SS Iyer,16,10,2,1
1175358,Mumbai Indians,BCJ Cutting,3,4,0,0
1175358,Mumbai Indians,HH Pandya,0,2,0,0
1175358,Mumbai Indians,KA Pollard,21,13,2,1
1175358,Mumbai Indians,KH Pandya,32,15,5,1
1175358,Mumbai Indians,MJ McClenaghan,10,8,2,0
1175358,Mumbai Indians,Q de Kock,27,16,4,1
1175358,Mumbai Indians,RG Sharma,14,13,2,0
1175358,Mumbai Indians,Rasikh Salam,5,4,0,0
1175358,Mumbai Indians,SA Yadav,2,6,0,0
1175358,Mumbai Indians,Yuvraj Singh,53,35,5,3
1175359,Kings XI Punjab,CH Gayle,79,47,8,4
1175359,Kings XI Punjab,KL Rahul,4,4,1,0
1175359,Kings XI Punjab,MA Agarwal,22,24,1,2
1175359,Kings XI Punjab,Mandeep Singh,5,2,0,0
1175359,Kings XI Punjab,N Pooran,12,14,1,0
1175359,Kings XI Punjab,SN Khan,46,29,6,1
1175359,Rajasthan Royals,AM Rahane,27,20,4,0
1175359,Rajasthan Royals,BA Stokes,6,2,0,1
1175359,Rajasthan Royals,DS Kulkarni,5,3,1,0
1175359,Rajasthan Royals,JC Archer,2,2,0,0
1175359,Rajasthan Royals,JC Buttler,69,43,10,2
1175359,Rajasthan Royals,JD Unadkat,1,2,0,0
1175359,Rajasthan Royals,K Gowtham,3,4,0,0
1175359,Rajasthan Royals,RA Tripathi,1,4,0,0
1175359,Rajasthan Royals,S Gopal,1,1,0,0
1175359,Rajasthan Royals,SPD Smith,20,14,1,1
1175359,Rajasthan Royals,SV Samson,30,25,0,1
1175360,Chennai Super Kings,AT Rayudu,5,5,1,0
1175360,Chennai Super Kings,DJ Bravo,4,3,1,0
1175360,Chennai Super Kings,KM Jadhav,27,33,2,0
1175360,Chennai Super Kings,MS Dhoni,32,35,2,1
1175360,Chennai Super Kings,SK Raina,30,16,4,1
1175360,Chennai Super Kings,SR Watson,44,26,4,3
1175360,Delhi Capitals,AR Patel,9,9,1,0
1175360,Delhi Capitals,CA Ingram,2,2,0,0
1175360,Delhi Capitals,KMA Paul,0,4,0,0
1175360,Delhi Capitals,PP Shaw,24,16,5,0
1175360,Delhi Capitals,R Tewatia,11,9,1,0
1175360,Delhi Capitals,RR Pant,25,13,2,1
1175360,Delhi Capitals,S Dhawan,51,47,7,0
1175360,Delhi Capitals,SS Iyer,18,20,0,1
1175361,Kings XI Punjab,CH Gayle,20,13,2,2
1175361,Kings XI Punjab,DA Miller,59,40,5,3
1175361,Kings XI Punjab,KL Rahul,1,5,0,0
1175361,Kings XI Punjab,MA Agarwal,58,34,6,1
1175361,Kings XI Punjab,Mandeep Singh,33,15,4,1
1175361,Kings XI Punjab,SN Khan,13,13,2,0
1175361,Kolkata Knight Riders,AD Russell,48,16,3,5
1175361,Kolkata Knight Riders,CA Lynn,10,10,2,0
1175361,Kolkata Knight Riders,KD Karthik,1,1,0,0
1175361,Kolkata Knight Riders,N Rana,63,34,2,7
1175361,Kolkata Knight Riders,RV Uthappa,67,50,6,2
1175361,Kolkata Knight Riders,SP Narine,24,9,1,3
1175362,Mumbai Indians,HH Pandya,32,13,2,3
1175362,Mumbai Indians,JJ Bumrah,0,1,0,0
1175362,Mumbai Indians,KA Pollard,5,6,0,0
1175362,Mumbai Indians,KH Pandya,1,2,0,0
1175362,Mumbai Indians,M Markande,6,5,1,0
1175362,Mumbai Indians,MJ McClenaghan,1,4,0,0
1175362,Mumbai Indians,Q de Kock,23,20,2,1
1175362,Mumbai Indians,RG Sharma,48,33,8,1
1175362,Mumbai Indians,SA Yadav,38,24,4,1
1175362,Mumbai Indians,Yuvraj Singh,23,12,0,3
1175362,Royal Challengers Bangalore,AB de Villiers,70,41,4,6
1175362,Royal Challengers Bangalore,C de Grandhomme,2,7,0,0
1175362,Royal Challengers Bangalore,MM Ali,13,7,1,1
1175362,Royal Challengers Bangalore,PA Patel,31,22,4,1
1175362,Royal Challengers Bangalore,S Dube,9,5,0,1
1175362,Royal Challengers Bangalore,SO Hetmyer,5,6,0,0
1175362,Royal Challengers Bangalore,V Kohli,46,32,6,0
1175363,Rajasthan Royals,AM Rahane,70,49,4,3
1175363,Rajasthan Royals,BA Stokes,16,9,3,0
1175363,Rajasthan Royals,JC Buttler,5,8,1,0
1175363,Rajasthan Royals,SV Samson,102,54,10,4
1175363,Sunrisers Hyderabad,DA Warner,69,37,9,2
1175363,Sunrisers Hyderabad,JM Bairstow,45,28,6,1
1175363,Sunrisers Hyderabad,KS Williamson,14,10,2,0
1175363,Sunrisers Hyderabad,MK Pandey,1,4,0,0
1175363,Sunrisers Hyderabad,Rashid Khan,15,8,1,1
1175363,Sunrisers Hyderabad,V Shankar,35,15,1,3
1175363,Sunrisers Hyderabad,YK Pathan,16,12,0,1
1175364,Kings XI Punjab,CH Gayle,40,24,3,4
1175364,Kings XI Punjab,DA Miller,15,10,2,0
1175364,Kings XI Punjab,KL Rahul,71,57,6,1
1175364,Kings XI Punjab,MA Agarwal,43,21,4,2
1175364,Mumbai Indians,HH Pandya,31,19,3,1
1175364,Mumbai Indians,KA Pollard,7,9,0,0
1175364,Mumbai Indians,KH Pandya,10,5,2,0
1175364,Mumbai Indians,MJ McClenaghan,0,2,0,0
1175364,Mumbai Indians,Q de Kock,60,39,6,2
1175364,Mumbai Indians,RG Sharma,32,18,5,0
1175364,Mumbai Indians,SA Yadav,11,6,2,0
1175364,Mumbai Indians,Yuvraj Singh,18,22,2,0
1175365,Delhi Capitals,CA Ingram,10,7,1,0
1175365,Delhi Capitals,GH Vihari,2,3,0,0
1175365,Delhi Capitals,PP Shaw,99,55,12,3
1175365,Delhi Capitals,RR Pant,17,19,1,0
1175365,Delhi Capitals,S Dhawan,16,8,2,1
1175365,Delhi Capitals,SS Iyer,47,34,5,2
1175365,Kolkata Knight Riders,AD Russell,66,30,5,6
1175365,Kolkata Knight Riders,CA Lynn,20,18,3,0
1175365,Kolkata Knight Riders,KD Karthik,51,37,5,2
1175365,Kolkata Knight Riders,Kuldeep Yadav,10,5,1,0
1175365,Kolkata Knight Riders,N Rana,1,2,0,0
1175365,Kolkata Knight Riders,NS Naik,7,16,1,0
1175365,Kolkata Knight Riders,PP Chawla,12,5,1,1
1175365,Kolkata Knight Riders,RV Uthappa,13,8,2,0
1175365,Kolkata Knight Riders,Shubman Gill,4,5,0,0
1175366,Royal Challengers Bangalore,AB de Villiers,1,2,0,0
1175366,Royal Challengers Bangalore,C de Grandhomme,37,32,3,2
1175366,Royal Challengers Bangalore,MM Ali,2,8,0,0
1175366,Royal Challengers Bangalore,Mohammed Siraj,3,7,0,0
1175366,Royal Challengers Bangalore,P Ray Barman,19,24,2,0
1175366,Royal Challengers Bangalore,PA Patel,11,8,2,0
1175366,Royal Challengers Bangalore,S Dube,5,7,1,0
1175366,Royal Challengers Bangalore,SO Hetmyer,9,9,0,1
1175366,Royal Challengers Bangalore,UT Yadav,14,9,1,1
1175366,Royal Challengers Bangalore,V Kohli,3,10,0,0
1175366,Royal Challengers Bangalore,YS Chahal,1,3,0,0
1175366,Sunrisers Hyderabad,DA Warner,100,55,5,5
1175366,Sunrisers Hyderabad,JM Bairstow,114,56,12,7
1175366,Sunrisers Hyderabad,V Shankar,9,3,0,1
1175366,Sunrisers Hyderabad,YK Pathan,6,6,0,0
1175367,Chennai Super Kings,AT Rayudu,1,8,0,0
1175367,Chennai Super Kings,DJ Bravo,27,16,3,1
1175367,Chennai Super Kings,KM Jadhav,8,3,2,0
1175367,Chennai Super Kings,MS Dhoni,75,45,4,4
1175367,Chennai Super Kings,RA Jadeja,8,3,0,1
1175367,Chennai Super Kings,SK Raina,36,32,4,1
1175367,Chennai Super Kings,SR Watson,13,13,1,1
1175367,Rajasthan Royals,AM Rahane,0,2,0,0
1175367,Rajasthan Royals,BA Stokes,46,26,1,3
1175367,Rajasthan Royals,JC Archer,24,11,1,2
1175367,Rajasthan Royals,JC Buttler,6,7,1,0
1175367,Rajasthan Royals,K Gowtham,9,8,0,1
1175367,Rajasthan Royals,RA Tripathi,39,23,5,1
1175367,Rajasthan Royals,S Gopal,0,3,0,0
1175367,Rajasthan Royals,SPD Smith,28,30,2,0
1175367,Rajasthan Royals,SV Samson,8,10,1,0
1175368,Delhi Capitals,Avesh Khan,4,3,1,0
1175368,Delhi Capitals,CA Ingram,38,29,4,1
1175368,Delhi Capitals,CH Morris,0,1,0,0
1175368,Delhi Capitals,GH Vihari,2,5,0,0
1175368,Delhi Capitals,HV Patel,0,2,0,0
1175368,Delhi Capitals,K Rabada,0,1,0,0
1175368,Delhi Capitals,PP Shaw,0,1,0,0
1175368,Delhi Capitals,RR Pant,39,26,3,2
1175368,Delhi Capitals,S Dhawan,30,25,4,0
1175368,Delhi Capitals,S Lamichhane,0,1,0,0
1175368,Delhi Capitals,SS Iyer,28,22,5,0
1175368,Kings XI Punjab,DA Miller,43,30,4,2
1175368,Kings XI Punjab,GC Viljoen,1,3,0,0
1175368,Kings XI Punjab,KL Rahul,15,11,2,1
1175368,Kings XI Punjab,M Ashwin,1,2,0,0
1175368,Kings XI Punjab,MA Agarwal,6,9,0,0
1175368,Kings XI Punjab,Mandeep Singh,29,21,2,1
1175368,Kings XI Punjab,Mohammed Shami,0,1,0,0
1175368,Kings XI Punjab,R Ashwin,3,4,0,0
1175368,Kings XI Punjab,SM Curran,20,10,3,1
1175368,Kings XI Punjab,SN Khan,39,29,6,0
1175369,Rajasthan Royals,AM Rahane,22,20,4,0
1175369,Rajasthan Royals,BA Stokes,1,2,0,0
1175369,Rajasthan Royals,JC Buttler,59,43,8,1
1175369,Rajasthan Royals,RA Tripathi,34,23,3,1
1175369,Rajasthan Royals,SPD Smith,38,31,2,1
1175369,Royal Challengers Bangalore,AB de Villiers,13,9,2,0
1175369,Royal Challengers Bangalore,MM Ali,18,9,2,1
1175369,Royal Challengers Bangalore,MP Stoinis,31,28,2,1
1175369,Royal Challengers Bangalore,PA Patel,67,40,9,1
1175369,Royal Challengers Bangalore,SO Hetmyer,1,9,0,0
1175369,Royal Challengers Bangalore,V Kohli,23,25,3,0
1175370,Chennai Super Kings,AT Rayudu,0,1,0,0
1175370,Chennai Super Kings,DJ Bravo,8,9,0,1
1175370,Chennai Super Kings,DL Chahar,7,7,1,0
1175370,Chennai Super Kings,KM Jadhav,58,53,8,1
1175370,Chennai Super Kings,MM Sharma,0,2,0,0
1175370,Chennai Super Kings,MS Dhoni,12,21,0,0
1175370,Chennai Super Kings,RA Jadeja,1,2,0,0
1175370,Chennai Super Kings,SK Raina,16,15,2,1
1175370,Chennai Super Kings,SN Thakur,12,5,1,1
1175370,Chennai Super Kings,SR Watson,5,5,1,0
1175370,Mumbai Indians,HH Pandya,25,8,1,3
1175370,Mumbai Indians,KA Pollard,17,6,0,2
1175370,Mumbai Indians,KH Pandya,42,32,5,1
1175370,Mumbai Indians,Q de Kock,4,7,1,0
1175370,Mumbai Indians,RG Sharma,13,18,1,0
1175370,Mumbai Indians,SA Yadav,59,43,8,1
1175370,Mumbai Indians,Yuvraj Singh,4,6,0,0
1175371,Delhi Capitals,AR Patel,23,13,1,2
1175371,Delhi Capitals,CA Ingram,5,8,0,0
1175371,Delhi Capitals,CH Morris,17,15,1,1
1175371,Delhi Capitals,K Rabada,3,4,0,0
1175371,Delhi Capitals,PP Shaw,11,11,2,0
1175371,Delhi Capitals,R Tewatia,5,7,1,0
1175371,Delhi Capitals,RR Pant,5,7,0,0
1175371,Delhi Capitals,S Dhawan,12,14,1,0
1175371,Delhi Capitals,SS Iyer,43,41,3,1
1175371,Sunrisers Hyderabad,DA Warner,10,18,0,0
1175371,Sunrisers Hyderabad,DJ Hooda,10,11,1,0
1175371,Sunrisers Hyderabad,JM Bairstow,48,28,9,1
1175371,Sunrisers Hyderabad,MK Pandey,10,13,0,0
1175371,Sunrisers Hyderabad,Mohammad Nabi,17,9,2,1
1175371,Sunrisers Hyderabad,V Shankar,16,21,1,0
1175371,Sunrisers Hyderabad,YK Pathan,9,11,1,0
1175372,Kolkata Knight Riders,AD Russell,48,12,1,7
1175372,Kolkata Knight Riders,CA Lynn,43,30,4,2
1175372,Kolkata Knight Riders,KD Karthik,19,15,1,1
1175372,Kolkata Knight Riders,N Rana,37,23,1,2
1175372,Kolkata Knight Riders,RV Uthappa,33,25,6,0
1175372,Kolkata Knight Riders,SP Narine,10,7,2,0
1175372,Kolkata Knight Riders,Shubman Gill,3,3,0,0
1175372,Royal Challengers Bangalore,AB de Villiers,63,32,5,4
1175372,Royal Challengers Bangalore,MM Ali,0,2,0,0
1175372,Royal Challengers Bangalore,MP Stoinis,28,13,3,1
1175372,Royal Challengers Bangalore,PA Patel,25,24,3,0
1175372,Royal Challengers Bangalore,V Kohli,84,49,9,2
1178393,Chennai Super Kings,AT Rayudu,21,15,1,1
1178393,Chennai Super Kings,F du Plessis,54,38,2,4
1178393,Chennai Super Kings,MS Dhoni,37,23,4,1
1178393,Chennai Super Kings,SK Raina,17,20,1,0
1178393,Chennai Super Kings,SR Watson,26,24,3,1
1178393,Kings XI Punjab,CH Gayle,5,7,1,0
1178393,Kings XI Punjab,DA Miller,6,5,1,0
1178393,Kings XI Punjab,KL Rahul,55,47,3,1
1178393,Kings XI Punjab,MA Agarwal,0,2,0,0
1178393,Kings XI Punjab,Mandeep Singh,1,1,0,0
1178393,Kings XI Punjab,SM Curran,0,1,0,0
1178393,Kings XI Punjab,SN Khan,67,57,4,2
1178394,Mumbai Indians,HH Pandya,14,14,0,1
1178394,Mumbai Indians,Ishan Kishan,17,21,2,0
1178394,Mumbai Indians,KA Pollard,46,25,2,4
1178394,Mumbai Indians,KH Pandya,6,13,0,0
1178394,Mumbai Indians,Q de Kock,19,18,1,1
1178394,Mumbai Indians,RD Chahar,10,7,2,0
1178394,Mumbai Indians,RG Sharma,11,14,0,1
1178394,Mumbai Indians,SA Yadav,7,8,1,0
1178394,Sunrisers Hyderabad,B Kumar,2,6,0,0
1178394,Sunrisers Hyderabad,DA Warner,15,13,2,0
1178394,Sunrisers Hyderabad,DJ Hooda,20,24,1,0
1178394,Sunrisers Hyderabad,JM Bairstow,16,10,3,0
1178394,Sunrisers Hyderabad,MK Pandey,16,21,0,0
1178394,Sunrisers Hyderabad,Mohammad Nabi,11,14,0,1
1178394,Sunrisers Hyderabad,Rashid Khan,0,1,0,0
1178394,Sunrisers Hyderabad,S Kaul,0,1,0,0
1178394,Sunrisers Hyderabad,Sandeep Sharma,5,2,1,0
1178394,Sunrisers Hyderabad,V Shankar,5,10,1,0
1178394,Sunrisers Hyderabad,YK Pathan,0,4,0,0
1178395,Delhi Capitals,AR Patel,4,1,1,0
1178395,Delhi Capitals,CA Ingram,22,21,2,1
1178395,Delhi Capitals,CH Morris,0,3,0,0
1178395,Delhi Capitals,PP Shaw,28,22,5,0
1178395,Delhi Capitals,R Tewatia,1,2,0,0
1178395,Delhi Capitals,RR Pant,18,14,2,0
1178395,Delhi Capitals,S Dhawan,0,1,0,0
1178395,Delhi Capitals,SS Iyer,67,49,8,2
1178395,Royal Challengers Bangalore,AB de Villiers,17,16,1,1
1178395,Royal Challengers Bangalore,AD Nath,19,12,4,0
1178395,Royal Challengers Bangalore,MM Ali,32,18,1,3
1178395,Royal Challengers Bangalore,MP Stoinis,15,17,0,1
1178395,Royal Challengers Bangalore,Mohammed Siraj,1,4,0,0
1178395,Royal Challengers Bangalore,P Negi,0,1,0,0
1178395,Royal Challengers Bangalore,PA Patel,9,9,1,0
1178395,Royal Challengers Bangalore,TG Southee,9,9,0,0
1178395,Royal Challengers Bangalore,V Kohli,41,33,1,2
1178395,Royal Challengers Bangalore,YS Chahal,1,1,0,0
1178396,Kolkata Knight Riders,CA Lynn,50,32,6,3
1178396,Kolkata Knight Riders,RV Uthappa,26,16,1,2
1178396,Kolkata Knight Riders,SP Narine,47,25,6,3
1178396,Kolkata Knight Riders,Shubman Gill,6,10,0,0
1178396,Rajasthan Royals,AM Rahane,5,7,1,0
1178396,Rajasthan Royals,BA Stokes,7,12,0,0
1178396,Rajasthan Royals,JC Buttler,37,34,5,1
1178396,Rajasthan Royals,RA Tripathi,6,8,0,0
1178396,Rajasthan Royals,SPD Smith,73,59,7,1
1178397,Kings XI Punjab,CH Gayle,16,14,1,1
1178397,Kings XI Punjab,DA Miller,1,3,0,0
1178397,Kings XI Punjab,KL Rahul,71,53,7,1
1178397,Kings XI Punjab,MA Agarwal,55,43,3,3
1178397,Kings XI Punjab,Mandeep Singh,2,3,0,0
1178397,Kings XI Punjab,SM Curran,5,3,0,0
1178397,Sunrisers Hyderabad,DA Warner,70,62,6,1
1178397,Sunrisers Hyderabad,DJ Hooda,14,3,2,1
1178397,Sunrisers Hyderabad,JM Bairstow,1,6,0,0
1178397,Sunrisers Hyderabad,MK Pandey,19,15,2,0
1178397,Sunrisers Hyderabad,Mohammad Nabi,12,7,0,0
1178397,Sunrisers Hyderabad,V Shankar,26,27,2,0
1178398,Chennai Super Kings,AT Rayudu,21,30,2,0
1178398,Chennai Super Kings,F du Plessis,43,45,3,0
1178398,Chennai Super Kings,KM Jadhav,8,7,1,0
1178398,Chennai Super Kings,SK Raina,14,13,1,1
1178398,Chennai Super Kings,SR Watson,17,9,2,1
1178398,Kolkata Knight Riders,AD Russell,50,44,5,3
1178398,Kolkata Knight Riders,CA Lynn,0,5,0,0
1178398,Kolkata Knight Riders,HF Gurney,1,5,0,0
1178398,Kolkata Knight Riders,KD Karthik,19,21,3,0
1178398,Kolkata Knight Riders,Kuldeep Yadav,0,1,0,0
1178398,Kolkata Knight Riders,M Prasidh Krishna,0,2,0,0
1178398,Kolkata Knight Riders,N Rana,0,3,0,0
1178398,Kolkata Knight Riders,PP Chawla,8,13,0,1
1178398,Kolkata Knight Riders,RV Uthappa,11,9,2,0
1178398,Kolkata Knight Riders,SP Narine,6,5,0,0
1178398,Kolkata Knight Riders,Shubman Gill,9,12,0,0
1178399,Kings XI Punjab,CH Gayle,63,36,3,7
1178399,Kings XI Punjab,DA Miller,7,8,1,0
1178399,Kings XI Punjab,KK Nair,5,6,0,0
1178399,Kings XI Punjab,KL Rahul,100,64,6,6
1178399,Kings XI Punjab,Mandeep Singh,7,3,1,0
1178399,Kings XI Punjab,SM Curran,8,3,2,0
1178399,Mumbai Indians,AS Joseph,15,13,2,0
1178399,Mumbai Indians,HH Pandya,19,13,2,0
1178399,Mumbai Indians,Ishan Kishan,7,10,1,0
1178399,Mumbai Indians,KA Pollard,83,30,3,10
1178399,Mumbai Indians,KH Pandya,1,2,0,0
1178399,Mumbai Indians,Q de Kock,24,23,2,0
1178399,Mumbai Indians,RD Chahar,1,1,0,0
1178399,Mumbai Indians,SA Yadav,21,15,4,0
1178399,Mumbai Indians,SD Lad,15,13,1,1
1178400,Chennai Super Kings,AT Rayudu,57,47,2,3
1178400,Chennai Super Kings,F du Plessis,7,10,0,0
1178400,Chennai Super Kings,KM Jadhav,1,6,0,0
1178400,Chennai Super Kings,MJ Santner,10,3,0,1
1178400,Chennai Super Kings,MS Dhoni,58,43,2,3
1178400,Chennai Super Kings,RA Jadeja,9,3,0,1
1178400,Chennai Super Kings,SK Raina,4,4,1,0
1178400,Chennai Super Kings,SR Watson,0,4,0,0
1178400,Rajasthan Royals,AM Rahane,14,11,3,0
1178400,Rajasthan Royals,BA Stokes,28,26,1,0
1178400,Rajasthan Royals,JC Archer,13,12,1,0
1178400,Rajasthan Royals,JC Buttler,23,10,4,1
1178400,Rajasthan Royals,R Parag,16,14,2,0
1178400,Rajasthan Royals,RA Tripathi,10,12,1,0
1178400,Rajasthan Royals,S Gopal,19,7,2,1
1178400,Rajasthan Royals,SPD Smith,15,22,1,0
1178400,Rajasthan Royals,SV Samson,6,6,1,0
1178401,Delhi Capitals,CA Ingram,14,6,1,1
1178401,Delhi Capitals,PP Shaw,14,7,0,2
1178401,Delhi Capitals,RR Pant,46,31,4,2
1178401,Delhi Capitals,S Dhawan,97,63,11,2
1178401,Delhi Capitals,SS Iyer,6,6,1,0
1178401,Kolkata Knight Riders,AD Russell,45,21,3,4
1178401,Kolkata Knight Riders,CR Brathwaite,6,7,0,0
1178401,Kolkata Knight Riders,JL Denly,0,1,0,0
1178401,Kolkata Knight Riders,KD Karthik,2,3,0,0
1178401,Kolkata Knight Riders,Kuldeep Yadav,2,2,0,0
1178401,Kolkata Knight Riders,N Rana,11,12,0,1
1178401,Kolkata Knight Riders,PP Chawla,14,6,2,0
1178401,Kolkata Knight Riders,RV Uthappa,28,30,4,1
1178401,Kolkata Knight Riders,Shubman Gill,65,38,7,2
1178402,Mumbai Indians,HH Pandya,28,11,1,3
1178402,Mumbai Indians,Ishan Kishan,5,3,1,0
1178402,Mumbai Indians,KA Pollard,6,12,0,0
1178402,Mumbai Indians,Q de Kock,81,52,6,4
1178402,Mumbai Indians,RG Sharma,47,32,6,1
1178402,Mumbai Indians,SA Yadav,16,10,0,1
1178402,Rajasthan Royals,AM Rahane,37,21,6,1
1178402,Rajasthan Royals,JC Buttler,89,43,8,7
1178402,Rajasthan Royals,K Gowtham,0,1,0,0
1178402,Rajasthan Royals,LS Livingstone,1,2,0,0
1178402,Rajasthan Royals,RA Tripathi,1,2,0,0
1178402,Rajasthan Royals,S Gopal,13,7,2,0
1178402,Rajasthan Royals,SPD Smith,12,15,1,0
1178402,Rajasthan Royals,SV Samson,31,26,2,1
1178403,Kings XI Punjab,CH Gayle,99,64,10,5
1178403,Kings XI Punjab,KL Rahul,18,15,2,1
1178403,Kings XI Punjab,MA Agarwal,15,9,1,1
1178403,Kings XI Punjab,Mandeep Singh,18,16,1,0
1178403,Kings XI Punjab,SM Curran,1,3,0,0
1178403,Kings XI Punjab,SN Khan,15,13,1,1
1178403,Royal Challengers Bangalore,AB de Villiers,59,38,5,2
1178403,Royal Challengers Bangalore,MP Stoinis,28,16,4,0
1178403,Royal Challengers Bangalore,PA Patel,19,9,4,0
1178403,Royal Challengers Bangalore,V Kohli,67,53,8,0
1178404,Chennai Super Kings,AT Rayudu,5,11,0,0
1178404,Chennai Super Kings,F du Plessis,24,16,5,0
1178404,Chennai Super Kings,KM Jadhav,20,12,3,1
1178404,Chennai Super Kings,MS Dhoni,16,13,0,1
1178404,Chennai Super Kings,RA Jadeja,31,17,5,0
1178404,Chennai Super Kings,SK Raina,58,42,7,1
1178404,Chennai Super Kings,SR Watson,6,7,1,0
1178404,Kolkata Knight Riders,AD Russell,10,4,1,1
1178404,Kolkata Knight Riders,CA Lynn,82,51,7,6
1178404,Kolkata Knight Riders,KD Karthik,18,14,2,0
1178404,Kolkata Knight Riders,N Rana,21,18,3,0
1178404,Kolkata Knight Riders,PP Chawla,4,5,0,0
1178404,Kolkata Knight Riders,RV Uthappa,0,1,0,0
1178404,Kolkata Knight Riders,SP Narine,2,7,0,0
1178404,Kolkata Knight Riders,Shubman Gill,15,20,0,0
1178405,Delhi Capitals,AR Patel,14,10,1,0
1178405,Delhi Capitals,C Munro,40,24,4,3
1178405,Delhi Capitals,CH Morris,4,8,0,0
1178405,Delhi Capitals,K Rabada,2,2,0,0
1178405,Delhi Capitals,KMA Paul,7,4,0,1
1178405,Delhi Capitals,PP Shaw,4,5,0,0
1178405,Delhi Capitals,RR Pant,23,19,3,0
1178405,Delhi Capitals,S Dhawan,7,8,1,0
1178405,Delhi Capitals,SS Iyer,45,40,5,0
1178405,Sunrisers Hyderabad,Abhishek Sharma,2,3,0,0
1178405,Sunrisers Hyderabad,B Kumar,2,4,0,0
1178405,Sunrisers Hyderabad,DA Warner,51,47,3,1
1178405,Sunrisers Hyderabad,DJ Hooda,3,4,0,0
1178405,Sunrisers Hyderabad,JM Bairstow,41,30,5,1
1178405,Sunrisers Hyderabad,KK Ahmed,0,1,0,0
1178405,Sunrisers Hyderabad,KS Williamson,3,8,0,0
1178405,Sunrisers Hyderabad,RK Bhui,7,12,0,0
1178405,Sunrisers Hyderabad,Rashid Khan,0,1,0,0
1178405,Sunrisers Hyderabad,Sandeep Sharma,1,1,0,0
1178405,Sunrisers Hyderabad,V Shankar,1,2,0,0
1178406,Mumbai Indians,HH Pandya,37,16,5,2
1178406,Mumbai Indians,Ishan Kishan,21,9,0,3
1178406,Mumbai Indians,KH Pandya,11,21,1,0
1178406,Mumbai Indians,Q de Kock,40,26,5,2
1178406,Mumbai Indians,RG Sharma,28,19,2,2
1178406,Mumbai Indians,SA Yadav,29,23,2,1
1178406,Royal Challengers Bangalore,AB de Villiers,75,51,6,4
1178406,Royal Challengers Bangalore,AD Nath,2,3,0,0
1178406,Royal Challengers Bangalore,MM Ali,50,32,1,5
1178406,Royal Challengers Bangalore,MP Stoinis,0,2,0,0
1178406,Royal Challengers Bangalore,P Negi,0,2,0,0
1178406,Royal Challengers Bangalore,PA Patel,28,20,4,1
1178406,Royal Challengers Bangalore,UT Yadav,0,1,0,0
1178406,Royal Challengers Bangalore,V Kohli,8,9,1,0
1178407,Kings XI Punjab,CH Gayle,30,22,2,3
1178407,Kings XI Punjab,DA Miller,40,27,2,2
1178407,Kings XI Punjab,KL Rahul,52,47,3,2
1178407,Kings XI Punjab,MA Agarwal,26,12,1,2
1178407,Kings XI Punjab,Mandeep Singh,0,2,0,0
1178407,Kings XI Punjab,Mujeeb Ur Rahman,0,1,0,0
1178407,Kings XI Punjab,N Pooran,5,6,0,0
1178407,Kings XI Punjab,R Ashwin,17,4,1,2
1178407,Rajasthan Royals,AJ Turner,0,1,0,0
1178407,Rajasthan Royals,AM Rahane,26,21,1,0
1178407,Rajasthan Royals,JC Archer,1,3,0,0
1178407,Rajasthan Royals,JC Buttler,23,17,1,2
1178407,Rajasthan Royals,RA Tripathi,50,45,4,0
1178407,Rajasthan Royals,S Gopal,0,1,0,0
1178407,Rajasthan Royals,STR Binny,33,11,2,3
1178407,Rajasthan Royals,SV Samson,27,21,2,0
1178408,Chennai Super Kings,AT Rayudu,25,21,2,0
1178408,Chennai Super Kings,F du Plessis,45,31,3,3
1178408,Chennai Super Kings,KM Jadhav,1,2,0,0
1178408,Chennai Super Kings,RA Jadeja,10,20,0,0
1178408,Chennai Super Kings,SK Raina,13,13,2,0
1178408,Chennai Super Kings,SR Watson,31,29,4,0
1178408,Chennai Super Kings,SW Billings,0,4,0,0
1178408,Sunrisers Hyderabad,DA Warner,50,25,10,0
1178408,Sunrisers Hyderabad,DJ Hooda,13,16,1,0
1178408,Sunrisers Hyderabad,JM Bairstow,61,44,3,3
1178408,Sunrisers Hyderabad,KS Williamson,3,5,0,0
1178408,Sunrisers Hyderabad,V Shankar,7,11,0,0
1178409,Delhi Capitals,A Mishra,6,8,0,0
1178409,Delhi Capitals,AR Patel,26,23,1,1
1178409,Delhi Capitals,C Munro,3,9,0,0
1178409,Delhi Capitals,CH Morris,11,9,0,1
1178409,Delhi Capitals,K Rabada,9,8,0,1
1178409,Delhi Capitals,PP Shaw,20,24,2,0
1178409,Delhi Capitals,RR Pant,7,11,0,0
1178409,Delhi Capitals,S Dhawan,35,22,5,1
1178409,Delhi Capitals,SS Iyer,3,6,0,0
1178409,Mumbai Indians,BCJ Cutting,2,4,0,0
1178409,Mumbai Indians,HH Pandya,32,15,2,3
1178409,Mumbai Indians,KH Pandya,37,26,5,0
1178409,Mumbai Indians,Q de Kock,35,27,2,2
1178409,Mumbai Indians,RG Sharma,30,21,3,1
1178409,Mumbai Indians,SA Yadav,26,27,2,0
1178410,Kolkata Knight Riders,AD Russell,65,25,2,9
1178410,Kolkata Knight Riders,CA Lynn,1,2,0,0
1178410,Kolkata Knight Riders,N Rana,85,46,9,5
1178410,Kolkata Knight Riders,RV Uthappa,9,20,1,0
1178410,Kolkata Knight Riders,SP Narine,18,16,4,0
1178410,Kolkata Knight Riders,Shubman Gill,9,11,1,0
1178410,Royal Challengers Bangalore,AD Nath,13,15,0,1
1178410,Royal Challengers Bangalore,MM Ali,66,28,5,6
1178410,Royal Challengers Bangalore,MP Stoinis,17,8,2,1
1178410,Royal Challengers Bangalore,PA Patel,11,11,2,0
1178410,Royal Challengers Bangalore,V Kohli,100,58,9,4
1178411,Mumbai Indians,BCJ Cutting,13,9,1,1
1178411,Mumbai Indians,HH Pandya,23,15,2,1
1178411,Mumbai Indians,KA Pollard,10,7,0,1
1178411,Mumbai Indians,KH Pandya,2,2,0,0
1178411,Mumbai Indians,Q de Kock,65,47,6,2
1178411,Mumbai Indians,RG Sharma,5,7,1,0
1178411,Mumbai Indians,SA Yadav,34,33,1,1
1178411,Rajasthan Royals,AJ Turner,0,1,0,0
1178411,Rajasthan Royals,AM Rahane,12,12,2,0
1178411,Rajasthan Royals,BA Stokes,0,2,0,0
1178411,Rajasthan Royals,R Parag,43,29,5,1
1178411,Rajasthan Royals,SPD Smith,59,48,5,1
1178411,Rajasthan Royals,STR Binny,7,4,1,0
1178411,Rajasthan Royals,SV Samson,35,19,6,1
1178412,Delhi Capitals,AR Patel,1,1,0,0
1178412,Delhi Capitals,CA Ingram,19,9,4,0
1178412,Delhi Capitals,PP Shaw,13,11,1,1
1178412,Delhi Capitals,RR Pant,6,7,1,0
1178412,Delhi Capitals,S Dhawan,56,40,7,1
1178412,Delhi Capitals,SE Rutherford,2,2,0,0
1178412,Delhi Capitals,SS Iyer,58,48,5,1
1178412,Kings XI Punjab,CH Gayle,69,37,6,5
1178412,Kings XI Punjab,DA Miller,7,5,1,0
1178412,Kings XI Punjab,GC Viljoen,2,3,0,0
1178412,Kings XI Punjab,Harpreet Brar,20,12,2,1
1178412,Kings XI Punjab,KL Rahul,12,9,1,1
1178412,Kings XI Punjab,MA Agarwal,2,9,0,0
1178412,Kings XI Punjab,Mandeep Singh,30,27,1,1
1178412,Kings XI Punjab,R Ashwin,16,14,2,0
1178412,Kings XI Punjab,SM Curran,0,4,0,0
1178413,Kolkata Knight Riders,AD Russell,15,9,0,2
1178413,Kolkata Knight Riders,CA Lynn,51,47,4,1
1178413,Kolkata Knight Riders,KC Cariappa,9,3,0,1
1178413,Kolkata Knight Riders,KD Karthik,6,4,1,0
1178413,Kolkata Knight Riders,N Rana,11,11,1,0
1178413,Kolkata Knight Riders,PP Chawla,4,8,1,0
1178413,Kolkata Knight Riders,RK Singh,30,25,1,2
1178413,Kolkata Knight Riders,SP Narine,25,8,3,2
1178413,Kolkata Knight Riders,Shubman Gill,3,4,0,0
1178413,Kolkata Knight Riders,Y Prithvi Raj,0,1,0,0
1178413,Sunrisers Hyderabad,DA Warner,67,38,3,5
1178413,Sunrisers Hyderabad,JM Bairstow,80,43,7,4
1178413,Sunrisers Hyderabad,KS Williamson,8,9,0,0
1178414,Chennai Super Kings,AT Rayudu,29,29,2,1
1178414,Chennai Super Kings,DJ Bravo,5,4,0,0
1178414,Chennai Super Kings,F du Plessis,5,15,0,0
1178414,Chennai Super Kings,KM Jadhav,9,9,2,0
1178414,Chennai Super Kings,MS Dhoni,84,47,5,7
1178414,Chennai Super Kings,RA Jadeja,11,12,0,0
1178414,Chennai Super Kings,SK Raina,0,1,0,0
1178414,Chennai Super Kings,SR Watson,5,3,1,0
1178414,Royal Challengers Bangalore,AB de Villiers,25,19,3,1
1178414,Royal Challengers Bangalore,AD Nath,24,20,1,1
1178414,Royal Challengers Bangalore,MM Ali,26,16,5,0
1178414,Royal Challengers Bangalore,MP Stoinis,14,13,0,1
1178414,Royal Challengers Bangalore,P Negi,5,6,0,0
1178414,Royal Challengers Bangalore,PA Patel,53,37,2,4
1178414,Royal Challengers Bangalore,UT Yadav,1,1,0,0
1178414,Royal Challengers Bangalore,V Kohli,9,8,2,0
1178415,Delhi Capitals,CA Ingram,3,5,0,0
1178415,Delhi Capitals,PP Shaw,42,39,4,1
1178415,Delhi Capitals,RR Pant,78,35,6,4
1178415,Delhi Capitals,S Dhawan,54,27,8,2
1178415,Delhi Capitals,SE Rutherford,11,5,1,1
1178415,Delhi Capitals,SS Iyer,4,5,0,0
1178415,Rajasthan Royals,AJ Turner,0,1,0,0
1178415,Rajasthan Royals,AM Rahane,105,63,11,3
1178415,Rajasthan Royals,BA Stokes,8,8,1,0
1178415,Rajasthan Royals,R Parag,4,3,1,0
1178415,Rajasthan Royals,SPD Smith,50,32,8,0
1178415,Rajasthan Royals,STR Binny,19,13,2,0
1178416,Chennai Super Kings,AT Rayudu,21,25,1,0
1178416,Chennai Super Kings,F du Plessis,1,7,0,0
1178416,Chennai Super Kings,KM Jadhav,11,10,0,1
1178416,Chennai Super Kings,SK Raina,38,24,6,1
1178416,Chennai Super Kings,SR Watson,96,53,9,6
1178416,Sunrisers Hyderabad,DA Warner,57,45,3,2
1178416,Sunrisers Hyderabad,JM Bairstow,0,2,0,0
1178416,Sunrisers Hyderabad,MK Pandey,83,49,7,3
1178416,Sunrisers Hyderabad,V Shankar,26,20,2,1
1178416,Sunrisers Hyderabad,YK Pathan,5,4,0,0
1178417,Kings XI Punjab,CH Gayle,23,10,4,1
1178417,Kings XI Punjab,DA Miller,24,25,2,0
1178417,Kings XI Punjab,GC Viljoen,0,1,0,0
1178417,Kings XI Punjab,KL Rahul,42,27,7,1
1178417,Kings XI Punjab,M Ashwin,1,2,0,0
1178417,Kings XI Punjab,MA Agarwal,35,21,5,1
1178417,Kings XI Punjab,Mandeep Singh,4,4,0,0
1178417,Kings XI Punjab,N Pooran,46,28,1,5
1178417,Kings XI Punjab,R Ashwin,6,2,0,1
1178417,Royal Challengers Bangalore,AB de Villiers,82,44,3,7
1178417,Royal Challengers Bangalore,AD Nath,3,7,0,0
1178417,Royal Challengers Bangalore,MM Ali,4,5,1,0
1178417,Royal Challengers Bangalore,MP Stoinis,46,34,2,3
1178417,Royal Challengers Bangalore,PA Patel,43,22,7,2
1178417,Royal Challengers Bangalore,V Kohli,13,8,2,0
1178418,Kolkata Knight Riders,AD Russell,14,14,0,1
1178418,Kolkata Knight Riders,CA Lynn,0,3,0,0
1178418,Kolkata Knight Riders,CR Brathwaite,5,2,1,0
1178418,Kolkata Knight Riders,KD Karthik,97,50,7,9
1178418,Kolkata Knight Riders,N Rana,21,26,3,0
1178418,Kolkata Knight Riders,RK Singh,3,3,0,0
1178418,Kolkata Knight Riders,SP Narine,11,8,1,1
1178418,Kolkata Knight Riders,Shubman Gill,14,14,2,0
1178418,Rajasthan Royals,AM Rahane,34,21,5,1
1178418,Rajasthan Royals,BA Stokes,11,10,2,0
1178418,Rajasthan Royals,JC Archer,27,12,2,2
1178418,Rajasthan Royals,JD Unadkat,0,1,0,0
1178418,Rajasthan Royals,R Parag,47,31,5,2
1178418,Rajasthan Royals,S Gopal,18,9,4,0
1178418,Rajasthan Royals,SPD Smith,2,6,0,0
1178418,Rajasthan Royals,STR Binny,11,11,0,1
1178418,Rajasthan Royals,SV Samson,22,15,0,2
1178419,Chennai Super Kings,AT Rayudu,0,3,0,0
1178419,Chennai Super Kings,DJ Bravo,20,17,2,0
1178419,Chennai Super Kings,DL Chahar,0,2,0,0
1178419,Chennai Super Kings,DR Shorey,5,8,0,0
1178419,Chennai Super Kings,Harbhajan Singh,1,3,0,0
1178419,Chennai Super Kings,KM Jadhav,6,11,0,0
1178419,Chennai Super Kings,M Vijay,38,35,3,1
1178419,Chennai Super Kings,MJ Santner,22,19,0,2
1178419,Chennai Super Kings,SK Raina,2,4,0,0
1178419,Chennai Super Kings,SR Watson,8,4,2,0
1178419,Mumbai Indians,E Lewis,32,30,3,1
1178419,Mumbai Indians,HH Pandya,23,18,1,1
1178419,Mumbai Indians,KA Pollard,13,12,2,0
1178419,Mumbai Indians,KH Pandya,1,3,0,0
1178419,Mumbai Indians,Q de Kock,15,9,1,1
1178419,Mumbai Indians,RG Sharma,67,48,6,3
1178420,Rajasthan Royals,AJ Turner,3,7,0,0
1178420,Rajasthan Royals,AM Rahane,39,34,4,1
1178420,Rajasthan Royals,LS Livingstone,44,26,4,3
1178420,Rajasthan Royals,SPD Smith,22,16,3,0
1178420,Rajasthan Royals,SV Samson,48,32,4,1
1178420,Sunrisers Hyderabad,B Kumar,1,4,0,0
1178420,Sunrisers Hyderabad,DA Warner,37,32,0,0
1178420,Sunrisers Hyderabad,DJ Hooda,0,1,0,0
1178420,Sunrisers Hyderabad,KS Williamson,13,14,2,0
1178420,Sunrisers Hyderabad,MK Pandey,61,36,9,0
1178420,Sunrisers Hyderabad,Rashid Khan,17,8,1,1
1178420,Sunrisers Hyderabad,Shakib Al Hasan,9,10,0,0
1178420,Sunrisers Hyderabad,V Shankar,8,10,0,0
1178420,Sunrisers Hyderabad,WP Saha,5,5,0,0
1178421,Delhi Capitals,AR Patel,16,9,3,0
1178421,Delhi Capitals,CA Ingram,11,7,1,1
1178421,Delhi Capitals,PP Shaw,18,10,4,0
1178421,Delhi Capitals,RR Pant,7,7,1,0
1178421,Delhi Capitals,S Dhawan,50,37,5,2
1178421,Delhi Capitals,SE Rutherford,28,13,1,3
1178421,Delhi Capitals,SS Iyer,52,37,2,3
1178421,Royal Challengers Bangalore,AB de Villiers,17,19,0,1
1178421,Royal Challengers Bangalore,Gurkeerat Singh,27,19,2,1
1178421,Royal Challengers Bangalore,H Klaasen,3,3,0,0
1178421,Royal Challengers Bangalore,MP Stoinis,32,24,1,2
1178421,Royal Challengers Bangalore,PA Patel,39,20,7,1
1178421,Royal Challengers Bangalore,S Dube,24,16,0,2
1178421,Royal Challengers Bangalore,V Kohli,23,17,2,1
1178421,Royal Challengers Bangalore,Washington Sundar,1,2,0,0
1178422,Kolkata Knight Riders,AD Russell,80,40,6,8
1178422,Kolkata Knight Riders,CA Lynn,54,29,8,2
1178422,Kolkata Knight Riders,KD Karthik,15,6,1,1
1178422,Kolkata Knight Riders,Shubman Gill,76,45,6,4
1178422,Mumbai Indians,BB Sran,3,3,0,0
1178422,Mumbai Indians,E Lewis,15,16,1,1
1178422,Mumbai Indians,HH Pandya,91,34,6,9
1178422,Mumbai Indians,KA Pollard,20,21,2,0
1178422,Mumbai Indians,KH Pandya,24,18,0,2
1178422,Mumbai Indians,Q de Kock,0,4,0,0
1178422,Mumbai Indians,RD Chahar,1,1,0,0
1178422,Mumbai Indians,RG Sharma,12,9,3,0
1178422,Mumbai Indians,SA Yadav,26,14,2,2
1178423,Kings XI Punjab,CH Gayle,4,3,1,0
1178423,Kings XI Punjab,DA Miller,11,11,1,0
1178423,Kings XI Punjab,KL Rahul,79,55,4,5
1178423,Kings XI Punjab,M Ashwin,1,1,0,0
1178423,Kings XI Punjab,MA Agarwal,27,18,2,1
1178423,Kings XI Punjab,Mohammed Shami,1,1,0,0
1178423,Kings XI Punjab,Mujeeb Ur Rahman,0,3,0,0
1178423,Kings XI Punjab,N Pooran,21,10,2,2
1178423,Kings XI Punjab,P Simran Singh,16,17,1,1
1178423,Kings XI Punjab,R Ashwin,0,1,0,0
1178423,Sunrisers Hyderabad,Abhishek Sharma,5,3,1,0
1178423,Sunrisers Hyderabad,DA Warner,81,56,7,2
1178423,Sunrisers Hyderabad,KS Williamson,14,7,1,1
1178423,Sunrisers Hyderabad,MK Pandey,36,25,3,1
1178423,Sunrisers Hyderabad,Mohammad Nabi,20,10,0,2
1178423,Sunrisers Hyderabad,Rashid Khan,1,2,0,0
1178423,Sunrisers Hyderabad,V Shankar,7,4,0,0
1178423,Sunrisers Hyderabad,WP Saha,28,13,3,1
1178424,Rajasthan Royals,LS Livingstone,11,7,1,1
1178424,Rajasthan Royals,SV Samson,28,13,2,3
1178424,Royal Challengers Bangalore,AB de Villiers,10,4,2,0
1178424,Royal Challengers Bangalore,Gurkeerat Singh,6,3,1,0
1178424,Royal Challengers Bangalore,H Klaasen,6,6,0,0
1178424,Royal Challengers Bangalore,MP Stoinis,0,1,0,0
1178424,Royal Challengers Bangalore,Navdeep Saini,0,1,0,0
1178424,Royal Challengers Bangalore,P Negi,4,3,1,0
1178424,Royal Challengers Bangalore,PA Patel,8,5,1,0
1178424,Royal Challengers Bangalore,V Kohli,25,7,1,3
1178425,Chennai Super Kings,AT Rayudu,5,2,1,0
1178425,Chennai Super Kings,F du Plessis,39,41,2,2
1178425,Chennai Super Kings,MS Dhoni,44,21,4,3
1178425,Chennai Super Kings,RA Jadeja,25,10,2,2
1178425,Chennai Super Kings,SK Raina,59,37,8,1
1178425,Chennai Super Kings,SR Watson,0,9,0,0
1178425,Delhi Capitals,A Mishra,8,11,1,0
1178425,Delhi Capitals,AR Patel,9,9,1,0
1178425,Delhi Capitals,CA Ingram,1,5,0,0
1178425,Delhi Capitals,CH Morris,0,1,0,0
1178425,Delhi Capitals,J Suchith,6,15,0,0
1178425,Delhi Capitals,PP Shaw,4,5,1,0
1178425,Delhi Capitals,RR Pant,5,3,1,0
1178425,Delhi Capitals,S Dhawan,19,13,1,1
1178425,Delhi Capitals,SE Rutherford,2,4,0,0
1178425,Delhi Capitals,SS Iyer,44,31,4,1
1178425,Delhi Capitals,TA Boult,1,1,0,0
1178426,Mumbai Indians,E Lewis,1,6,0,0
1178426,Mumbai Indians,HH Pandya,25,12,1,2
1178426,Mumbai Indians,KA Pollard,12,10,0,1
1178426,Mumbai Indians,KH Pandya,9,3,0,1
1178426,Mumbai Indians,Q de Kock,69,57,6,2
1178426,Mumbai Indians,RG Sharma,24,18,5,0
1178426,Mumbai Indians,SA Yadav,23,17,3,1
1178426,Sunrisers Hyderabad,Abhishek Sharma,2,3,0,0
1178426,Sunrisers Hyderabad,KS Williamson,3,7,0,0
1178426,Sunrisers Hyderabad,MJ Guptill,16,12,1,1
1178426,Sunrisers Hyderabad,MK Pandey,72,48,8,2
1178426,Sunrisers Hyderabad,Mohammad Nabi,37,22,2,3
1178426,Sunrisers Hyderabad,V Shankar,12,17,0,0
1178426,Sunrisers Hyderabad,WP Saha,25,15,5,0
1178427,Kings XI Punjab,AJ Tye,0,2,0,0
1178427,Kings XI Punjab,CH Gayle,14,14,2,0
1178427,Kings XI Punjab,KL Rahul,2,7,0,0
1178427,Kings XI Punjab,MA Agarwal,36,26,2,1
1178427,Kings XI Punjab,Mandeep Singh,25,17,1,1
1178427,Kings XI Punjab,N Pooran,48,27,3,4
1178427,Kings XI Punjab,R Ashwin,0,3,0,0
1178427,Kings XI Punjab,SM Curran,55,24,7,2
1178427,Kolkata Knight Riders,AD Russell,24,14,2,2
1178427,Kolkata Knight Riders,CA Lynn,46,22,5,3
1178427,Kolkata Knight Riders,KD Karthik,21,9,2,1
1178427,Kolkata Knight Riders,RV Uthappa,22,14,2,1
1178427,Kolkata Knight Riders,Shubman Gill,65,49,5,2
1178428,Delhi Capitals,AR Patel,1,1,0,0
1178428,Delhi Capitals,CA Ingram,12,23,0,0
1178428,Delhi Capitals,PP Shaw,8,8,1,0
1178428,Delhi Capitals,RR Pant,53,38,2,5
1178428,Delhi Capitals,S Dhawan,16,12,2,0
1178428,Delhi Capitals,SE Rutherford,11,6,0,1
1178428,Delhi Capitals,SS Iyer,15,9,0,2
1178428,Rajasthan Royals,AM Rahane,2,4,0,0
1178428,Rajasthan Royals,IS Sodhi,6,11,0,0
1178428,Rajasthan Royals,K Gowtham,6,6,1,0
1178428,Rajasthan Royals,LS Livingstone,14,13,1,1
1178428,Rajasthan Royals,MK Lomror,8,3,2,0
1178428,Rajasthan Royals,R Parag,50,49,4,2
1178428,Rajasthan Royals,S Gopal,12,18,0,0
1178428,Rajasthan Royals,STR Binny,0,1,0,0
1178428,Rajasthan Royals,SV Samson,5,8,0,0
1178428,Rajasthan Royals,VR Aaron,3,7,0,0
1178429,Royal Challengers Bangalore,AB de Villiers,1,2,0,0
1178429,Royal Challengers Bangalore,C de Grandhomme,3,4,0,0
1178429,Royal Challengers Bangalore,Gurkeerat Singh,65,48,8,1
1178429,Royal Challengers Bangalore,PA Patel,0,3,0,0
1178429,Royal Challengers Bangalore,SO Hetmyer,75,47,4,6
1178429,Royal Challengers Bangalore,UT Yadav,9,4,2,0
1178429,Royal Challengers Bangalore,V Kohli,16,7,2,1
1178429,Royal Challengers Bangalore,Washington Sundar,0,1,0,0
1178429,Sunrisers Hyderabad,B Kumar,7,5,1,0
1178429,Sunrisers Hyderabad,KS Williamson,70,42,5,4
1178429,Sunrisers Hyderabad,MJ Guptill,30,23,2,2
1178429,Sunrisers Hyderabad,MK Pandey,9,12,1,0
1178429,Sunrisers Hyderabad,Mohammad Nabi,4,3,1,0
1178429,Sunrisers Hyderabad,Rashid Khan,1,2,0,0
1178429,Sunrisers Hyderabad,V Shankar,27,18,0,3
1178429,Sunrisers Hyderabad,WP Saha,20,11,4,0
1178429,Sunrisers Hyderabad,YK Pathan,3,4,0,0
1178430,Chennai Super Kings,AT Rayudu,1,2,0,0
1178430,Chennai Super Kings,DJ Bravo,1,1,0,0
1178430,Chennai Super Kings,F du Plessis,96,55,10,4
1178430,Chennai Super Kings,KM Jadhav,0,1,0,0
1178430,Chennai Super Kings,MS Dhoni,10,12,0,0
1178430,Chennai Super Kings,SK Raina,53,38,5,2
1178430,Chennai Super Kings,SR Watson,7,11,1,0
1178430,Kings XI Punjab,CH Gayle,28,28,2,2
1178430,Kings XI Punjab,KL Rahul,71,36,7,5
1178430,Kings XI Punjab,MA Agarwal,7,6,1,0
1178430,Kings XI Punjab,Mandeep Singh,11,9,0,0
1178430,Kings XI Punjab,N Pooran,36,22,3,3
1178430,Kings XI Punjab,SM Curran,6,7,1,0
1178431,Kolkata Knight Riders,AD Russell,0,1,0,0
1178431,Kolkata Knight Riders,CA Lynn,41,28,2,4
1178431,Kolkata Knight Riders,KD Karthik,3,9,0,0
1178431,Kolkata Knight Riders,N Rana,26,13,0,3
1178431,Kolkata Knight Riders,RK Singh,4,6,0,0
1178431,Kolkata Knight Riders,RV Uthappa,40,47,1,3
1178431,Kolkata Knight Riders,Shubman Gill,9,16,0,0
1178431,Mumbai Indians,Q de Kock,30,22,1,3
1178431,Mumbai Indians,RG Sharma,55,48,8,0
1178431,Mumbai Indians,SA Yadav,46,27,5,2
1181764,Chennai Super Kings,AT Rayudu,42,36,3,1
1181764,Chennai Super Kings,F du Plessis,6,11,1,0
1181764,Chennai Super Kings,M Vijay,26,26,3,0
1181764,Chennai Super Kings,MS Dhoni,37,28,0,3
1181764,Chennai Super Kings,SK Raina,5,6,1,0
1181764,Chennai Super Kings,SR Watson,10,13,2,0
1181764,Mumbai Indians,HH Pandya,13,11,1,0
1181764,Mumbai Indians,Ishan Kishan,28,31,1,1
1181764,Mumbai Indians,KH Pandya,0,1,0,0
1181764,Mumbai Indians,Q de Kock,8,12,2,0
1181764,Mumbai Indians,RG Sharma,4,2,1,0
1181764,Mumbai Indians,SA Yadav,71,54,10,0
1181766,Delhi Capitals,A Mishra,1,2,0,0
1181766,Delhi Capitals,AR Patel,0,3,0,0
1181766,Delhi Capitals,C Munro,14,13,1,1
1181766,Delhi Capitals,KMA Paul,5,4,1,0
1181766,Delhi Capitals,PP Shaw,56,38,6,2
1181766,Delhi Capitals,RR Pant,49,21,2,5
1181766,Delhi Capitals,S Dhawan,17,16,3,0
1181766,Delhi Capitals,SE Rutherford,9,12,0,1
1181766,Delhi Capitals,SS Iyer,8,10,1,0
1181766,Sunrisers Hyderabad,Basil Thampi,1,1,0,0
1181766,Sunrisers Hyderabad,DJ Hooda,4,4,0,0
1181766,Sunrisers Hyderabad,KS Williamson,28,27,2,0
1181766,Sunrisers Hyderabad,MJ Guptill,36,19,1,4
1181766,Sunrisers Hyderabad,MK Pandey,30,36,3,0
1181766,Sunrisers Hyderabad,Mohammad Nabi,20,12,3,1
1181766,Sunrisers Hyderabad,Rashid Khan,0,1,0,0
1181766,Sunrisers Hyderabad,V Shankar,25,11,2,2
1181766,Sunrisers Hyderabad,WP Saha,8,9,1,0
1181767,Chennai Super Kings,AT Rayudu,20,20,3,0
1181767,Chennai Super Kings,DJ Bravo,0,1,0,0
1181767,Chennai Super Kings,F du Plessis,50,39,7,1
1181767,Chennai Super Kings,MS Dhoni,9,9,1,0
1181767,Chennai Super Kings,SK Raina,11,13,0,0
1181767,Chennai Super Kings,SR Watson,50,32,3,4
1181767,Delhi Capitals,A Mishra,6,3,1,0
1181767,Delhi Capitals,AR Patel,3,6,0,0
1181767,Delhi Capitals,C Munro,27,24,4,0
1181767,Delhi Capitals,I Sharma,10,3,1,1
1181767,Delhi Capitals,KMA Paul,3,7,0,0
1181767,Delhi Capitals,PP Shaw,5,6,1,0
1181767,Delhi Capitals,RR Pant,38,24,2,1
1181767,Delhi Capitals,S Dhawan,18,14,3,0
1181767,Delhi Capitals,SE Rutherford,10,12,0,1
1181767,Delhi Capitals,SS Iyer,13,18,1,0
1181767,Delhi Capitals,TA Boult,6,3,0,1
1181768,Chennai Super Kings,AT Rayudu,1,4,0,0
1181768,Chennai Super Kings,DJ Bravo,15,15,0,1
1181768,Chennai Super Kings,F du Plessis,26,13,3,1
1181768,Chennai Super Kings,MS Dhoni,2,8,0,0
1181768,Chennai Super Kings,RA Jadeja,5,5,0,0
1181768,Chennai Super Kings,SK Raina,8,14,0,0
1181768,Chennai Super Kings,SN Thakur,2,2,0,0
1181768,Chennai Super Kings,SR Watson,80,59,8,4
1181768,Mumbai Indians,HH Pandya,16,10,1,1
1181768,Mumbai Indians,Ishan Kishan,23,26,3,0
1181768,Mumbai Indians,KA Pollard,41,25,3,3
1181768,Mumbai Indians,KH Pandya,7,7,0,0
1181768,Mumbai Indians,MJ McClenaghan,0,2,0,0
1181768,Mumbai Indians,Q de Kock,29,17,0,4
1181768,Mumbai Indians,RD Chahar,0,2,0,0
1181768,Mumbai Indians,RG Sharma,15,14,1,1
1181768,Mumbai Indians,SA Yadav,15,17,1,0
1216492,Chennai Super Kings,AT Rayudu,71,47,6,3
1216492,Chennai Super Kings,F du Plessis,58,44,6,0
1216492,Chennai Super Kings,M Vijay,1,7,0,0
1216492,Chennai Super Kings,MS Dhoni,0,2,0,0
1216492,Chennai Super Kings,RA Jadeja,10,5,2,0
1216492,Chennai Super Kings,SM Curran,18,6,1,2
1216492,Chennai Super Kings,SR Watson,4,5,1,0
1216492,Mumbai Indians,HH Pandya,14,10,0,2
1216492,Mumbai Indians,JJ Bumrah,5,3,0,0
1216492,Mumbai Indians,JL Pattinson,11,8,2,0
1216492,Mumbai Indians,KA Pollard,18,14,1,1
1216492,Mumbai Indians,KH Pandya,3,3,0,0
1216492,Mumbai Indians,Q de Kock,33,20,5,0
1216492,Mumbai Indians,RD Chahar,2,4,0,0
1216492,Mumbai Indians,RG Sharma,12,10,2,0
1216492,Mumbai Indians,SA Yadav,17,16,2,0
1216492,Mumbai Indians,SS Tiwary,42,31,3,1
1216492,Mumbai Indians,TA Boult,0,1,0,0
1216493,Delhi Capitals,A Nortje,3,1,0,0
1216493,Delhi Capitals,AR Patel,6,8,0,0
1216493,Delhi Capitals,MP Stoinis,53,20,7,3
1216493,Delhi Capitals,PP Shaw,5,9,1,0
1216493,Delhi Capitals,R Ashwin,4,6,0,0
1216493,Delhi Capitals,RR Pant,33,31,4,0
1216493,Delhi Capitals,S Dhawan,0,2,0,0
1216493,Delhi Capitals,SO Hetmyer,7,13,1,0
1216493,Delhi Capitals,SS Iyer,39,32,0,3
1216493,Kings XI Punjab,CJ Jordan,5,6,0,0
1216493,Kings XI Punjab,GJ Maxwell,1,4,0,0
1216493,Kings XI Punjab,K Gowtham,20,14,1,1
1216493,Kings XI Punjab,KK Nair,1,3,0,0
1216493,Kings XI Punjab,KL Rahul,23,20,2,1
1216493,Kings XI Punjab,MA Agarwal,89,60,7,4
1216493,Kings XI Punjab,N Pooran,0,4,0,0
1216493,Kings XI Punjab,SN Khan,12,12,2,0
1216494,Kolkata Knight Riders,EJG Morgan,30,34,3,1
1216494,Kolkata Knight Riders,KD Karthik,4,14,0,0
1216494,Kolkata Knight Riders,Kuldeep Yadav,12,19,1,0
1216494,Kolkata Knight Riders,LH Ferguson,19,16,1,0
1216494,Kolkata Knight Riders,N Rana,0,1,0,0
1216494,Kolkata Knight Riders,PJ Cummins,4,17,0,0
1216494,Kolkata Knight Riders,RA Tripathi,1,5,0,0
1216494,Kolkata Knight Riders,Shubman Gill,1,6,0,0
1216494,Kolkata Knight Riders,T Banton,10,8,1,1
1216494,Royal Challengers Bangalore,AJ Finch,16,21,2,0
1216494,Royal Challengers Bangalore,D Padikkal,25,17,3,0
1216494,Royal Challengers Bangalore,Gurkeerat Singh,21,26,4,0
1216494,Royal Challengers Bangalore,V Kohli,18,17,2,0
1216495,Mumbai Indians,DS Kulkarni,3,2,0,0
1216495,Mumbai Indians,Ishan Kishan,33,30,1,2
1216495,Mumbai Indians,JL Pattinson,4,5,0,0
1216495,Mumbai Indians,KA Pollard,41,25,2,4
1216495,Mumbai Indians,KH Pandya,0,3,0,0
1216495,Mumbai Indians,NM Coulter-Nile,1,3,0,0
1216495,Mumbai Indians,Q de Kock,25,13,2,2
1216495,Mumbai Indians,RG Sharma,4,7,0,0
1216495,Mumbai Indians,SA Yadav,36,29,5,0
1216495,Mumbai Indians,SS Tiwary,1,3,0,0
1216495,Sunrisers Hyderabad,DA Warner,85,58,10,1
1216495,Sunrisers Hyderabad,WP Saha,58,45,7,1
1216496,Chennai Super Kings,F du Plessis,72,37,1,7
1216496,Chennai Super Kings,KM Jadhav,22,15,3,0
1216496,Chennai Super Kings,M Vijay,21,21,3,0
1216496,Chennai Super Kings,MS Dhoni,29,17,0,3
1216496,Chennai Super Kings,RA Jadeja,1,2,0,0
1216496,Chennai Super Kings,RD Gaikwad,0,1,0,0
1216496,Chennai Super Kings,SM Curran,17,6,1,2
1216496,Chennai Super Kings,SR Watson,33,21,1,4
1216496,Rajasthan Royals,JC Archer,27,6,0,4
1216496,Rajasthan Royals,R Parag,6,4,1,0
1216496,Rajasthan Royals,R Tewatia,10,8,1,0
1216496,Rajasthan Royals,RV Uthappa,5,9,0,0
1216496,Rajasthan Royals,SPD Smith,69,47,4,4
1216496,Rajasthan Royals,SV Samson,74,31,1,9
1216496,Rajasthan Royals,TK Curran,10,9,1,0
1216496,Rajasthan Royals,YBK Jaiswal,6,6,1,0
1216497,Delhi Capitals,AM Rahane,0,1,0,0
1216497,Delhi Capitals,AR Patel,9,7,0,1
1216497,Delhi Capitals,K Rabada,9,10,1,0
1216497,Delhi Capitals,MP Stoinis,6,6,0,0
1216497,Delhi Capitals,R Ashwin,14,13,2,0
1216497,Delhi Capitals,RR Pant,27,32,2,1
1216497,Delhi Capitals,S Dhawan,6,6,1,0
1216497,Delhi Capitals,SO Hetmyer,10,5,0,1
1216497,Delhi Capitals,SS Iyer,47,38,5,0
1216497,Delhi Capitals,TU Deshpande,1,3,0,0
1216497,Kolkata Knight Riders,EJG Morgan,17,9,2,1
1216497,Kolkata Knight Riders,KD Karthik,3,6,0,0
1216497,Kolkata Knight Riders,N Rana,81,53,13,1
1216497,Kolkata Knight Riders,RA Tripathi,13,12,1,0
1216497,Kolkata Knight Riders,SP Narine,64,32,6,4
1216497,Kolkata Knight Riders,Shubman Gill,9,8,2,0
1216498,Kings XI Punjab,CH Gayle,20,20,2,1
1216498,Kings XI Punjab,CJ Jordan,7,12,0,0
1216498,Kings XI Punjab,DJ Hooda,0,2,0,0
1216498,Kings XI Punjab,GJ Maxwell,12,13,0,0
1216498,Kings XI Punjab,KL Rahul,27,27,2,1
1216498,Kings XI Punjab,M Ashwin,4,4,0,0
1216498,Kings XI Punjab,Mandeep Singh,17,14,1,0
1216498,Kings XI Punjab,N Pooran,32,28,2,0
1216498,Sunrisers Hyderabad,Abdul Samad,7,5,1,0
1216498,Sunrisers Hyderabad,DA Warner,35,20,3,2
1216498,Sunrisers Hyderabad,JM Bairstow,19,20,4,0
1216498,Sunrisers Hyderabad,JO Holder,5,8,0,0
1216498,Sunrisers Hyderabad,KK Ahmed,0,2,0,0
1216498,Sunrisers Hyderabad,MK Pandey,15,29,0,0
1216498,Sunrisers Hyderabad,PK Garg,3,5,0,0
1216498,Sunrisers Hyderabad,Rashid Khan,0,1,0,0
1216498,Sunrisers Hyderabad,Sandeep Sharma,0,2,0,0
1216498,Sunrisers Hyderabad,V Shankar,26,27,4,0
1216499,Mumbai Indians,HH Pandya,17,15,0,2
1216499,Mumbai Indians,Ishan Kishan,25,19,3,1
1216499,Mumbai Indians,KA Pollard,4,1,1,0
1216499,Mumbai Indians,KH Pandya,10,10,1,0
1216499,Mumbai Indians,Q de Kock,18,19,0,1
1216499,Mumbai Indians,SA Yadav,79,43,10,3
1216499,Mumbai Indians,SS Tiwary,5,8,0,0
1216499,Royal Challengers Bangalore,AB de Villiers,15,12,1,1
1216499,Royal Challengers Bangalore,CH Morris,4,2,1,0
1216499,Royal Challengers Bangalore,D Padikkal,74,45,12,1
1216499,Royal Challengers Bangalore,Gurkeerat Singh,14,11,2,0
1216499,Royal Challengers Bangalore,JR Philippe,33,24,4,1
1216499,Royal Challengers Bangalore,S Dube,2,6,0,0
1216499,Royal Challengers Bangalore,V Kohli,9,14,0,0
1216499,Royal Challengers Bangalore,Washington Sundar,10,6,1,0
1216500,Delhi Capitals,AR Patel,17,8,2,1
1216500,Delhi Capitals,HV Patel,16,15,1,0
1216500,Delhi Capitals,K Rabada,2,3,0,0
1216500,Delhi Capitals,MP Stoinis,39,30,0,4
1216500,Delhi Capitals,PP Shaw,19,10,2,1
1216500,Delhi Capitals,R Ashwin,0,1,0,0
1216500,Delhi Capitals,RR Pant,5,9,0,0
1216500,Delhi Capitals,S Dhawan,5,4,1,0
1216500,Delhi Capitals,SO Hetmyer,45,24,1,5
1216500,Delhi Capitals,SS Iyer,22,17,4,0
1216500,Rajasthan Royals,AJ Tye,6,6,0,1
1216500,Rajasthan Royals,JC Archer,2,4,0,0
1216500,Rajasthan Royals,JC Buttler,13,8,2,0
1216500,Rajasthan Royals,Kartik Tyagi,2,3,0,0
1216500,Rajasthan Royals,MK Lomror,1,2,0,0
1216500,Rajasthan Royals,R Tewatia,38,29,3,2
1216500,Rajasthan Royals,S Gopal,2,3,0,0
1216500,Rajasthan Royals,SPD Smith,24,17,2,1
1216500,Rajasthan Royals,SV Samson,5,9,0,0
1216500,Rajasthan Royals,VR Aaron,1,2,0,0
1216500,Rajasthan Royals,YBK Jaiswal,34,36,1,2
1216501,Chennai Super Kings,AT Rayudu,30,27,3,0
1216501,Chennai Super Kings,F du Plessis,17,10,3,0
1216501,Chennai Super Kings,KM Jadhav,7,12,1,0
1216501,Chennai Super Kings,MS Dhoni,11,12,1,0
1216501,Chennai Super Kings,RA Jadeja,21,8,3,1
1216501,Chennai Super Kings,SM Curran,17,11,1,1
1216501,Chennai Super Kings,SR Watson,50,40,6,1
1216501,Kolkata Knight Riders,AD Russell,2,4,0,0
1216501,Kolkata Knight Riders,CV Varun,1,1,0,0
1216501,Kolkata Knight Riders,EJG Morgan,7,10,1,0
1216501,Kolkata Knight Riders,KD Karthik,12,11,1,0
1216501,Kolkata Knight Riders,KL Nagarkoti,0,2,0,0
1216501,Kolkata Knight Riders,N Rana,9,10,1,0
1216501,Kolkata Knight Riders,PJ Cummins,17,9,1,1
1216501,Kolkata Knight Riders,RA Tripathi,81,51,8,3
1216501,Kolkata Knight Riders,SP Narine,17,9,1,1
1216501,Kolkata Knight Riders,Shivam Mavi,0,1,0,0
1216501,Kolkata Knight Riders,Shubman Gill,11,12,1,0
1216502,Royal Challengers Bangalore,AB de Villiers,24,24,1,1
1216502,Royal Challengers Bangalore,CH Morris,3,4,0,0
1216502,Royal Challengers Bangalore,D Padikkal,5,8,1,0
1216502,Royal Challengers Bangalore,Gurkeerat Singh,15,24,1,0
1216502,Royal Challengers Bangalore,I Udana,0,1,0,0
1216502,Royal Challengers Bangalore,JR Philippe,32,31,4,0
1216502,Royal Challengers Bangalore,Mohammed Siraj,2,3,0,0
1216502,Royal Challengers Bangalore,V Kohli,7,7,0,0
1216502,Royal Challengers Bangalore,Washington Sundar,21,18,2,0
1216502,Sunrisers Hyderabad,Abhishek Sharma,8,5,0,1
1216502,Sunrisers Hyderabad,DA Warner,8,5,0,1
1216502,Sunrisers Hyderabad,JO Holder,26,10,1,3
1216502,Sunrisers Hyderabad,KS Williamson,8,14,0,0
1216502,Sunrisers Hyderabad,MK Pandey,26,19,3,1
1216502,Sunrisers Hyderabad,WP Saha,39,32,4,1
1216503,Kings XI Punjab,GJ Maxwell,11,18,0,0
1216503,Kings XI Punjab,JDS Neesham,7,7,0,0
1216503,Kings XI Punjab,K Gowtham,22,13,2,1
1216503,Kings XI Punjab,KK Nair,0,3,0,0
1216503,Kings XI Punjab,KL Rahul,17,19,1,0
1216503,Kings XI Punjab,MA Agarwal,25,18,3,0
1216503,Kings XI Punjab,Mohammed Shami,2,2,0,0
1216503,Kings XI Punjab,N Pooran,44,27,3,2
1216503,Kings XI Punjab,Ravi Bishnoi,1,5,0,0
1216503,Kings XI Punjab,SN Khan,7,8,1,0
1216503,Mumbai Indians,HH Pandya,30,11,3,2
1216503,Mumbai Indians,Ishan Kishan,28,32,1,1
1216503,Mumbai Indians,KA Pollard,47,20,3,4
1216503,Mumbai Indians,Q de Kock,0,5,0,0
1216503,Mumbai Indians,RG Sharma,70,45,8,3
1216503,Mumbai Indians,SA Yadav,10,7,2,0
1216504,Kolkata Knight Riders,AD Russell,24,14,0,3
1216504,Kolkata Knight Riders,EJG Morgan,34,23,1,2
1216504,Kolkata Knight Riders,KD Karthik,1,3,0,0
1216504,Kolkata Knight Riders,KL Nagarkoti,8,5,1,0
1216504,Kolkata Knight Riders,N Rana,22,17,2,1
1216504,Kolkata Knight Riders,PJ Cummins,12,10,1,0
1216504,Kolkata Knight Riders,SP Narine,15,14,2,1
1216504,Kolkata Knight Riders,Shubman Gill,47,34,5,1
1216504,Rajasthan Royals,AS Rajpoot,7,5,0,1
1216504,Rajasthan Royals,JC Archer,6,4,0,1
1216504,Rajasthan Royals,JC Buttler,21,16,1,2
1216504,Rajasthan Royals,JD Unadkat,9,13,0,0
1216504,Rajasthan Royals,R Parag,1,6,0,0
1216504,Rajasthan Royals,R Tewatia,14,10,0,1
1216504,Rajasthan Royals,RV Uthappa,2,7,0,0
1216504,Rajasthan Royals,S Gopal,5,7,0,0
1216504,Rajasthan Royals,SPD Smith,3,7,0,0
1216504,Rajasthan Royals,SV Samson,8,9,1,0
1216504,Rajasthan Royals,TK Curran,54,36,2,3
1216505,Delhi Capitals,AM Rahane,60,46,5,1
1216505,Delhi Capitals,MP Stoinis,10,5,0,1
1216505,Delhi Capitals,PP Shaw,9,6,2,0
1216505,Delhi Capitals,RR Pant,8,7,1,0
1216505,Delhi Capitals,S Dhawan,54,41,6,0
1216505,Delhi Capitals,SS Iyer,7,9,0,0
1216505,Royal Challengers Bangalore,AB de Villiers,35,21,1,2
1216505,Royal Challengers Bangalore,CH Morris,0,2,0,0
1216505,Royal Challengers Bangalore,D Padikkal,50,41,5,0
1216505,Royal Challengers Bangalore,I Udana,4,2,1,0
1216505,Royal Challengers Bangalore,JR Philippe,12,17,1,0
1216505,Royal Challengers Bangalore,S Dube,17,11,2,1
1216505,Royal Challengers Bangalore,Shahbaz Ahmed,1,1,0,0
1216505,Royal Challengers Bangalore,V Kohli,29,24,2,1
1216505,Royal Challengers Bangalore,Washington Sundar,0,1,0,0
1216506,Chennai Super Kings,AT Rayudu,30,30,2,0
1216506,Chennai Super Kings,F du Plessis,48,34,4,2
1216506,Chennai Super Kings,RD Gaikwad,62,49,6,1
1216506,Kings XI Punjab,CH Gayle,12,19,0,0
1216506,Kings XI Punjab,CJ Jordan,4,5,0,0
1216506,Kings XI Punjab,DJ Hooda,62,30,3,4
1216506,Kings XI Punjab,JDS Neesham,2,3,0,0
1216506,Kings XI Punjab,KL Rahul,29,27,3,1
1216506,Kings XI Punjab,MA Agarwal,26,15,5,0
1216506,Kings XI Punjab,Mandeep Singh,14,15,1,0
1216506,Kings XI Punjab,N Pooran,2,6,0,0
1216507,Rajasthan Royals,BA Stokes,5,6,1,0
1216507,Rajasthan Royals,JC Buttler,16,13,1,1
1216507,Rajasthan Royals,R Parag,42,26,2,2
1216507,Rajasthan Royals,R Tewatia,45,28,4,2
1216507,Rajasthan Royals,RV Uthappa,18,15,1,1
1216507,Rajasthan Royals,SPD Smith,5,6,0,0
1216507,Rajasthan Royals,SV Samson,26,25,3,0
1216507,Sunrisers Hyderabad,DA Warner,48,38,3,2
1216507,Sunrisers Hyderabad,JM Bairstow,16,19,0,1
1216507,Sunrisers Hyderabad,KS Williamson,22,11,0,2
1216507,Sunrisers Hyderabad,MK Pandey,54,44,2,3
1216507,Sunrisers Hyderabad,PK Garg,15,8,1,1
1216508,Kolkata Knight Riders,AD Russell,11,11,2,0
1216508,Kolkata Knight Riders,EJG Morgan,16,20,1,1
1216508,Kolkata Knight Riders,KD Karthik,30,23,5,0
1216508,Kolkata Knight Riders,Kuldeep Yadav,1,2,0,0
1216508,Kolkata Knight Riders,N Rana,24,18,2,1
1216508,Kolkata Knight Riders,NS Naik,1,3,0,0
1216508,Kolkata Knight Riders,PJ Cummins,33,12,1,4
1216508,Kolkata Knight Riders,SP Narine,9,10,0,1
1216508,Kolkata Knight Riders,Shivam Mavi,9,10,1,0
1216508,Kolkata Knight Riders,Shubman Gill,7,11,1,0
1216508,Mumbai Indians,HH Pandya,18,13,2,1
1216508,Mumbai Indians,KA Pollard,13,7,1,0
1216508,Mumbai Indians,KH Pandya,1,3,0,0
1216508,Mumbai Indians,Q de Kock,1,3,0,0
1216508,Mumbai Indians,RG Sharma,80,54,3,6
1216508,Mumbai Indians,SA Yadav,47,27,6,1
1216508,Mumbai Indians,SS Tiwary,21,13,1,1
1216509,Chennai Super Kings,AT Rayudu,45,24,1,4
1216509,Chennai Super Kings,F du Plessis,58,47,6,2
1216509,Chennai Super Kings,MS Dhoni,3,5,0,0
1216509,Chennai Super Kings,RA Jadeja,33,13,0,4
1216509,Chennai Super Kings,SM Curran,0,3,0,0
1216509,Chennai Super Kings,SR Watson,36,28,6,0
1216509,Delhi Capitals,AM Rahane,8,10,1,0
1216509,Delhi Capitals,AR Patel,21,5,0,3
1216509,Delhi Capitals,AT Carey,4,7,0,0
1216509,Delhi Capitals,MP Stoinis,24,14,1,2
1216509,Delhi Capitals,PP Shaw,0,2,0,0
1216509,Delhi Capitals,S Dhawan,101,58,14,1
1216509,Delhi Capitals,SS Iyer,23,23,1,1
1216510,Kings XI Punjab,GJ Maxwell,5,6,0,0
1216510,Kings XI Punjab,KK Nair,15,8,2,0
1216510,Kings XI Punjab,KL Rahul,132,69,14,7
1216510,Kings XI Punjab,MA Agarwal,26,20,4,0
1216510,Kings XI Punjab,N Pooran,17,18,1,0
1216510,Royal Challengers Bangalore,AB de Villiers,28,18,4,1
1216510,Royal Challengers Bangalore,AJ Finch,20,21,3,0
1216510,Royal Challengers Bangalore,D Padikkal,1,2,0,0
1216510,Royal Challengers Bangalore,DW Steyn,1,2,0,0
1216510,Royal Challengers Bangalore,JR Philippe,0,3,0,0
1216510,Royal Challengers Bangalore,Navdeep Saini,6,7,1,0
1216510,Royal Challengers Bangalore,S Dube,12,12,0,1
1216510,Royal Challengers Bangalore,UT Yadav,0,2,0,0
1216510,Royal Challengers Bangalore,V Kohli,1,5,0,0
1216510,Royal Challengers Bangalore,Washington Sundar,30,27,2,1
1216510,Royal Challengers Bangalore,YS Chahal,1,3,0,0
1216511,Mumbai Indians,HH Pandya,30,18,2,1
1216511,Mumbai Indians,Ishan Kishan,0,1,0,0
1216511,Mumbai Indians,KH Pandya,12,17,0,1
1216511,Mumbai Indians,Q de Kock,23,15,3,1
1216511,Mumbai Indians,RG Sharma,35,23,2,3
1216511,Mumbai Indians,SA Yadav,79,47,11,2
1216511,Rajasthan Royals,AS Rajpoot,2,5,0,0
1216511,Rajasthan Royals,JC Archer,24,11,3,1
1216511,Rajasthan Royals,JC Buttler,70,44,4,5
1216511,Rajasthan Royals,MK Lomror,11,13,1,0
1216511,Rajasthan Royals,R Tewatia,5,6,1,0
1216511,Rajasthan Royals,S Gopal,1,2,0,0
1216511,Rajasthan Royals,SPD Smith,6,7,1,0
1216511,Rajasthan Royals,SV Samson,0,3,0,0
1216511,Rajasthan Royals,TK Curran,15,16,1,0
1216511,Rajasthan Royals,YBK Jaiswal,0,2,0,0
1216512,Kolkata Knight Riders,AD Russell,9,10,1,0
1216512,Kolkata Knight Riders,EJG Morgan,35,25,3,1
1216512,Kolkata Knight Riders,KD Karthik,29,16,2,2
1216512,Kolkata Knight Riders,N Rana,29,20,3,1
1216512,Kolkata Knight Riders,RA Tripathi,23,16,2,1
1216512,Kolkata Knight Riders,Shubman Gill,36,37,5,0
1216512,Sunrisers Hyderabad,Abdul Samad,25,17,2,1
1216512,Sunrisers Hyderabad,DA Warner,47,34,5,0
1216512,Sunrisers Hyderabad,JM Bairstow,36,28,7,0
1216512,Sunrisers Hyderabad,KS Williamson,29,19,4,1
1216512,Sunrisers Hyderabad,MK Pandey,6,7,0,0
1216512,Sunrisers Hyderabad,PK Garg,4,7,0,0
1216512,Sunrisers Hyderabad,Rashid Khan,1,1,0,0
1216512,Sunrisers Hyderabad,V Shankar,7,10,0,0
1216513,Chennai Super Kings,F du Plessis,87,53,11,1
1216513,Chennai Super Kings,SR Watson,83,53,11,3
1216513,Kings XI Punjab,GJ Maxwell,11,7,1,0
1216513,Kings XI Punjab,KL Rahul,63,52,7,1
1216513,Kings XI Punjab,MA Agarwal,26,19,3,0
1216513,Kings XI Punjab,Mandeep Singh,27,16,0,2
1216513,Kings XI Punjab,N Pooran,33,17,1,3
1216513,Kings XI Punjab,SN Khan,14,9,2,0
1216514,Rajasthan Royals,JC Archer,16,10,1,1
1216514,Rajasthan Royals,JC Buttler,22,12,3,1
1216514,Rajasthan Royals,MK Lomror,47,39,1,3
1216514,Rajasthan Royals,R Parag,16,18,1,0
1216514,Rajasthan Royals,R Tewatia,24,11,0,3
1216514,Rajasthan Royals,RV Uthappa,17,22,1,0
1216514,Rajasthan Royals,SPD Smith,5,5,1,0
1216514,Rajasthan Royals,SV Samson,4,3,1,0
1216514,Royal Challengers Bangalore,AB de Villiers,12,10,1,0
1216514,Royal Challengers Bangalore,AJ Finch,8,7,2,0
1216514,Royal Challengers Bangalore,D Padikkal,63,45,6,1
1216514,Royal Challengers Bangalore,V Kohli,72,53,7,2
1216515,Delhi Capitals,MP Stoinis,1,3,0,0
1216515,Delhi Capitals,PP Shaw,66,41,4,4
1216515,Delhi Capitals,RR Pant,38,17,5,1
1216515,Delhi Capitals,S Dhawan,26,16,2,2
1216515,Delhi Capitals,SO Hetmyer,7,5,0,1
1216515,Delhi Capitals,SS Iyer,88,38,7,6
1216515,Kolkata Knight Riders,AD Russell,13,7,1,1
1216515,Kolkata Knight Riders,EJG Morgan,44,17,1,5
1216515,Kolkata Knight Riders,KD Karthik,6,8,0,0
1216515,Kolkata Knight Riders,KL Nagarkoti,3,3,0,0
1216515,Kolkata Knight Riders,N Rana,58,35,4,4
1216515,Kolkata Knight Riders,PJ Cummins,5,4,1,0
1216515,Kolkata Knight Riders,RA Tripathi,36,16,3,3
1216515,Kolkata Knight Riders,SP Narine,3,5,0,0
1216515,Kolkata Knight Riders,Shivam Mavi,1,3,0,0
1216515,Kolkata Knight Riders,Shubman Gill,28,22,2,1
1216516,Chennai Super Kings,AT Rayudu,8,9,1,0
1216516,Chennai Super Kings,F du Plessis,22,19,4,0
1216516,Chennai Super Kings,KM Jadhav,3,10,0,0
1216516,Chennai Super Kings,MS Dhoni,47,36,4,1
1216516,Chennai Super Kings,RA Jadeja,50,35,5,2
1216516,Chennai Super Kings,SM Curran,15,5,0,2
1216516,Chennai Super Kings,SR Watson,1,6,0,0
1216516,Sunrisers Hyderabad,Abdul Samad,8,6,0,0
1216516,Sunrisers Hyderabad,Abhishek Sharma,31,24,4,1
1216516,Sunrisers Hyderabad,DA Warner,28,29,3,0
1216516,Sunrisers Hyderabad,JM Bairstow,0,3,0,0
1216516,Sunrisers Hyderabad,KS Williamson,9,13,1,0
1216516,Sunrisers Hyderabad,MK Pandey,29,21,5,0
1216516,Sunrisers Hyderabad,PK Garg,51,24,6,1
1216517,Kings XI Punjab,CH Gayle,31,23,1,3
1216517,Kings XI Punjab,CJ Jordan,13,8,2,0
1216517,Kings XI Punjab,DJ Hooda,24,17,1,1
1216517,Kings XI Punjab,GJ Maxwell,0,2,0,0
1216517,Kings XI Punjab,KL Rahul,81,55,7,3
1216517,Kings XI Punjab,MA Agarwal,19,12,3,0
1216517,Kings XI Punjab,N Pooran,24,13,2,2
1216517,Mumbai Indians,HH Pandya,9,5,0,1
1216517,Mumbai Indians,Ishan Kishan,7,7,1,0
1216517,Mumbai Indians,KA Pollard,42,17,2,4
1216517,Mumbai Indians,KH Pandya,34,30,4,1
1216517,Mumbai Indians,NM Coulter-Nile,24,12,4,0
1216517,Mumbai Indians,Q de Kock,56,46,3,3
1216517,Mumbai Indians,RG Sharma,11,11,2,0
1216517,Mumbai Indians,SA Yadav,0,4,0,0
1216518,Rajasthan Royals,BA Stokes,30,32,2,0
1216518,Rajasthan Royals,JC Archer,16,7,1,1
1216518,Rajasthan Royals,JC Buttler,9,12,0,0
1216518,Rajasthan Royals,R Parag,20,12,2,1
1216518,Rajasthan Royals,R Tewatia,2,3,0,0
1216518,Rajasthan Royals,RV Uthappa,19,13,2,1
1216518,Rajasthan Royals,SPD Smith,19,15,2,0
1216518,Rajasthan Royals,SV Samson,36,26,3,1
1216518,Sunrisers Hyderabad,DA Warner,4,4,1,0
1216518,Sunrisers Hyderabad,JM Bairstow,10,7,1,1
1216518,Sunrisers Hyderabad,MK Pandey,83,47,4,8
1216518,Sunrisers Hyderabad,V Shankar,52,51,6,0
1216519,Delhi Capitals,MP Stoinis,53,25,6,2
1216519,Delhi Capitals,PP Shaw,42,23,5,2
1216519,Delhi Capitals,RR Pant,37,24,3,2
1216519,Delhi Capitals,S Dhawan,32,28,3,0
1216519,Delhi Capitals,SO Hetmyer,11,7,0,1
1216519,Delhi Capitals,SS Iyer,11,13,1,0
1216519,Royal Challengers Bangalore,AB de Villiers,9,6,2,0
1216519,Royal Challengers Bangalore,AJ Finch,13,14,1,0
1216519,Royal Challengers Bangalore,D Padikkal,4,6,0,0
1216519,Royal Challengers Bangalore,I Udana,1,3,0,0
1216519,Royal Challengers Bangalore,MM Ali,11,13,1,0
1216519,Royal Challengers Bangalore,Mohammed Siraj,5,4,1,0
1216519,Royal Challengers Bangalore,Navdeep Saini,12,12,1,0
1216519,Royal Challengers Bangalore,S Dube,11,12,0,1
1216519,Royal Challengers Bangalore,V Kohli,43,39,2,1
1216519,Royal Challengers Bangalore,Washington Sundar,17,11,3,0
1216519,Royal Challengers Bangalore,YS Chahal,0,0,0,0
1216520,Kings XI Punjab,CH Gayle,51,29,2,5
1216520,Kings XI Punjab,KL Rahul,28,25,4,0
1216520,Kings XI Punjab,Mandeep Singh,66,56,8,2
1216520,Kings XI Punjab,N Pooran,2,3,0,0
1216520,Kolkata Knight Riders,CV Varun,2,4,0,0
1216520,Kolkata Knight Riders,EJG Morgan,40,25,5,2
1216520,Kolkata Knight Riders,KD Karthik,0,2,0,0
1216520,Kolkata Knight Riders,KL Nagarkoti,6,13,0,0
1216520,Kolkata Knight Riders,LH Ferguson,24,13,3,1
1216520,Kolkata Knight Riders,M Prasidh Krishna,0,1,0,0
1216520,Kolkata Knight Riders,N Rana,0,1,0,0
1216520,Kolkata Knight Riders,PJ Cummins,1,8,0,0
1216520,Kolkata Knight Riders,RA Tripathi,7,4,0,1
1216520,Kolkata Knight Riders,SP Narine,6,4,1,0
1216520,Kolkata Knight Riders,Shubman Gill,57,45,3,4
1216521,Chennai Super Kings,AT Rayudu,2,3,0,0
1216521,Chennai Super Kings,DL Chahar,0,5,0,0
1216521,Chennai Super Kings,F du Plessis,1,7,0,0
1216521,Chennai Super Kings,Imran Tahir,13,10,2,0
1216521,Chennai Super Kings,MS Dhoni,16,16,2,1
1216521,Chennai Super Kings,N Jagadeesan,0,1,0,0
1216521,Chennai Super Kings,RA Jadeja,7,6,1,0
1216521,Chennai Super Kings,RD Gaikwad,0,5,0,0
1216521,Chennai Super Kings,SM Curran,52,47,4,2
1216521,Chennai Super Kings,SN Thakur,11,20,0,0
1216521,Mumbai Indians,Ishan Kishan,68,37,6,5
1216521,Mumbai Indians,Q de Kock,46,37,5,2
1216522,Rajasthan Royals,BA Stokes,15,19,2,0
1216522,Rajasthan Royals,JC Archer,2,3,0,0
1216522,Rajasthan Royals,JC Buttler,24,25,1,1
1216522,Rajasthan Royals,R Tewatia,19,11,1,1
1216522,Rajasthan Royals,RV Uthappa,41,22,7,1
1216522,Rajasthan Royals,SPD Smith,57,34,6,1
1216522,Rajasthan Royals,SV Samson,9,6,0,1
1216522,Royal Challengers Bangalore,AB de Villiers,55,22,1,6
1216522,Royal Challengers Bangalore,AJ Finch,14,11,0,2
1216522,Royal Challengers Bangalore,D Padikkal,35,36,2,0
1216522,Royal Challengers Bangalore,Gurkeerat Singh,19,17,1,0
1216522,Royal Challengers Bangalore,V Kohli,43,32,1,2
1216523,Kings XI Punjab,GJ Maxwell,10,5,2,0
1216523,Kings XI Punjab,KL Rahul,74,58,6,0
1216523,Kings XI Punjab,MA Agarwal,56,39,6,1
1216523,Kings XI Punjab,Mandeep Singh,0,1,0,0
1216523,Kings XI Punjab,N Pooran,16,10,2,1
1216523,Kings XI Punjab,P Simran Singh,4,7,0,0
1216523,Kolkata Knight Riders,AD Russell,5,3,1,0
1216523,Kolkata Knight Riders,EJG Morgan,24,23,2,1
1216523,Kolkata Knight Riders,KD Karthik,58,29,8,2
1216523,Kolkata Knight Riders,N Rana,2,4,0,0
1216523,Kolkata Knight Riders,PJ Cummins,5,4,0,0
1216523,Kolkata Knight Riders,RA Tripathi,4,10,1,0
1216523,Kolkata Knight Riders,Shubman Gill,57,47,5,0
1216524,Delhi Capitals,A Nortje,1,3,0,0
1216524,Delhi Capitals,AM Rahane,26,19,3,1
1216524,Delhi Capitals,AR Patel,1,4,0,0
1216524,Delhi Capitals,K Rabada,3,7,0,0
1216524,Delhi Capitals,MP Stoinis,5,6,1,0
1216524,Delhi Capitals,R Ashwin,7,5,1,0
1216524,Delhi Capitals,RR Pant,36,35,3,1
1216524,Delhi Capitals,S Dhawan,0,1,0,0
1216524,Delhi Capitals,SO Hetmyer,16,13,3,0
1216524,Delhi Capitals,SS Iyer,7,12,0,0
1216524,Delhi Capitals,TU Deshpande,20,9,2,1
1216524,Sunrisers Hyderabad,DA Warner,66,34,8,2
1216524,Sunrisers Hyderabad,KS Williamson,11,10,1,0
1216524,Sunrisers Hyderabad,MK Pandey,44,31,4,1
1216524,Sunrisers Hyderabad,WP Saha,87,45,12,2
1216525,Chennai Super Kings,AT Rayudu,42,40,4,0
1216525,Chennai Super Kings,DJ Bravo,7,5,0,0
1216525,Chennai Super Kings,DL Chahar,5,5,0,0
1216525,Chennai Super Kings,F du Plessis,8,10,0,0
1216525,Chennai Super Kings,MS Dhoni,10,6,0,1
1216525,Chennai Super Kings,N Jagadeesan,33,28,4,0
1216525,Chennai Super Kings,RA Jadeja,7,6,1,0
1216525,Chennai Super Kings,SM Curran,0,1,0,0
1216525,Chennai Super Kings,SN Thakur,1,1,0,0
1216525,Chennai Super Kings,SR Watson,14,18,3,0
1216525,Royal Challengers Bangalore,AB de Villiers,0,2,0,0
1216525,Royal Challengers Bangalore,AJ Finch,2,9,0,0
1216525,Royal Challengers Bangalore,D Padikkal,33,34,2,1
1216525,Royal Challengers Bangalore,S Dube,22,14,2,1
1216525,Royal Challengers Bangalore,V Kohli,90,51,4,4
1216525,Royal Challengers Bangalore,Washington Sundar,10,10,0,1
1216526,Kolkata Knight Riders,AD Russell,12,9,1,1
1216526,Kolkata Knight Riders,EJG Morgan,39,29,2,2
1216526,Kolkata Knight Riders,KD Karthik,4,8,1,0
1216526,Kolkata Knight Riders,N Rana,5,6,1,0
1216526,Kolkata Knight Riders,PJ Cummins,53,36,5,2
1216526,Kolkata Knight Riders,RA Tripathi,7,9,1,0
1216526,Kolkata Knight Riders,Shubman Gill,21,23,2,0
1216526,Mumbai Indians,HH Pandya,21,11,3,1
1216526,Mumbai Indians,Q de Kock,78,44,9,3
1216526,Mumbai Indians,RG Sharma,35,36,5,1
1216526,Mumbai Indians,SA Yadav,10,10,1,0
1216527,Kings XI Punjab,GJ Maxwell,13,9,2,0
1216527,Kings XI Punjab,KL Rahul,69,54,7,1
1216527,Kings XI Punjab,MA Agarwal,106,50,10,7
1216527,Kings XI Punjab,N Pooran,25,8,1,3
1216527,Rajasthan Royals,JC Archer,13,3,0,2
1216527,Rajasthan Royals,JC Buttler,4,7,0,0
1216527,Rajasthan Royals,R Parag,0,2,0,0
1216527,Rajasthan Royals,R Tewatia,53,31,0,7
1216527,Rajasthan Royals,RV Uthappa,9,4,2,0
1216527,Rajasthan Royals,SPD Smith,50,27,7,2
1216527,Rajasthan Royals,SV Samson,85,42,4,7
1216527,Rajasthan Royals,TK Curran,4,1,1,0
1216528,Chennai Super Kings,AT Rayudu,41,34,3,2
1216528,Chennai Super Kings,DJ Bravo,0,1,0,0
1216528,Chennai Super Kings,DL Chahar,2,2,0,0
1216528,Chennai Super Kings,F du Plessis,0,1,0,0
1216528,Chennai Super Kings,MS Dhoni,21,13,2,1
1216528,Chennai Super Kings,RA Jadeja,25,10,3,1
1216528,Chennai Super Kings,SM Curran,31,21,3,2
1216528,Chennai Super Kings,SR Watson,42,38,1,3
1216528,Sunrisers Hyderabad,DA Warner,9,13,0,0
1216528,Sunrisers Hyderabad,JM Bairstow,23,24,2,0
1216528,Sunrisers Hyderabad,KS Williamson,57,39,7,0
1216528,Sunrisers Hyderabad,MK Pandey,4,3,1,0
1216528,Sunrisers Hyderabad,PK Garg,16,18,1,0
1216528,Sunrisers Hyderabad,Rashid Khan,14,8,1,1
1216528,Sunrisers Hyderabad,S Nadeem,5,5,1,0
1216528,Sunrisers Hyderabad,Sandeep Sharma,1,2,0,0
1216528,Sunrisers Hyderabad,T Natarajan,0,1,0,0
1216528,Sunrisers Hyderabad,V Shankar,12,7,0,1
1216529,Delhi Capitals,AM Rahane,15,15,3,0
1216529,Delhi Capitals,AT Carey,14,9,0,0
1216529,Delhi Capitals,MP Stoinis,13,8,2,0
1216529,Delhi Capitals,PP Shaw,4,3,1,0
1216529,Delhi Capitals,S Dhawan,69,52,6,1
1216529,Delhi Capitals,SS Iyer,42,33,5,0
1216529,Mumbai Indians,HH Pandya,0,2,0,0
1216529,Mumbai Indians,Ishan Kishan,28,15,2,2
1216529,Mumbai Indians,KA Pollard,11,14,1,0
1216529,Mumbai Indians,KH Pandya,12,7,2,0
1216529,Mumbai Indians,Q de Kock,53,36,4,3
1216529,Mumbai Indians,RG Sharma,5,12,0,0
1216529,Mumbai Indians,SA Yadav,53,32,6,1
1216530,Kolkata Knight Riders,AD Russell,25,11,1,3
1216530,Kolkata Knight Riders,EJG Morgan,68,35,5,6
1216530,Kolkata Knight Riders,KD Karthik,0,1,0,0
1216530,Kolkata Knight Riders,KL Nagarkoti,1,1,0,0
1216530,Kolkata Knight Riders,N Rana,0,1,0,0
1216530,Kolkata Knight Riders,PJ Cummins,15,11,0,1
1216530,Kolkata Knight Riders,RA Tripathi,39,34,4,2
1216530,Kolkata Knight Riders,SP Narine,0,2,0,0
1216530,Kolkata Knight Riders,Shubman Gill,36,24,6,0
1216530,Rajasthan Royals,BA Stokes,18,11,2,1
1216530,Rajasthan Royals,JC Archer,6,9,0,0
1216530,Rajasthan Royals,JC Buttler,35,22,4,1
1216530,Rajasthan Royals,Kartik Tyagi,2,3,0,0
1216530,Rajasthan Royals,R Parag,0,7,0,0
1216530,Rajasthan Royals,R Tewatia,31,27,2,1
1216530,Rajasthan Royals,RV Uthappa,6,2,0,1
1216530,Rajasthan Royals,S Gopal,23,23,2,0
1216530,Rajasthan Royals,SPD Smith,4,4,1,0
1216530,Rajasthan Royals,SV Samson,1,4,0,0
1216530,Rajasthan Royals,VR Aaron,0,8,0,0
1216531,Kings XI Punjab,CH Gayle,53,45,1,5
1216531,Kings XI Punjab,KL Rahul,61,49,1,5
1216531,Kings XI Punjab,MA Agarwal,45,25,4,3
1216531,Kings XI Punjab,N Pooran,6,1,0,1
1216531,Royal Challengers Bangalore,AB de Villiers,2,5,0,0
1216531,Royal Challengers Bangalore,AJ Finch,20,18,2,1
1216531,Royal Challengers Bangalore,CH Morris,25,8,1,3
1216531,Royal Challengers Bangalore,D Padikkal,18,12,1,1
1216531,Royal Challengers Bangalore,I Udana,10,5,0,1
1216531,Royal Challengers Bangalore,S Dube,23,19,0,2
1216531,Royal Challengers Bangalore,V Kohli,48,39,3,0
1216531,Royal Challengers Bangalore,Washington Sundar,13,14,1,0
1216532,Delhi Capitals,A Nortje,3,2,0,0
1216532,Delhi Capitals,AR Patel,5,6,0,0
1216532,Delhi Capitals,K Rabada,15,7,1,1
1216532,Delhi Capitals,MP Stoinis,11,9,1,0
1216532,Delhi Capitals,PP Shaw,2,5,0,0
1216532,Delhi Capitals,RR Pant,28,27,1,2
1216532,Delhi Capitals,S Dhawan,34,31,4,0
1216532,Delhi Capitals,SO Hetmyer,21,12,0,2
1216532,Delhi Capitals,SS Iyer,17,21,2,0
1216532,Sunrisers Hyderabad,Abdul Samad,12,7,1,1
1216532,Sunrisers Hyderabad,Abhishek Sharma,1,1,0,0
1216532,Sunrisers Hyderabad,DA Warner,45,33,3,2
1216532,Sunrisers Hyderabad,JM Bairstow,53,48,2,1
1216532,Sunrisers Hyderabad,KS Williamson,41,26,5,0
1216532,Sunrisers Hyderabad,MK Pandey,3,5,0,0
1216533,Chennai Super Kings,AT Rayudu,13,18,2,0
1216533,Chennai Super Kings,F du Plessis,10,9,1,0
1216533,Chennai Super Kings,KM Jadhav,4,7,0,0
1216533,Chennai Super Kings,MS Dhoni,28,28,2,0
1216533,Chennai Super Kings,RA Jadeja,35,30,4,0
1216533,Chennai Super Kings,SM Curran,22,25,1,1
1216533,Chennai Super Kings,SR Watson,8,3,2,0
1216533,Rajasthan Royals,BA Stokes,19,11,3,0
1216533,Rajasthan Royals,JC Buttler,70,48,7,2
1216533,Rajasthan Royals,RV Uthappa,4,9,0,0
1216533,Rajasthan Royals,SPD Smith,26,34,2,0
1216533,Rajasthan Royals,SV Samson,0,3,0,0
1216534,Royal Challengers Bangalore,AB de Villiers,51,30,4,2
1216534,Royal Challengers Bangalore,AJ Finch,29,25,1,2
1216534,Royal Challengers Bangalore,D Padikkal,56,42,8,0
1216534,Royal Challengers Bangalore,JR Philippe,1,2,0,0
1216534,Royal Challengers Bangalore,S Dube,7,8,0,0
1216534,Royal Challengers Bangalore,V Kohli,14,13,0,0
1216534,Sunrisers Hyderabad,Abhishek Sharma,7,4,1,0
1216534,Sunrisers Hyderabad,B Kumar,0,2,0,0
1216534,Sunrisers Hyderabad,DA Warner,6,6,1,0
1216534,Sunrisers Hyderabad,JM Bairstow,61,43,6,2
1216534,Sunrisers Hyderabad,MK Pandey,34,33,3,1
1216534,Sunrisers Hyderabad,MR Marsh,0,1,0,0
1216534,Sunrisers Hyderabad,PK Garg,12,13,1,0
1216534,Sunrisers Hyderabad,Rashid Khan,6,5,1,0
1216534,Sunrisers Hyderabad,Sandeep Sharma,9,6,1,0
1216534,Sunrisers Hyderabad,T Natarajan,3,4,0,0
1216534,Sunrisers Hyderabad,V Shankar,0,1,0,0
1216535,Delhi Capitals,HV Patel,5,9,1,0
1216535,Delhi Capitals,K Rabada,12,7,0,1
1216535,Delhi Capitals,MP Stoinis,2,3,0,0
1216535,Delhi Capitals,P Dubey,7,13,0,0
1216535,Delhi Capitals,PP Shaw,10,11,2,0
1216535,Delhi Capitals,R Ashwin,12,9,0,1
1216535,Delhi Capitals,RR Pant,21,24,2,0
1216535,Delhi Capitals,S Dhawan,0,2,0,0
1216535,Delhi Capitals,SO Hetmyer,11,13,1,0
1216535,Delhi Capitals,SS Iyer,25,29,1,1
1216535,Mumbai Indians,Ishan Kishan,72,47,8,3
1216535,Mumbai Indians,Q de Kock,26,28,2,0
1216535,Mumbai Indians,SA Yadav,12,11,1,0
1216536,Chennai Super Kings,AT Rayudu,38,20,5,1
1216536,Chennai Super Kings,MS Dhoni,1,4,0,0
1216536,Chennai Super Kings,RA Jadeja,31,10,2,3
1216536,Chennai Super Kings,RD Gaikwad,72,53,6,2
1216536,Chennai Super Kings,SM Curran,13,14,1,0
1216536,Chennai Super Kings,SR Watson,14,19,1,1
1216536,Kolkata Knight Riders,EJG Morgan,15,12,2,0
1216536,Kolkata Knight Riders,KD Karthik,21,10,3,0
1216536,Kolkata Knight Riders,N Rana,87,61,10,4
1216536,Kolkata Knight Riders,RA Tripathi,3,2,0,0
1216536,Kolkata Knight Riders,RK Singh,11,11,1,0
1216536,Kolkata Knight Riders,SP Narine,7,7,0,1
1216536,Kolkata Knight Riders,Shubman Gill,26,17,4,0
1216537,Kings XI Punjab,CH Gayle,99,63,6,8
1216537,Kings XI Punjab,DJ Hooda,1,1,0,0
1216537,Kings XI Punjab,GJ Maxwell,6,5,1,0
1216537,Kings XI Punjab,KL Rahul,46,41,3,2
1216537,Kings XI Punjab,Mandeep Singh,0,1,0,0
1216537,Kings XI Punjab,N Pooran,22,9,0,3
1216537,Rajasthan Royals,BA Stokes,50,26,6,3
1216537,Rajasthan Royals,JC Buttler,22,11,1,2
1216537,Rajasthan Royals,RV Uthappa,30,23,1,2
1216537,Rajasthan Royals,SPD Smith,31,20,5,0
1216537,Rajasthan Royals,SV Samson,48,25,4,3
1216538,Mumbai Indians,HH Pandya,28,19,2,2
1216538,Mumbai Indians,Ishan Kishan,31,22,1,2
1216538,Mumbai Indians,KA Pollard,25,13,0,3
1216538,Mumbai Indians,KH Pandya,20,4,2,2
1216538,Mumbai Indians,Q de Kock,67,39,4,4
1216538,Mumbai Indians,RG Sharma,6,5,0,1
1216538,Mumbai Indians,SA Yadav,27,18,6,0
1216538,Sunrisers Hyderabad,Abdul Samad,20,9,1,2
1216538,Sunrisers Hyderabad,Abhishek Sharma,10,13,0,0
1216538,Sunrisers Hyderabad,DA Warner,60,44,5,2
1216538,Sunrisers Hyderabad,JM Bairstow,25,15,2,2
1216538,Sunrisers Hyderabad,KS Williamson,3,5,0,0
1216538,Sunrisers Hyderabad,MK Pandey,30,19,4,1
1216538,Sunrisers Hyderabad,PK Garg,8,7,0,0
1216538,Sunrisers Hyderabad,Rashid Khan,3,7,0,0
1216538,Sunrisers Hyderabad,Sandeep Sharma,0,1,0,0
1216539,Chennai Super Kings,F du Plessis,43,35,4,0
1216539,Chennai Super Kings,KM Jadhav,26,21,3,0
1216539,Chennai Super Kings,M Vijay,10,15,1,0
1216539,Chennai Super Kings,MS Dhoni,15,12,2,0
1216539,Chennai Super Kings,RA Jadeja,12,9,1,0
1216539,Chennai Super Kings,RD Gaikwad,5,10,0,0
1216539,Chennai Super Kings,SM Curran,1,2,0,0
1216539,Chennai Super Kings,SR Watson,14,16,1,1
1216539,Delhi Capitals,MP Stoinis,5,3,1,0
1216539,Delhi Capitals,PP Shaw,64,43,9,1
1216539,Delhi Capitals,RR Pant,37,25,6,0
1216539,Delhi Capitals,S Dhawan,35,27,3,1
1216539,Delhi Capitals,SS Iyer,26,22,1,0
1216540,Kolkata Knight Riders,AD Russell,16,10,2,1
1216540,Kolkata Knight Riders,CV Varun,7,10,0,0
1216540,Kolkata Knight Riders,EJG Morgan,8,12,1,0
1216540,Kolkata Knight Riders,KD Karthik,1,2,0,0
1216540,Kolkata Knight Riders,KL Nagarkoti,4,7,0,0
1216540,Kolkata Knight Riders,M Prasidh Krishna,2,3,0,0
1216540,Kolkata Knight Riders,N Rana,9,14,1,0
1216540,Kolkata Knight Riders,PJ Cummins,1,3,0,0
1216540,Kolkata Knight Riders,RA Tripathi,16,22,1,0
1216540,Kolkata Knight Riders,Shubman Gill,34,25,3,1
1216540,Kolkata Knight Riders,T Banton,8,12,0,0
1216540,Royal Challengers Bangalore,AB de Villiers,73,32,5,6
1216540,Royal Challengers Bangalore,AJ Finch,47,37,4,1
1216540,Royal Challengers Bangalore,D Padikkal,32,23,4,1
1216540,Royal Challengers Bangalore,V Kohli,33,28,1,0
1216541,Mumbai Indians,HH Pandya,60,21,2,7
1216541,Mumbai Indians,Ishan Kishan,37,36,4,1
1216541,Mumbai Indians,KA Pollard,6,4,0,1
1216541,Mumbai Indians,KH Pandya,3,4,0,0
1216541,Mumbai Indians,Q de Kock,6,4,0,1
1216541,Mumbai Indians,SA Yadav,40,26,4,1
1216541,Mumbai Indians,SS Tiwary,34,25,4,1
1216541,Rajasthan Royals,BA Stokes,107,60,14,3
1216541,Rajasthan Royals,RV Uthappa,13,11,2,0
1216541,Rajasthan Royals,SPD Smith,11,8,1,1
1216541,Rajasthan Royals,SV Samson,54,31,4,3
1216542,Kings XI Punjab,Arshdeep Singh,0,3,0,0
1216542,Kings XI Punjab,GJ Maxwell,7,12,0,0
1216542,Kings XI Punjab,KL Rahul,11,16,0,0
1216542,Kings XI Punjab,MA Agarwal,9,6,1,0
1216542,Kings XI Punjab,Mandeep Singh,6,6,0,0
1216542,Kings XI Punjab,Mohammed Shami,0,1,0,0
1216542,Kings XI Punjab,Mujeeb Ur Rahman,1,3,0,0
1216542,Kings XI Punjab,N Pooran,77,37,5,7
1216542,Kings XI Punjab,P Simran Singh,11,8,2,0
1216542,Kings XI Punjab,Ravi Bishnoi,6,7,1,0
1216542,Kings XI Punjab,SS Cottrell,0,2,0,0
1216542,Sunrisers Hyderabad,Abdul Samad,8,7,1,0
1216542,Sunrisers Hyderabad,Abhishek Sharma,12,6,1,1
1216542,Sunrisers Hyderabad,DA Warner,52,39,5,1
1216542,Sunrisers Hyderabad,JM Bairstow,97,55,7,6
1216542,Sunrisers Hyderabad,KS Williamson,20,10,1,1
1216542,Sunrisers Hyderabad,MK Pandey,1,2,0,0
1216542,Sunrisers Hyderabad,PK Garg,0,1,0,0
1216543,Delhi Capitals,AM Rahane,2,9,0,0
1216543,Delhi Capitals,AR Patel,7,4,1,0
1216543,Delhi Capitals,AT Carey,14,13,0,1
1216543,Delhi Capitals,MP Stoinis,18,19,1,0
1216543,Delhi Capitals,PP Shaw,0,1,0,0
1216543,Delhi Capitals,S Dhawan,57,32,6,2
1216543,Delhi Capitals,SS Iyer,53,42,3,2
1216543,Rajasthan Royals,BA Stokes,41,35,6,0
1216543,Rajasthan Royals,JC Archer,1,4,0,0
1216543,Rajasthan Royals,JC Buttler,22,9,3,1
1216543,Rajasthan Royals,R Parag,1,2,0,0
1216543,Rajasthan Royals,R Tewatia,14,18,1,0
1216543,Rajasthan Royals,RV Uthappa,32,27,3,1
1216543,Rajasthan Royals,S Gopal,6,4,1,0
1216543,Rajasthan Royals,SPD Smith,1,4,0,0
1216543,Rajasthan Royals,SV Samson,25,17,0,2
1216544,Chennai Super Kings,AT Rayudu,39,27,3,2
1216544,Chennai Super Kings,F du Plessis,25,13,2,2
1216544,Chennai Super Kings,MS Dhoni,19,21,3,0
1216544,Chennai Super Kings,RD Gaikwad,65,51,4,3
1216544,Royal Challengers Bangalore,AB de Villiers,39,35,4,0
1216544,Royal Challengers Bangalore,AJ Finch,15,11,3,0
1216544,Royal Challengers Bangalore,CH Morris,2,5,0,0
1216544,Royal Challengers Bangalore,D Padikkal,22,21,2,1
1216544,Royal Challengers Bangalore,Gurkeerat Singh,2,2,0,0
1216544,Royal Challengers Bangalore,MM Ali,1,2,0,0
1216544,Royal Challengers Bangalore,V Kohli,50,42,1,1
1216544,Royal Challengers Bangalore,Washington Sundar,5,2,1,0
1216545,Kolkata Knight Riders,EJG Morgan,42,29,3,2
1216545,Kolkata Knight Riders,KD Karthik,0,3,0,0
1216545,Kolkata Knight Riders,N Rana,26,13,6,0
1216545,Kolkata Knight Riders,SP Narine,0,2,0,0
1216545,Kolkata Knight Riders,Shubman Gill,70,61,5,2
1216545,Sunrisers Hyderabad,Abhishek Sharma,2,3,0,0
1216545,Sunrisers Hyderabad,DA Warner,36,30,2,1
1216545,Sunrisers Hyderabad,JM Bairstow,5,10,0,0
1216545,Sunrisers Hyderabad,MK Pandey,51,38,3,2
1216545,Sunrisers Hyderabad,Mohammad Nabi,11,8,2,0
1216545,Sunrisers Hyderabad,WP Saha,30,31,1,1
1216546,Delhi Capitals,MP Stoinis,9,10,0,0
1216546,Delhi Capitals,PP Shaw,7,11,1,0
1216546,Delhi Capitals,RR Pant,14,20,1,0
1216546,Delhi Capitals,S Dhawan,106,61,12,3
1216546,Delhi Capitals,SO Hetmyer,10,6,0,1
1216546,Delhi Capitals,SS Iyer,14,12,0,1
1216546,Kings XI Punjab,CH Gayle,29,13,3,2
1216546,Kings XI Punjab,DJ Hooda,15,22,1,0
1216546,Kings XI Punjab,GJ Maxwell,32,24,3,0
1216546,Kings XI Punjab,JDS Neesham,10,8,0,1
1216546,Kings XI Punjab,KL Rahul,15,10,1,1
1216546,Kings XI Punjab,MA Agarwal,5,9,0,0
1216546,Kings XI Punjab,N Pooran,53,28,6,3
1216547,Mumbai Indians,HH Pandya,16,15,0,1
1216547,Mumbai Indians,Ishan Kishan,99,58,2,9
1216547,Mumbai Indians,KA Pollard,65,28,4,5
1216547,Mumbai Indians,Q de Kock,14,15,1,0
1216547,Mumbai Indians,RG Sharma,8,8,0,1
1216547,Mumbai Indians,SA Yadav,0,2,0,0
1216547,Royal Challengers Bangalore,AB de Villiers,61,28,5,4
1216547,Royal Challengers Bangalore,AJ Finch,52,35,7,1
1216547,Royal Challengers Bangalore,D Padikkal,54,40,5,2
1216547,Royal Challengers Bangalore,S Dube,27,10,1,3
1216547,Royal Challengers Bangalore,V Kohli,8,13,1,0
1237177,Delhi Capitals,AM Rahane,0,3,0,0
1237177,Delhi Capitals,AR Patel,42,33,2,3
1237177,Delhi Capitals,DR Sams,0,2,0,0
1237177,Delhi Capitals,K Rabada,15,15,2,0
1237177,Delhi Capitals,MP Stoinis,65,46,6,3
1237177,Delhi Capitals,PP Shaw,0,2,0,0
1237177,Delhi Capitals,RR Pant,3,9,0,0
1237177,Delhi Capitals,S Dhawan,0,2,0,0
1237177,Delhi Capitals,SS Iyer,12,8,3,0
1237177,Mumbai Indians,HH Pandya,37,14,0,5
1237177,Mumbai Indians,Ishan Kishan,55,30,4,3
1237177,Mumbai Indians,KA Pollard,0,2,0,0
1237177,Mumbai Indians,KH Pandya,13,10,0,1
1237177,Mumbai Indians,Q de Kock,40,25,5,1
1237177,Mumbai Indians,RG Sharma,0,1,0,0
1237177,Mumbai Indians,SA Yadav,51,38,6,2
1237178,Royal Challengers Bangalore,AB de Villiers,56,42,5,0
1237178,Royal Challengers Bangalore,AJ Finch,32,30,3,1
1237178,Royal Challengers Bangalore,D Padikkal,1,6,0,0
1237178,Royal Challengers Bangalore,MM Ali,0,1,0,0
1237178,Royal Challengers Bangalore,Mohammed Siraj,10,7,1,0
1237178,Royal Challengers Bangalore,Navdeep Saini,9,8,1,0
1237178,Royal Challengers Bangalore,S Dube,8,13,0,0
1237178,Royal Challengers Bangalore,V Kohli,6,7,0,0
1237178,Royal Challengers Bangalore,Washington Sundar,5,6,0,0
1237178,Sunrisers Hyderabad,DA Warner,17,16,3,0
1237178,Sunrisers Hyderabad,JO Holder,24,20,3,0
1237178,Sunrisers Hyderabad,KS Williamson,50,44,2,2
1237178,Sunrisers Hyderabad,MK Pandey,24,21,3,1
1237178,Sunrisers Hyderabad,PK Garg,7,14,0,0
1237178,Sunrisers Hyderabad,SP Goswami,0,3,0,0
1237180,Delhi Capitals,MP Stoinis,38,27,5,1
1237180,Delhi Capitals,RR Pant,2,3,0,0
1237180,Delhi Capitals,S Dhawan,78,49,6,3
1237180,Delhi Capitals,SO Hetmyer,42,21,4,1
1237180,Delhi Capitals,SS Iyer,21,20,1,0
1237180,Sunrisers Hyderabad,Abdul Samad,33,16,2,2
1237180,Sunrisers Hyderabad,DA Warner,2,3,0,0
1237180,Sunrisers Hyderabad,JO Holder,11,15,1,0
1237180,Sunrisers Hyderabad,KS Williamson,67,45,5,4
1237180,Sunrisers Hyderabad,MK Pandey,21,14,3,0
1237180,Sunrisers Hyderabad,PK Garg,17,12,0,2
1237180,Sunrisers Hyderabad,Rashid Khan,11,7,1,1
1237180,Sunrisers Hyderabad,S Nadeem,2,3,0,0
1237180,Sunrisers Hyderabad,SP Goswami,0,1,0,0
1237180,Sunrisers Hyderabad,Sandeep Sharma,2,4,0,0
1237181,Delhi Capitals,AM Rahane,2,4,0,0
1237181,Delhi Capitals,AR Patel,9,9,1,0
1237181,Delhi Capitals,MP Stoinis,0,1,0,0
1237181,Delhi Capitals,RR Pant,56,38,4,2
1237181,Delhi Capitals,S Dhawan,15,13,3,0
1237181,Delhi Capitals,SO Hetmyer,5,5,1,0
1237181,Delhi Capitals,SS Iyer,65,50,6,2
1237181,Mumbai Indians,HH Pandya,3,5,0,0
1237181,Mumbai Indians,Ishan Kishan,33,19,3,1
1237181,Mumbai Indians,KA Pollard,9,4,2,0
1237181,Mumbai Indians,KH Pandya,1,1,0,0
1237181,Mumbai Indians,Q de Kock,20,12,3,1
1237181,Mumbai Indians,RG Sharma,68,51,5,4
1237181,Mumbai Indians,SA Yadav,19,20,1,1
1254058,Mumbai Indians,CA Lynn,49,35,4,3
1254058,Mumbai Indians,HH Pandya,13,10,2,0
1254058,Mumbai Indians,Ishan Kishan,28,19,2,1
1254058,Mumbai Indians,JJ Bumrah,1,2,0,0
1254058,Mumbai Indians,KA Pollard,7,9,1,0
1254058,Mumbai Indians,KH Pandya,7,6,1,0
1254058,Mumbai Indians,M Jansen,0,2,0,0
1254058,Mumbai Indians,RG Sharma,19,15,1,1
1254058,Mumbai Indians,SA Yadav,31,22,4,1
1254058,Royal Challengers Bangalore,AB de Villiers,48,27,4,2
1254058,Royal Challengers Bangalore,DT Christian,1,3,0,0
1254058,Royal Challengers Bangalore,GJ Maxwell,39,28,3,2
1254058,Royal Challengers Bangalore,HV Patel,4,3,0,0
1254058,Royal Challengers Bangalore,KA Jamieson,4,4,0,0
1254058,Royal Challengers Bangalore,Mohammed Siraj,0,1,0,0
1254058,Royal Challengers Bangalore,RM Patidar,8,8,1,0
1254058,Royal Challengers Bangalore,Shahbaz Ahmed,1,2,0,0
1254058,Royal Challengers Bangalore,V Kohli,33,29,4,0
1254058,Royal Challengers Bangalore,Washington Sundar,10,15,0,0
1254059,Chennai Super Kings,AT Rayudu,23,15,1,2
1254059,Chennai Super Kings,F du Plessis,0,3,0,0
1254059,Chennai Super Kings,MM Ali,36,24,4,2
1254059,Chennai Super Kings,MS Dhoni,0,2,0,0
1254059,Chennai Super Kings,RA Jadeja,26,17,3,0
1254059,Chennai Super Kings,RD Gaikwad,5,8,1,0
1254059,Chennai Super Kings,SK Raina,54,36,3,4
1254059,Chennai Super Kings,SM Curran,34,15,4,2
1254059,Delhi Capitals,MP Stoinis,14,9,3,0
1254059,Delhi Capitals,PP Shaw,72,38,9,3
1254059,Delhi Capitals,RR Pant,15,12,2,0
1254059,Delhi Capitals,S Dhawan,85,53,10,2
1254060,Kolkata Knight Riders,AD Russell,5,5,1,0
1254060,Kolkata Knight Riders,EJG Morgan,2,3,0,0
1254060,Kolkata Knight Riders,KD Karthik,22,9,2,1
1254060,Kolkata Knight Riders,N Rana,80,56,9,4
1254060,Kolkata Knight Riders,RA Tripathi,53,29,5,2
1254060,Kolkata Knight Riders,Shakib Al Hasan,3,5,0,0
1254060,Kolkata Knight Riders,Shubman Gill,15,13,1,1
1254060,Sunrisers Hyderabad,Abdul Samad,19,8,0,2
1254060,Sunrisers Hyderabad,DA Warner,3,4,0,0
1254060,Sunrisers Hyderabad,JM Bairstow,55,40,5,3
1254060,Sunrisers Hyderabad,MK Pandey,61,44,2,3
1254060,Sunrisers Hyderabad,Mohammad Nabi,14,11,2,0
1254060,Sunrisers Hyderabad,V Shankar,11,7,0,1
1254060,Sunrisers Hyderabad,WP Saha,7,6,0,1
1254061,Punjab Kings,CH Gayle,40,28,4,2
1254061,Punjab Kings,DJ Hooda,64,27,4,6
1254061,Punjab Kings,JA Richardson,0,2,0,0
1254061,Punjab Kings,KL Rahul,91,49,7,5
1254061,Punjab Kings,M Shahrukh Khan,6,4,1,0
1254061,Punjab Kings,MA Agarwal,14,9,2,0
1254061,Punjab Kings,N Pooran,0,1,0,0
1254061,Rajasthan Royals,BA Stokes,0,3,0,0
1254061,Rajasthan Royals,CH Morris,2,4,0,0
1254061,Rajasthan Royals,JC Buttler,25,13,5,0
1254061,Rajasthan Royals,M Vohra,12,8,1,1
1254061,Rajasthan Royals,R Parag,25,11,1,3
1254061,Rajasthan Royals,R Tewatia,2,4,0,0
1254061,Rajasthan Royals,S Dube,23,15,3,0
1254061,Rajasthan Royals,SV Samson,119,62,12,7
1254062,Kolkata Knight Riders,AD Russell,9,14,1,0
1254062,Kolkata Knight Riders,EJG Morgan,7,7,1,0
1254062,Kolkata Knight Riders,Harbhajan Singh,2,2,0,0
1254062,Kolkata Knight Riders,KD Karthik,8,11,0,0
1254062,Kolkata Knight Riders,N Rana,57,47,6,2
1254062,Kolkata Knight Riders,PJ Cummins,0,1,0,0
1254062,Kolkata Knight Riders,RA Tripathi,5,5,0,0
1254062,Kolkata Knight Riders,Shakib Al Hasan,9,9,1,0
1254062,Kolkata Knight Riders,Shubman Gill,33,24,5,1
1254062,Mumbai Indians,HH Pandya,15,17,2,0
1254062,Mumbai Indians,Ishan Kishan,1,3,0,0
1254062,Mumbai Indians,JJ Bumrah,0,1,0,0
1254062,Mumbai Indians,KA Pollard,5,8,1,0
1254062,Mumbai Indians,KH Pandya,15,9,3,0
1254062,Mumbai Indians,M Jansen,0,1,0,0
1254062,Mumbai Indians,Q de Kock,2,6,0,0
1254062,Mumbai Indians,RD Chahar,8,7,0,0
1254062,Mumbai Indians,RG Sharma,43,32,3,1
1254062,Mumbai Indians,SA Yadav,56,36,7,2
1254063,Royal Challengers Bangalore,AB de Villiers,1,5,0,0
1254063,Royal Challengers Bangalore,D Padikkal,11,13,2,0
1254063,Royal Challengers Bangalore,DT Christian,1,2,0,0
1254063,Royal Challengers Bangalore,GJ Maxwell,59,41,5,3
1254063,Royal Challengers Bangalore,KA Jamieson,12,9,2,0
1254063,Royal Challengers Bangalore,Shahbaz Ahmed,14,10,0,1
1254063,Royal Challengers Bangalore,V Kohli,33,29,4,0
1254063,Royal Challengers Bangalore,Washington Sundar,8,11,1,0
1254063,Sunrisers Hyderabad,Abdul Samad,0,2,0,0
1254063,Sunrisers Hyderabad,B Kumar,2,2,0,0
1254063,Sunrisers Hyderabad,DA Warner,54,37,7,1
1254063,Sunrisers Hyderabad,JM Bairstow,12,13,1,0
1254063,Sunrisers Hyderabad,JO Holder,4,4,0,0
1254063,Sunrisers Hyderabad,MK Pandey,38,39,2,2
1254063,Sunrisers Hyderabad,Rashid Khan,17,8,1,1
1254063,Sunrisers Hyderabad,S Nadeem,0,1,0,0
1254063,Sunrisers Hyderabad,V Shankar,3,5,0,0
1254063,Sunrisers Hyderabad,WP Saha,1,9,0,0
1254064,Delhi Capitals,AM Rahane,8,8,1,0
1254064,Delhi Capitals,CR Woakes,15,11,2,0
1254064,Delhi Capitals,K Rabada,9,4,1,0
1254064,Delhi Capitals,Lalit Yadav,20,24,3,0
1254064,Delhi Capitals,MP Stoinis,0,5,0,0
1254064,Delhi Capitals,PP Shaw,2,5,0,0
1254064,Delhi Capitals,R Ashwin,7,4,1,0
1254064,Delhi Capitals,RR Pant,51,32,9,0
1254064,Delhi Capitals,S Dhawan,9,11,1,0
1254064,Delhi Capitals,TK Curran,21,16,2,0
1254064,Rajasthan Royals,CH Morris,36,18,0,4
1254064,Rajasthan Royals,DA Miller,62,43,7,2
1254064,Rajasthan Royals,JC Buttler,2,7,0,0
1254064,Rajasthan Royals,JD Unadkat,11,7,0,1
1254064,Rajasthan Royals,M Vohra,9,11,2,0
1254064,Rajasthan Royals,R Parag,2,5,0,0
1254064,Rajasthan Royals,R Tewatia,19,17,2,0
1254064,Rajasthan Royals,S Dube,2,7,0,0
1254064,Rajasthan Royals,SV Samson,4,3,1,0
1254065,Chennai Super Kings,AT Rayudu,0,1,0,0
1254065,Chennai Super Kings,F du Plessis,36,33,4,1
1254065,Chennai Super Kings,MM Ali,46,31,7,1
1254065,Chennai Super Kings,RD Gaikwad,5,16,0,0
1254065,Chennai Super Kings,SK Raina,8,9,1,0
1254065,Chennai Super Kings,SM Curran,5,4,1,0
1254065,Punjab Kings,CH Gayle,10,10,2,0
1254065,Punjab Kings,DJ Hooda,10,15,1,0
1254065,Punjab Kings,JA Richardson,15,22,2,0
1254065,Punjab Kings,KL Rahul,5,7,1,0
1254065,Punjab Kings,M Ashwin,6,14,0,0
1254065,Punjab Kings,M Shahrukh Khan,47,36,4,2
1254065,Punjab Kings,MA Agarwal,0,2,0,0
1254065,Punjab Kings,Mohammed Shami,9,12,0,0
1254065,Punjab Kings,N Pooran,0,2,0,0
1254066,Mumbai Indians,HH Pandya,7,5,1,0
1254066,Mumbai Indians,Ishan Kishan,12,21,0,0
1254066,Mumbai Indians,KA Pollard,35,22,1,3
1254066,Mumbai Indians,KH Pandya,3,3,0,0
1254066,Mumbai Indians,Q de Kock,40,38,5,0
1254066,Mumbai Indians,RG Sharma,32,25,2,2
1254066,Mumbai Indians,SA Yadav,10,6,1,1
1254066,Sunrisers Hyderabad,Abdul Samad,7,8,1,0
1254066,Sunrisers Hyderabad,Abhishek Sharma,2,4,0,0
1254066,Sunrisers Hyderabad,B Kumar,1,2,0,0
1254066,Sunrisers Hyderabad,DA Warner,36,34,2,2
1254066,Sunrisers Hyderabad,JM Bairstow,43,22,3,4
1254066,Sunrisers Hyderabad,KK Ahmed,1,2,0,0
1254066,Sunrisers Hyderabad,MK Pandey,2,7,0,0
1254066,Sunrisers Hyderabad,Mujeeb Ur Rahman,1,1,0,0
1254066,Sunrisers Hyderabad,Rashid Khan,0,1,0,0
1254066,Sunrisers Hyderabad,V Shankar,28,25,0,2
1254066,Sunrisers Hyderabad,Virat Singh,11,12,1,0
1254067,Kolkata Knight Riders,AD Russell,31,20,3,2
1254067,Kolkata Knight Riders,CV Varun,2,3,0,0
1254067,Kolkata Knight Riders,EJG Morgan,29,23,1,2
1254067,Kolkata Knight Riders,Harbhajan Singh,2,2,0,0
1254067,Kolkata Knight Riders,KD Karthik,2,5,0,0
1254067,Kolkata Knight Riders,N Rana,18,11,2,1
1254067,Kolkata Knight Riders,PJ Cummins,6,2,0,1
1254067,Kolkata Knight Riders,RA Tripathi,25,20,5,0
1254067,Kolkata Knight Riders,Shakib Al Hasan,26,25,1,1
1254067,Kolkata Knight Riders,Shubman Gill,21,9,2,2
1254067,Royal Challengers Bangalore,AB de Villiers,76,34,9,3
1254067,Royal Challengers Bangalore,D Padikkal,25,27,2,0
1254067,Royal Challengers Bangalore,GJ Maxwell,78,48,9,3
1254067,Royal Challengers Bangalore,KA Jamieson,11,4,1,1
1254067,Royal Challengers Bangalore,RM Patidar,1,2,0,0
1254067,Royal Challengers Bangalore,V Kohli,5,5,1,0
1254068,Delhi Capitals,Lalit Yadav,12,5,2,0
1254068,Delhi Capitals,MP Stoinis,27,12,3,1
1254068,Delhi Capitals,PP Shaw,32,17,3,2
1254068,Delhi Capitals,RR Pant,15,15,0,1
1254068,Delhi Capitals,S Dhawan,92,49,13,2
1254068,Delhi Capitals,SPD Smith,9,12,0,0
1254068,Punjab Kings,CH Gayle,11,9,0,1
1254068,Punjab Kings,DJ Hooda,22,12,0,2
1254068,Punjab Kings,KL Rahul,61,51,7,2
1254068,Punjab Kings,M Shahrukh Khan,15,5,2,1
1254068,Punjab Kings,MA Agarwal,69,35,7,4
1254068,Punjab Kings,N Pooran,9,8,1,0
1254069,Chennai Super Kings,AT Rayudu,27,17,0,3
1254069,Chennai Super Kings,DJ Bravo,20,8,2,1
1254069,Chennai Super Kings,F du Plessis,33,17,4,2
1254069,Chennai Super Kings,MM Ali,26,20,1,2
1254069,Chennai Super Kings,MS Dhoni,18,17,2,0
1254069,Chennai Super Kings,RA Jadeja,8,7,1,0
1254069,Chennai Super Kings,RD Gaikwad,10,13,1,0
1254069,Chennai Super Kings,SK Raina,18,15,1,1
1254069,Chennai Super Kings,SM Curran,13,6,0,1
1254069,Chennai Super Kings,SN Thakur,1,0,0,0
1254069,Rajasthan Royals,CH Morris,0,2,0,0
1254069,Rajasthan Royals,DA Miller,2,5,0,0
1254069,Rajasthan Royals,JC Buttler,49,34,5,2
1254069,Rajasthan Royals,JD Unadkat,24,17,2,1
1254069,Rajasthan Royals,M Vohra,14,11,1,1
1254069,Rajasthan Royals,Mustafizur Rahman,0,4,0,0
1254069,Rajasthan Royals,R Parag,3,7,0,0
1254069,Rajasthan Royals,R Tewatia,20,15,0,2
1254069,Rajasthan Royals,S Dube,17,20,2,0
1254069,Rajasthan Royals,SV Samson,1,5,0,0
1254070,Delhi Capitals,Lalit Yadav,22,23,1,0
1254070,Delhi Capitals,PP Shaw,7,5,1,0
1254070,Delhi Capitals,RR Pant,7,8,1,0
1254070,Delhi Capitals,S Dhawan,45,42,5,1
1254070,Delhi Capitals,SO Hetmyer,14,8,2,0
1254070,Delhi Capitals,SPD Smith,33,29,4,0
1254070,Mumbai Indians,HH Pandya,0,1,0,0
1254070,Mumbai Indians,Ishan Kishan,26,28,1,1
1254070,Mumbai Indians,J Yadav,23,22,1,0
1254070,Mumbai Indians,JJ Bumrah,3,3,0,0
1254070,Mumbai Indians,KA Pollard,2,5,0,0
1254070,Mumbai Indians,KH Pandya,1,5,0,0
1254070,Mumbai Indians,Q de Kock,2,4,0,0
1254070,Mumbai Indians,RD Chahar,6,6,1,0
1254070,Mumbai Indians,RG Sharma,44,30,3,3
1254070,Mumbai Indians,SA Yadav,24,15,4,0
1254070,Mumbai Indians,TA Boult,1,1,0,0
1254071,Punjab Kings,Arshdeep Singh,1,2,0,0
1254071,Punjab Kings,CH Gayle,15,17,2,0
1254071,Punjab Kings,DJ Hooda,13,11,2,0
1254071,Punjab Kings,FA Allen,6,10,0,0
1254071,Punjab Kings,KL Rahul,4,6,0,0
1254071,Punjab Kings,M Ashwin,9,10,1,0
1254071,Punjab Kings,M Shahrukh Khan,22,17,0,2
1254071,Punjab Kings,MA Agarwal,22,25,2,0
1254071,Punjab Kings,MC Henriques,14,17,0,0
1254071,Punjab Kings,Mohammed Shami,3,3,0,0
1254071,Sunrisers Hyderabad,DA Warner,37,37,3,1
1254071,Sunrisers Hyderabad,JM Bairstow,63,56,3,3
1254071,Sunrisers Hyderabad,KS Williamson,16,19,0,0
1254072,Chennai Super Kings,F du Plessis,95,59,9,4
1254072,Chennai Super Kings,MM Ali,25,12,2,2
1254072,Chennai Super Kings,MS Dhoni,17,8,2,1
1254072,Chennai Super Kings,RA Jadeja,6,1,0,1
1254072,Chennai Super Kings,RD Gaikwad,64,40,6,4
1254072,Kolkata Knight Riders,AD Russell,54,21,3,6
1254072,Kolkata Knight Riders,CV Varun,0,1,0,0
1254072,Kolkata Knight Riders,EJG Morgan,7,7,1,0
1254072,Kolkata Knight Riders,KD Karthik,40,24,4,2
1254072,Kolkata Knight Riders,KL Nagarkoti,0,2,0,0
1254072,Kolkata Knight Riders,M Prasidh Krishna,0,1,0,0
1254072,Kolkata Knight Riders,N Rana,9,12,2,0
1254072,Kolkata Knight Riders,PJ Cummins,66,34,4,6
1254072,Kolkata Knight Riders,RA Tripathi,8,9,1,0
1254072,Kolkata Knight Riders,SP Narine,4,3,1,0
1254072,Kolkata Knight Riders,Shubman Gill,0,1,0,0
1254073,Rajasthan Royals,C Sakariya,0,1,0,0
1254073,Rajasthan Royals,CH Morris,10,7,0,1
1254073,Rajasthan Royals,DA Miller,0,2,0,0
1254073,Rajasthan Royals,JC Buttler,8,8,2,0
1254073,Rajasthan Royals,M Vohra,7,9,1,0
1254073,Rajasthan Royals,R Parag,25,16,4,0
1254073,Rajasthan Royals,R Tewatia,40,23,4,2
1254073,Rajasthan Royals,S Dube,46,32,5,2
1254073,Rajasthan Royals,S Gopal,7,4,0,1
1254073,Rajasthan Royals,SV Samson,21,18,2,1
1254073,Royal Challengers Bangalore,D Padikkal,101,52,11,6
1254073,Royal Challengers Bangalore,V Kohli,72,47,6,3
1254074,Mumbai Indians,HH Pandya,1,4,0,0
1254074,Mumbai Indians,Ishan Kishan,6,17,0,0
1254074,Mumbai Indians,KA Pollard,16,12,0,1
1254074,Mumbai Indians,KH Pandya,3,3,0,0
1254074,Mumbai Indians,Q de Kock,3,5,0,0
1254074,Mumbai Indians,RG Sharma,63,52,5,2
1254074,Mumbai Indians,SA Yadav,33,27,3,1
1254074,Punjab Kings,CH Gayle,43,35,5,2
1254074,Punjab Kings,KL Rahul,60,52,3,3
1254074,Punjab Kings,MA Agarwal,25,19,4,1
1254075,Kolkata Knight Riders,AD Russell,9,6,0,1
1254075,Kolkata Knight Riders,KD Karthik,25,24,4,0
1254075,Kolkata Knight Riders,N Rana,22,25,1,1
1254075,Kolkata Knight Riders,PJ Cummins,10,6,0,1
1254075,Kolkata Knight Riders,RA Tripathi,36,26,1,2
1254075,Kolkata Knight Riders,SP Narine,6,7,1,0
1254075,Kolkata Knight Riders,Shivam Mavi,5,7,1,0
1254075,Kolkata Knight Riders,Shubman Gill,11,19,1,0
1254075,Rajasthan Royals,DA Miller,24,23,3,0
1254075,Rajasthan Royals,JC Buttler,5,7,1,0
1254075,Rajasthan Royals,R Tewatia,5,8,0,0
1254075,Rajasthan Royals,S Dube,22,18,2,1
1254075,Rajasthan Royals,SV Samson,42,40,2,1
1254075,Rajasthan Royals,YBK Jaiswal,22,17,5,0
1254076,Chennai Super Kings,AT Rayudu,14,7,1,1
1254076,Chennai Super Kings,F du Plessis,50,41,5,1
1254076,Chennai Super Kings,MS Dhoni,2,3,0,0
1254076,Chennai Super Kings,RA Jadeja,62,27,4,5
1254076,Chennai Super Kings,RD Gaikwad,33,24,4,1
1254076,Chennai Super Kings,SK Raina,24,18,1,3
1254076,Royal Challengers Bangalore,AB de Villiers,4,9,0,0
1254076,Royal Challengers Bangalore,D Padikkal,34,15,4,2
1254076,Royal Challengers Bangalore,DT Christian,1,3,0,0
1254076,Royal Challengers Bangalore,GJ Maxwell,22,15,3,0
1254076,Royal Challengers Bangalore,HV Patel,0,8,0,0
1254076,Royal Challengers Bangalore,KA Jamieson,16,13,1,1
1254076,Royal Challengers Bangalore,Mohammed Siraj,12,14,0,1
1254076,Royal Challengers Bangalore,Navdeep Saini,2,4,0,0
1254076,Royal Challengers Bangalore,V Kohli,8,7,1,0
1254076,Royal Challengers Bangalore,Washington Sundar,7,11,1,0
1254076,Royal Challengers Bangalore,YS Chahal,8,21,0,0
1254077,Delhi Capitals,MP Stoinis,2,2,0,0
1254077,Delhi Capitals,PP Shaw,53,39,7,1
1254077,Delhi Capitals,RR Pant,42,30,5,1
1254077,Delhi Capitals,S Dhawan,28,28,3,0
1254077,Delhi Capitals,SO Hetmyer,1,2,0,0
1254077,Delhi Capitals,SPD Smith,34,25,3,1
1254077,Sunrisers Hyderabad,Abhishek Sharma,5,6,0,0
1254077,Sunrisers Hyderabad,DA Warner,8,11,0,0
1254077,Sunrisers Hyderabad,J Suchith,14,6,2,1
1254077,Sunrisers Hyderabad,JM Bairstow,38,18,3,4
1254077,Sunrisers Hyderabad,KM Jadhav,9,9,1,0
1254077,Sunrisers Hyderabad,KS Williamson,70,54,9,0
1254077,Sunrisers Hyderabad,Rashid Khan,0,1,0,0
1254077,Sunrisers Hyderabad,V Shankar,8,7,0,0
1254077,Sunrisers Hyderabad,Virat Singh,4,14,0,0
1254078,Kolkata Knight Riders,AD Russell,10,9,2,0
1254078,Kolkata Knight Riders,EJG Morgan,47,40,4,2
1254078,Kolkata Knight Riders,KD Karthik,12,6,2,0
1254078,Kolkata Knight Riders,N Rana,0,1,0,0
1254078,Kolkata Knight Riders,RA Tripathi,41,32,7,0
1254078,Kolkata Knight Riders,SP Narine,0,4,0,0
1254078,Kolkata Knight Riders,Shubman Gill,9,8,2,0
1254078,Punjab Kings,Arshdeep Singh,1,1,0,0
1254078,Punjab Kings,CH Gayle,0,1,0,0
1254078,Punjab Kings,CJ Jordan,30,18,1,3
1254078,Punjab Kings,DJ Hooda,1,4,0,0
1254078,Punjab Kings,KL Rahul,19,20,2,1
1254078,Punjab Kings,M Shahrukh Khan,13,14,0,1
1254078,Punjab Kings,MA Agarwal,31,34,1,2
1254078,Punjab Kings,MC Henriques,2,3,0,0
1254078,Punjab Kings,Mohammed Shami,1,2,0,0
1254078,Punjab Kings,N Pooran,19,19,1,1
1254078,Punjab Kings,Ravi Bishnoi,1,4,0,0
1254079,Delhi Capitals,MP Stoinis,22,17,3,0
1254079,Delhi Capitals,PP Shaw,21,18,3,0
1254079,Delhi Capitals,RR Pant,58,48,6,0
1254079,Delhi Capitals,S Dhawan,6,7,1,0
1254079,Delhi Capitals,SO Hetmyer,53,25,2,4
1254079,Delhi Capitals,SPD Smith,4,5,1,0
1254079,Royal Challengers Bangalore,AB de Villiers,75,42,3,5
1254079,Royal Challengers Bangalore,D Padikkal,17,14,3,0
1254079,Royal Challengers Bangalore,DR Sams,3,2,0,0
1254079,Royal Challengers Bangalore,GJ Maxwell,25,20,1,2
1254079,Royal Challengers Bangalore,RM Patidar,31,22,0,2
1254079,Royal Challengers Bangalore,V Kohli,12,11,2,0
1254079,Royal Challengers Bangalore,Washington Sundar,6,9,0,0
1254080,Chennai Super Kings,F du Plessis,56,38,6,1
1254080,Chennai Super Kings,MM Ali,15,8,3,0
1254080,Chennai Super Kings,RA Jadeja,7,6,1,0
1254080,Chennai Super Kings,RD Gaikwad,75,44,12,0
1254080,Chennai Super Kings,SK Raina,17,15,3,0
1254080,Sunrisers Hyderabad,DA Warner,57,55,3,2
1254080,Sunrisers Hyderabad,JM Bairstow,7,5,1,0
1254080,Sunrisers Hyderabad,KM Jadhav,12,4,1,1
1254080,Sunrisers Hyderabad,KS Williamson,26,10,4,1
1254080,Sunrisers Hyderabad,MK Pandey,61,46,5,1
1254081,Mumbai Indians,KA Pollard,16,8,2,1
1254081,Mumbai Indians,KH Pandya,39,26,2,2
1254081,Mumbai Indians,Q de Kock,70,50,6,2
1254081,Mumbai Indians,RG Sharma,14,17,0,1
1254081,Mumbai Indians,SA Yadav,16,10,3,0
1254081,Rajasthan Royals,DA Miller,7,4,1,0
1254081,Rajasthan Royals,JC Buttler,41,32,3,3
1254081,Rajasthan Royals,R Parag,8,6,1,0
1254081,Rajasthan Royals,S Dube,35,31,2,2
1254081,Rajasthan Royals,SV Samson,42,27,5,0
1254081,Rajasthan Royals,YBK Jaiswal,32,20,2,2
1254082,Delhi Capitals,MP Stoinis,6,3,1,0
1254082,Delhi Capitals,PP Shaw,82,40,11,3
1254082,Delhi Capitals,RR Pant,16,8,2,1
1254082,Delhi Capitals,S Dhawan,46,47,4,1
1254082,Delhi Capitals,SO Hetmyer,0,1,0,0
1254082,Kolkata Knight Riders,AD Russell,45,27,2,4
1254082,Kolkata Knight Riders,EJG Morgan,0,2,0,0
1254082,Kolkata Knight Riders,KD Karthik,14,10,1,1
1254082,Kolkata Knight Riders,N Rana,15,12,1,1
1254082,Kolkata Knight Riders,PJ Cummins,11,13,1,0
1254082,Kolkata Knight Riders,RA Tripathi,19,17,2,0
1254082,Kolkata Knight Riders,SP Narine,0,1,0,0
1254082,Kolkata Knight Riders,Shubman Gill,43,38,3,1
1254083,Punjab Kings,CH Gayle,46,24,6,2
1254083,Punjab Kings,DJ Hooda,5,9,0,0
1254083,Punjab Kings,Harpreet Brar,25,17,1,2
1254083,Punjab Kings,KL Rahul,91,57,7,5
1254083,Punjab Kings,M Shahrukh Khan,0,3,0,0
1254083,Punjab Kings,N Pooran,0,3,0,0
1254083,Punjab Kings,P Simran Singh,7,7,1,0
1254083,Royal Challengers Bangalore,AB de Villiers,3,9,0,0
1254083,Royal Challengers Bangalore,D Padikkal,7,6,0,1
1254083,Royal Challengers Bangalore,DR Sams,3,4,0,0
1254083,Royal Challengers Bangalore,GJ Maxwell,0,1,0,0
1254083,Royal Challengers Bangalore,HV Patel,31,13,3,2
1254083,Royal Challengers Bangalore,KA Jamieson,16,11,1,1
1254083,Royal Challengers Bangalore,Mohammed Siraj,0,1,0,0
1254083,Royal Challengers Bangalore,RM Patidar,31,30,2,1
1254083,Royal Challengers Bangalore,Shahbaz Ahmed,8,11,1,0
1254083,Royal Challengers Bangalore,V Kohli,35,34,3,1
1254084,Chennai Super Kings,AT Rayudu,72,26,4,7
1254084,Chennai Super Kings,F du Plessis,50,28,2,4
1254084,Chennai Super Kings,MM Ali,58,36,5,5
1254084,Chennai Super Kings,RA Jadeja,22,22,2,0
1254084,Chennai Super Kings,RD Gaikwad,4,4,1,0
1254084,Chennai Super Kings,SK Raina,2,4,0,0
1254084,Mumbai Indians,HH Pandya,16,7,0,2
1254084,Mumbai Indians,JDS Neesham,0,1,0,0
1254084,Mumbai Indians,KA Pollard,87,34,6,8
1254084,Mumbai Indians,KH Pandya,32,23,2,2
1254084,Mumbai Indians,Q de Kock,38,28,4,1
1254084,Mumbai Indians,RG Sharma,35,24,4,1
1254084,Mumbai Indians,SA Yadav,3,3,0,0
1254085,Rajasthan Royals,DA Miller,7,3,0,1
1254085,Rajasthan Royals,JC Buttler,124,63,11,8
1254085,Rajasthan Royals,R Parag,15,8,0,1
1254085,Rajasthan Royals,SV Samson,48,33,4,2
1254085,Rajasthan Royals,YBK Jaiswal,12,13,2,0
1254085,Sunrisers Hyderabad,Abdul Samad,10,8,0,1
1254085,Sunrisers Hyderabad,B Kumar,14,10,2,0
1254085,Sunrisers Hyderabad,JM Bairstow,30,21,4,1
1254085,Sunrisers Hyderabad,KM Jadhav,19,19,0,1
1254085,Sunrisers Hyderabad,KS Williamson,20,21,1,0
1254085,Sunrisers Hyderabad,MK Pandey,31,20,3,2
1254085,Sunrisers Hyderabad,Mohammad Nabi,17,5,1,2
1254085,Sunrisers Hyderabad,Rashid Khan,0,2,0,0
1254085,Sunrisers Hyderabad,Sandeep Sharma,8,6,1,0
1254085,Sunrisers Hyderabad,V Shankar,8,8,1,0
1254086,Delhi Capitals,PP Shaw,39,22,3,3
1254086,Delhi Capitals,RR Pant,14,11,1,1
1254086,Delhi Capitals,S Dhawan,69,47,6,2
1254086,Delhi Capitals,SO Hetmyer,16,4,1,2
1254086,Delhi Capitals,SPD Smith,24,22,1,0
1254086,Punjab Kings,CH Gayle,13,9,1,1
1254086,Punjab Kings,CJ Jordan,2,3,0,0
1254086,Punjab Kings,DJ Hooda,1,1,0,0
1254086,Punjab Kings,DJ Malan,26,26,1,1
1254086,Punjab Kings,Harpreet Brar,4,2,1,0
1254086,Punjab Kings,M Shahrukh Khan,4,5,0,0
1254086,Punjab Kings,MA Agarwal,99,58,8,4
1254086,Punjab Kings,P Simran Singh,12,16,0,1
1254087,Kolkata Knight Riders,Shubman Gill,48,33,6,1
1254087,Kolkata Knight Riders,VR Iyer,41,27,7,1
1254087,Royal Challengers Bangalore,AB de Villiers,0,1,0,0
1254087,Royal Challengers Bangalore,D Padikkal,22,20,3,0
1254087,Royal Challengers Bangalore,GJ Maxwell,10,17,0,0
1254087,Royal Challengers Bangalore,HV Patel,12,10,2,0
1254087,Royal Challengers Bangalore,KA Jamieson,4,12,0,0
1254087,Royal Challengers Bangalore,KS Bharat,16,17,1,0
1254087,Royal Challengers Bangalore,Mohammed Siraj,8,10,1,0
1254087,Royal Challengers Bangalore,PWH de Silva,0,1,0,0
1254087,Royal Challengers Bangalore,Sachin Baby,7,16,0,0
1254087,Royal Challengers Bangalore,V Kohli,5,4,1,0
1254087,Royal Challengers Bangalore,YS Chahal,2,6,0,0
1254088,Mumbai Indians,HH Pandya,10,8,0,1
1254088,Mumbai Indians,Ishan Kishan,84,32,11,4
1254088,Mumbai Indians,JDS Neesham,0,1,0,0
1254088,Mumbai Indians,JJ Bumrah,5,2,1,0
1254088,Mumbai Indians,KA Pollard,13,12,1,0
1254088,Mumbai Indians,KH Pandya,9,7,1,0
1254088,Mumbai Indians,NM Coulter-Nile,3,3,0,0
1254088,Mumbai Indians,PP Chawla,0,2,0,0
1254088,Mumbai Indians,RG Sharma,18,13,3,0
1254088,Mumbai Indians,SA Yadav,82,40,13,3
1254088,Sunrisers Hyderabad,Abdul Samad,2,3,0,0
1254088,Sunrisers Hyderabad,Abhishek Sharma,33,16,4,1
1254088,Sunrisers Hyderabad,JJ Roy,34,21,6,0
1254088,Sunrisers Hyderabad,JO Holder,1,2,0,0
1254088,Sunrisers Hyderabad,MK Pandey,69,40,7,2
1254088,Sunrisers Hyderabad,Mohammad Nabi,3,4,0,0
1254088,Sunrisers Hyderabad,PK Garg,29,21,2,1
1254088,Sunrisers Hyderabad,Rashid Khan,9,5,2,0
1254088,Sunrisers Hyderabad,S Kaul,1,3,0,0
1254088,Sunrisers Hyderabad,WP Saha,2,5,0,0
1254089,Chennai Super Kings,AT Rayudu,2,4,0,0
1254089,Chennai Super Kings,F du Plessis,25,19,2,1
1254089,Chennai Super Kings,MM Ali,21,17,1,1
1254089,Chennai Super Kings,RA Jadeja,32,15,4,1
1254089,Chennai Super Kings,RD Gaikwad,101,60,9,5
1254089,Chennai Super Kings,SK Raina,3,5,0,0
1254089,Rajasthan Royals,E Lewis,27,12,2,2
1254089,Rajasthan Royals,GD Phillips,14,7,1,1
1254089,Rajasthan Royals,S Dube,64,42,4,4
1254089,Rajasthan Royals,SV Samson,28,23,4,0
1254089,Rajasthan Royals,YBK Jaiswal,50,21,6,3
1254090,Punjab Kings,AK Markram,20,14,2,1
1254090,Punjab Kings,Harpreet Brar,3,2,0,0
1254090,Punjab Kings,KL Rahul,39,35,1,2
1254090,Punjab Kings,M Shahrukh Khan,16,11,1,1
1254090,Punjab Kings,MA Agarwal,57,41,6,2
1254090,Punjab Kings,MC Henriques,12,9,0,1
1254090,Punjab Kings,N Pooran,3,7,0,0
1254090,Punjab Kings,SN Khan,0,1,0,0
1254090,Royal Challengers Bangalore,AB de Villiers,23,18,1,2
1254090,Royal Challengers Bangalore,D Padikkal,40,38,4,2
1254090,Royal Challengers Bangalore,DT Christian,0,1,0,0
1254090,Royal Challengers Bangalore,GHS Garton,0,1,0,0
1254090,Royal Challengers Bangalore,GJ Maxwell,57,33,3,4
1254090,Royal Challengers Bangalore,HV Patel,1,1,0,0
1254090,Royal Challengers Bangalore,Shahbaz Ahmed,8,4,0,1
1254090,Royal Challengers Bangalore,V Kohli,25,24,2,1
1254091,Chennai Super Kings,AT Rayudu,17,13,1,1
1254091,Chennai Super Kings,F du Plessis,41,36,3,2
1254091,Chennai Super Kings,MM Ali,17,17,2,0
1254091,Chennai Super Kings,MS Dhoni,14,11,1,1
1254091,Chennai Super Kings,RD Gaikwad,45,38,4,2
1254091,Chennai Super Kings,SK Raina,2,3,0,0
1254091,Sunrisers Hyderabad,Abdul Samad,18,14,1,1
1254091,Sunrisers Hyderabad,Abhishek Sharma,18,13,1,1
1254091,Sunrisers Hyderabad,B Kumar,2,2,0,0
1254091,Sunrisers Hyderabad,JJ Roy,2,7,0,0
1254091,Sunrisers Hyderabad,JO Holder,5,5,0,0
1254091,Sunrisers Hyderabad,KS Williamson,11,11,2,0
1254091,Sunrisers Hyderabad,PK Garg,7,10,0,0
1254091,Sunrisers Hyderabad,Rashid Khan,17,13,2,0
1254091,Sunrisers Hyderabad,WP Saha,44,45,1,2
1254092,Delhi Capitals,AR Patel,0,5,0,0
1254092,Delhi Capitals,Avesh Khan,5,3,1,0
1254092,Delhi Capitals,K Rabada,0,1,0,0
1254092,Delhi Capitals,Lalit Yadav,0,3,0,0
1254092,Delhi Capitals,R Ashwin,9,8,1,0
1254092,Delhi Capitals,RR Pant,39,36,3,0
1254092,Delhi Capitals,S Dhawan,24,20,5,0
1254092,Delhi Capitals,SO Hetmyer,4,5,0,0
1254092,Delhi Capitals,SPD Smith,39,34,4,0
1254092,Delhi Capitals,SS Iyer,1,5,0,0
1254092,Kolkata Knight Riders,EJG Morgan,0,2,0,0
1254092,Kolkata Knight Riders,KD Karthik,12,14,2,0
1254092,Kolkata Knight Riders,N Rana,36,26,2,2
1254092,Kolkata Knight Riders,RA Tripathi,9,5,0,1
1254092,Kolkata Knight Riders,SP Narine,21,10,1,2
1254092,Kolkata Knight Riders,Shubman Gill,30,33,1,2
1254092,Kolkata Knight Riders,TG Southee,3,5,0,0
1254092,Kolkata Knight Riders,VR Iyer,14,15,2,0
1254093,Mumbai Indians,HH Pandya,5,6,0,0
1254093,Mumbai Indians,Ishan Kishan,50,23,5,3
1254093,Mumbai Indians,RG Sharma,22,13,1,2
1254093,Mumbai Indians,SA Yadav,13,8,3,0
1254093,Rajasthan Royals,C Sakariya,6,10,1,0
1254093,Rajasthan Royals,DA Miller,15,23,0,0
1254093,Rajasthan Royals,E Lewis,24,19,3,1
1254093,Rajasthan Royals,GD Phillips,4,13,0,0
1254093,Rajasthan Royals,K Yadav,0,4,0,0
1254093,Rajasthan Royals,Mustafizur Rahman,8,7,0,1
1254093,Rajasthan Royals,R Tewatia,12,20,0,0
1254093,Rajasthan Royals,S Dube,3,8,0,0
1254093,Rajasthan Royals,S Gopal,0,1,0,0
1254093,Rajasthan Royals,SV Samson,3,6,0,0
1254093,Rajasthan Royals,YBK Jaiswal,12,9,3,0
1254094,Chennai Super Kings,AT Rayudu,4,5,0,0
1254094,Chennai Super Kings,DJ Bravo,4,2,1,0
1254094,Chennai Super Kings,F du Plessis,76,55,8,2
1254094,Chennai Super Kings,MM Ali,0,6,0,0
1254094,Chennai Super Kings,MS Dhoni,12,15,2,0
1254094,Chennai Super Kings,RA Jadeja,15,17,1,0
1254094,Chennai Super Kings,RD Gaikwad,12,14,1,0
1254094,Chennai Super Kings,RV Uthappa,2,6,0,0
1254094,Punjab Kings,AK Markram,13,8,0,1
1254094,Punjab Kings,KL Rahul,98,42,7,8
1254094,Punjab Kings,M Shahrukh Khan,8,10,0,1
1254094,Punjab Kings,MA Agarwal,12,12,2,0
1254094,Punjab Kings,MC Henriques,3,3,0,0
1254094,Punjab Kings,SN Khan,0,3,0,0
1254095,Royal Challengers Bangalore,AB de Villiers,19,13,1,1
1254095,Royal Challengers Bangalore,D Padikkal,41,52,4,0
1254095,Royal Challengers Bangalore,DT Christian,1,4,0,0
1254095,Royal Challengers Bangalore,GHS Garton,2,3,0,0
1254095,Royal Challengers Bangalore,GJ Maxwell,40,25,3,2
1254095,Royal Challengers Bangalore,KS Bharat,12,10,1,1
1254095,Royal Challengers Bangalore,Shahbaz Ahmed,14,9,2,0
1254095,Royal Challengers Bangalore,V Kohli,5,4,1,0
1254095,Sunrisers Hyderabad,Abdul Samad,1,3,0,0
1254095,Sunrisers Hyderabad,Abhishek Sharma,13,10,1,1
1254095,Sunrisers Hyderabad,JJ Roy,44,38,5,0
1254095,Sunrisers Hyderabad,JO Holder,16,13,2,0
1254095,Sunrisers Hyderabad,KS Williamson,31,29,4,0
1254095,Sunrisers Hyderabad,PK Garg,15,11,0,1
1254095,Sunrisers Hyderabad,Rashid Khan,7,8,1,0
1254095,Sunrisers Hyderabad,WP Saha,10,8,1,0
1254096,Kolkata Knight Riders,EJG Morgan,7,8,0,1
1254096,Kolkata Knight Riders,N Rana,5,2,1,0
1254096,Kolkata Knight Riders,RA Tripathi,74,42,8,3
1254096,Kolkata Knight Riders,Shubman Gill,13,9,1,1
1254096,Kolkata Knight Riders,VR Iyer,53,30,4,3
1254096,Mumbai Indians,AF Milne,1,1,0,0
1254096,Mumbai Indians,Ishan Kishan,14,12,0,1
1254096,Mumbai Indians,KA Pollard,21,14,2,1
1254096,Mumbai Indians,KH Pandya,12,9,0,1
1254096,Mumbai Indians,Q de Kock,55,42,4,3
1254096,Mumbai Indians,RG Sharma,33,30,4,0
1254096,Mumbai Indians,SA Yadav,5,10,0,0
1254096,Mumbai Indians,SS Tiwary,5,2,1,0
1254097,Delhi Capitals,AR Patel,12,7,0,1
1254097,Delhi Capitals,Lalit Yadav,14,15,1,0
1254097,Delhi Capitals,PP Shaw,10,12,0,0
1254097,Delhi Capitals,R Ashwin,6,6,0,0
1254097,Delhi Capitals,RR Pant,24,24,2,0
1254097,Delhi Capitals,S Dhawan,8,8,1,0
1254097,Delhi Capitals,SO Hetmyer,28,16,5,0
1254097,Delhi Capitals,SS Iyer,43,32,1,2
1254097,Rajasthan Royals,DA Miller,7,10,0,0
1254097,Rajasthan Royals,LS Livingstone,1,3,0,0
1254097,Rajasthan Royals,MK Lomror,19,24,0,1
1254097,Rajasthan Royals,R Parag,2,7,0,0
1254097,Rajasthan Royals,R Tewatia,9,15,0,0
1254097,Rajasthan Royals,SV Samson,70,53,8,1
1254097,Rajasthan Royals,T Shamsi,2,4,0,0
1254097,Rajasthan Royals,YBK Jaiswal,5,4,0,0
1254098,Chennai Super Kings,AT Rayudu,10,9,1,0
1254098,Chennai Super Kings,DL Chahar,1,1,0,0
1254098,Chennai Super Kings,F du Plessis,43,30,7,0
1254098,Chennai Super Kings,MM Ali,32,28,2,1
1254098,Chennai Super Kings,MS Dhoni,1,4,0,0
1254098,Chennai Super Kings,RA Jadeja,22,8,2,2
1254098,Chennai Super Kings,RD Gaikwad,40,28,2,3
1254098,Chennai Super Kings,SK Raina,11,6,1,0
1254098,Chennai Super Kings,SM Curran,4,4,0,0
1254098,Chennai Super Kings,SN Thakur,3,2,0,0
1254098,Kolkata Knight Riders,AD Russell,20,15,2,1
1254098,Kolkata Knight Riders,EJG Morgan,8,14,0,0
1254098,Kolkata Knight Riders,KD Karthik,26,11,3,1
1254098,Kolkata Knight Riders,N Rana,37,27,3,1
1254098,Kolkata Knight Riders,RA Tripathi,45,32,4,1
1254098,Kolkata Knight Riders,SP Narine,0,1,0,0
1254098,Kolkata Knight Riders,Shubman Gill,9,5,2,0
1254098,Kolkata Knight Riders,VR Iyer,18,15,3,0
1254099,Mumbai Indians,HH Pandya,40,30,4,2
1254099,Mumbai Indians,KA Pollard,15,7,1,1
1254099,Mumbai Indians,Q de Kock,27,29,2,0
1254099,Mumbai Indians,RG Sharma,8,10,1,0
1254099,Mumbai Indians,SA Yadav,0,1,0,0
1254099,Mumbai Indians,SS Tiwary,45,37,3,2
1254099,Punjab Kings,AK Markram,42,29,6,0
1254099,Punjab Kings,CH Gayle,1,4,0,0
1254099,Punjab Kings,DJ Hooda,28,26,1,1
1254099,Punjab Kings,Harpreet Brar,14,19,0,0
1254099,Punjab Kings,KL Rahul,21,22,2,0
1254099,Punjab Kings,Mandeep Singh,15,13,2,0
1254099,Punjab Kings,N Pooran,2,3,0,0
1254099,Punjab Kings,NT Ellis,6,4,0,0
1254100,Rajasthan Royals,E Lewis,6,4,1,0
1254100,Rajasthan Royals,LS Livingstone,4,6,0,0
1254100,Rajasthan Royals,MK Lomror,29,28,1,1
1254100,Rajasthan Royals,R Parag,0,1,0,0
1254100,Rajasthan Royals,R Tewatia,0,1,0,0
1254100,Rajasthan Royals,SV Samson,82,57,7,3
1254100,Rajasthan Royals,YBK Jaiswal,36,23,5,1
1254100,Sunrisers Hyderabad,Abhishek Sharma,21,16,1,1
1254100,Sunrisers Hyderabad,JJ Roy,60,42,8,1
1254100,Sunrisers Hyderabad,KS Williamson,51,41,5,1
1254100,Sunrisers Hyderabad,PK Garg,0,1,0,0
1254100,Sunrisers Hyderabad,WP Saha,18,11,2,1
1254101,Delhi Capitals,PP Shaw,48,31,4,2
1254101,Delhi Capitals,RR Pant,10,8,1,0
1254101,Delhi Capitals,RV Patel,7,7,1,0
1254101,Delhi Capitals,S Dhawan,43,34,3,2
1254101,Delhi Capitals,SO Hetmyer,29,22,2,2
1254101,Delhi Capitals,SS Iyer,18,18,1,0
1254101,Royal Challengers Bangalore,AB de Villiers,26,26,2,1
1254101,Royal Challengers Bangalore,D Padikkal,0,1,0,0
1254101,Royal Challengers Bangalore,GJ Maxwell,51,33,8,0
1254101,Royal Challengers Bangalore,KS Bharat,78,52,3,4
1254101,Royal Challengers Bangalore,V Kohli,4,8,0,0
1254102,Kolkata Knight Riders,EJG Morgan,2,2,0,0
1254102,Kolkata Knight Riders,KD Karthik,11,11,0,0
1254102,Kolkata Knight Riders,N Rana,31,18,2,2
1254102,Kolkata Knight Riders,RA Tripathi,34,26,3,1
1254102,Kolkata Knight Riders,SP Narine,3,3,0,0
1254102,Kolkata Knight Riders,Shubman Gill,7,7,1,0
1254102,Kolkata Knight Riders,TL Seifert,2,4,0,0
1254102,Kolkata Knight Riders,VR Iyer,67,49,9,1
1254102,Punjab Kings,AK Markram,18,16,0,1
1254102,Punjab Kings,DJ Hooda,3,4,0,0
1254102,Punjab Kings,KL Rahul,67,55,4,2
1254102,Punjab Kings,M Shahrukh Khan,22,9,1,2
1254102,Punjab Kings,MA Agarwal,40,26,3,3
1254102,Punjab Kings,N Pooran,12,7,0,1
1254103,Rajasthan Royals,C Sakariya,2,2,0,0
1254103,Rajasthan Royals,CH Morris,14,11,2,0
1254103,Rajasthan Royals,E Lewis,58,37,5,3
1254103,Rajasthan Royals,Kartik Tyagi,1,1,0,0
1254103,Rajasthan Royals,LS Livingstone,6,9,0,0
1254103,Rajasthan Royals,MK Lomror,3,4,0,0
1254103,Rajasthan Royals,R Parag,9,16,0,0
1254103,Rajasthan Royals,R Tewatia,2,3,0,0
1254103,Rajasthan Royals,SV Samson,19,15,0,2
1254103,Rajasthan Royals,YBK Jaiswal,31,22,3,2
1254103,Royal Challengers Bangalore,AB de Villiers,4,1,1,0
1254103,Royal Challengers Bangalore,D Padikkal,22,17,4,0
1254103,Royal Challengers Bangalore,GJ Maxwell,50,30,6,1
1254103,Royal Challengers Bangalore,KS Bharat,44,35,3,1
1254103,Royal Challengers Bangalore,V Kohli,25,20,4,0
1254104,Chennai Super Kings,AT Rayudu,0,3,0,0
1254104,Chennai Super Kings,DJ Bravo,23,8,0,3
1254104,Chennai Super Kings,F du Plessis,0,3,0,0
1254104,Chennai Super Kings,MM Ali,0,3,0,0
1254104,Chennai Super Kings,MS Dhoni,3,5,0,0
1254104,Chennai Super Kings,RA Jadeja,26,33,1,0
1254104,Chennai Super Kings,RD Gaikwad,88,58,9,4
1254104,Chennai Super Kings,SK Raina,4,6,1,0
1254104,Chennai Super Kings,SN Thakur,1,1,0,0
1254104,Mumbai Indians,AF Milne,15,15,0,1
1254104,Mumbai Indians,Anmolpreet Singh,16,14,2,1
1254104,Mumbai Indians,Ishan Kishan,11,10,1,0
1254104,Mumbai Indians,JJ Bumrah,1,2,0,0
1254104,Mumbai Indians,KA Pollard,15,14,1,1
1254104,Mumbai Indians,KH Pandya,4,5,0,0
1254104,Mumbai Indians,Q de Kock,17,12,3,0
1254104,Mumbai Indians,RD Chahar,0,1,0,0
1254104,Mumbai Indians,SA Yadav,3,7,0,0
1254104,Mumbai Indians,SS Tiwary,50,40,5,0
1254105,Delhi Capitals,PP Shaw,11,8,2,0
1254105,Delhi Capitals,RR Pant,35,21,3,2
1254105,Delhi Capitals,S Dhawan,42,37,6,1
1254105,Delhi Capitals,SS Iyer,47,41,2,2
1254105,Sunrisers Hyderabad,Abdul Samad,28,21,2,1
1254105,Sunrisers Hyderabad,B Kumar,5,3,1,0
1254105,Sunrisers Hyderabad,DA Warner,0,3,0,0
1254105,Sunrisers Hyderabad,JO Holder,10,8,0,1
1254105,Sunrisers Hyderabad,KM Jadhav,3,8,0,0
1254105,Sunrisers Hyderabad,KS Williamson,18,25,1,0
1254105,Sunrisers Hyderabad,MK Pandey,17,16,1,0
1254105,Sunrisers Hyderabad,Rashid Khan,22,18,2,1
1254105,Sunrisers Hyderabad,Sandeep Sharma,0,1,0,0
1254105,Sunrisers Hyderabad,WP Saha,18,17,2,1
1254106,Kolkata Knight Riders,EJG Morgan,13,11,1,1
1254106,Kolkata Knight Riders,KD Karthik,14,11,0,1
1254106,Kolkata Knight Riders,N Rana,12,5,1,1
1254106,Kolkata Knight Riders,RA Tripathi,21,14,3,0
1254106,Kolkata Knight Riders,Shubman Gill,56,44,4,2
1254106,Kolkata Knight Riders,VR Iyer,38,35,3,2
1254106,Rajasthan Royals,Anuj Rawat,0,1,0,0
1254106,Rajasthan Royals,C Sakariya,1,5,0,0
1254106,Rajasthan Royals,CH Morris,0,2,0,0
1254106,Rajasthan Royals,GD Phillips,8,12,0,1
1254106,Rajasthan Royals,JD Unadkat,6,5,1,0
1254106,Rajasthan Royals,LS Livingstone,6,6,1,0
1254106,Rajasthan Royals,Mustafizur Rahman,0,3,0,0
1254106,Rajasthan Royals,R Tewatia,44,36,5,2
1254106,Rajasthan Royals,S Dube,18,20,0,1
1254106,Rajasthan Royals,SV Samson,1,4,0,0
1254106,Rajasthan Royals,YBK Jaiswal,0,3,0,0
1254107,Punjab Kings,AK Markram,27,32,2,0
1254107,Punjab Kings,CH Gayle,14,17,1,0
1254107,Punjab Kings,DJ Hooda,13,10,1,0
1254107,Punjab Kings,Harpreet Brar,18,18,1,0
1254107,Punjab Kings,KL Rahul,21,21,3,0
1254107,Punjab Kings,MA Agarwal,5,6,0,0
1254107,Punjab Kings,N Pooran,8,4,0,1
1254107,Punjab Kings,NT Ellis,12,12,0,1
1254107,Sunrisers Hyderabad,Abdul Samad,1,2,0,0
1254107,Sunrisers Hyderabad,B Kumar,3,4,0,0
1254107,Sunrisers Hyderabad,DA Warner,2,3,0,0
1254107,Sunrisers Hyderabad,JO Holder,47,29,0,5
1254107,Sunrisers Hyderabad,KM Jadhav,12,12,0,0
1254107,Sunrisers Hyderabad,KS Williamson,1,6,0,0
1254107,Sunrisers Hyderabad,MK Pandey,13,23,1,0
1254107,Sunrisers Hyderabad,Rashid Khan,3,4,0,0
1254107,Sunrisers Hyderabad,WP Saha,31,37,1,0
1254108,Mumbai Indians,AF Milne,0,1,0,0
1254108,Mumbai Indians,HH Pandya,3,6,0,0
1254108,Mumbai Indians,Ishan Kishan,9,12,1,0
1254108,Mumbai Indians,JJ Bumrah,5,6,1,0
1254108,Mumbai Indians,KA Pollard,7,10,0,0
1254108,Mumbai Indians,KH Pandya,5,11,0,0
1254108,Mumbai Indians,Q de Kock,24,23,4,0
1254108,Mumbai Indians,RD Chahar,0,1,0,0
1254108,Mumbai Indians,RG Sharma,43,27,5,1
1254108,Mumbai Indians,SA Yadav,8,9,0,0
1254108,Mumbai Indians,TA Boult,0,3,0,0
1254108,Royal Challengers Bangalore,AB de Villiers,11,6,1,1
1254108,Royal Challengers Bangalore,D Padikkal,0,4,0,0
1254108,Royal Challengers Bangalore,DT Christian,1,3,0,0
1254108,Royal Challengers Bangalore,GJ Maxwell,56,36,6,3
1254108,Royal Challengers Bangalore,KA Jamieson,2,2,0,0
1254108,Royal Challengers Bangalore,KS Bharat,32,24,2,2
1254108,Royal Challengers Bangalore,Shahbaz Ahmed,1,3,0,0
1254108,Royal Challengers Bangalore,V Kohli,51,42,3,3
1254109,Kolkata Knight Riders,EJG Morgan,2,2,0,0
1254109,Kolkata Knight Riders,KD Karthik,18,12,3,0
1254109,Kolkata Knight Riders,N Rana,25,33,3,0
1254109,Kolkata Knight Riders,RA Tripathi,7,6,1,0
1254109,Kolkata Knight Riders,Shubman Gill,57,51,10,0
1254109,Kolkata Knight Riders,VR Iyer,8,14,0,0
1254109,Sunrisers Hyderabad,Abdul Samad,25,18,0,3
1254109,Sunrisers Hyderabad,Abhishek Sharma,6,10,0,0
1254109,Sunrisers Hyderabad,B Kumar,7,7,0,0
1254109,Sunrisers Hyderabad,JJ Roy,10,12,2,0
1254109,Sunrisers Hyderabad,JO Holder,2,9,0,0
1254109,Sunrisers Hyderabad,KS Williamson,26,21,4,0
1254109,Sunrisers Hyderabad,PK Garg,21,31,0,1
1254109,Sunrisers Hyderabad,Rashid Khan,8,6,1,0
1254109,Sunrisers Hyderabad,S Kaul,7,5,1,0
1254109,Sunrisers Hyderabad,WP Saha,0,1,0,0
1254110,Chennai Super Kings,AT Rayudu,55,43,5,2
1254110,Chennai Super Kings,F du Plessis,10,8,2,0
1254110,Chennai Super Kings,MM Ali,5,8,0,0
1254110,Chennai Super Kings,MS Dhoni,18,27,0,0
1254110,Chennai Super Kings,RA Jadeja,1,2,0,0
1254110,Chennai Super Kings,RD Gaikwad,13,13,2,0
1254110,Chennai Super Kings,RV Uthappa,19,19,1,0
1254110,Delhi Capitals,AR Patel,5,10,0,0
1254110,Delhi Capitals,K Rabada,4,1,1,0
1254110,Delhi Capitals,PP Shaw,18,12,3,0
1254110,Delhi Capitals,R Ashwin,2,3,0,0
1254110,Delhi Capitals,RR Pant,15,12,1,1
1254110,Delhi Capitals,RV Patel,18,20,2,0
1254110,Delhi Capitals,S Dhawan,39,35,3,2
1254110,Delhi Capitals,SO Hetmyer,28,18,2,1
1254110,Delhi Capitals,SS Iyer,2,7,0,0
1254111,Punjab Kings,AK Markram,26,20,2,1
1254111,Punjab Kings,DJ Hooda,0,2,0,0
1254111,Punjab Kings,FA Allen,0,1,0,0
1254111,Punjab Kings,KL Rahul,49,33,4,2
1254111,Punjab Kings,MA Agarwal,67,42,7,2
1254111,Punjab Kings,N Pooran,32,22,1,2
1254111,Rajasthan Royals,C Sakariya,7,6,1,0
1254111,Rajasthan Royals,CH Morris,5,5,0,0
1254111,Rajasthan Royals,E Lewis,36,21,7,1
1254111,Rajasthan Royals,Kartik Tyagi,1,3,0,0
1254111,Rajasthan Royals,LS Livingstone,25,17,2,1
1254111,Rajasthan Royals,MK Lomror,43,17,2,4
1254111,Rajasthan Royals,R Parag,4,5,0,0
1254111,Rajasthan Royals,R Tewatia,2,5,0,0
1254111,Rajasthan Royals,SV Samson,4,5,0,0
1254111,Rajasthan Royals,YBK Jaiswal,49,36,6,2
1254112,Delhi Capitals,AR Patel,9,9,1,0
1254112,Delhi Capitals,PP Shaw,6,7,1,0
1254112,Delhi Capitals,R Ashwin,20,21,0,1
1254112,Delhi Capitals,RR Pant,26,22,3,1
1254112,Delhi Capitals,S Dhawan,8,7,0,1
1254112,Delhi Capitals,SO Hetmyer,15,8,2,0
1254112,Delhi Capitals,SPD Smith,9,8,0,1
1254112,Delhi Capitals,SS Iyer,33,33,2,0
1254112,Mumbai Indians,HH Pandya,17,17,2,0
1254112,Mumbai Indians,J Yadav,11,4,1,1
1254112,Mumbai Indians,JJ Bumrah,1,1,0,0
1254112,Mumbai Indians,KA Pollard,6,9,0,0
1254112,Mumbai Indians,KH Pandya,13,15,1,1
1254112,Mumbai Indians,NM Coulter-Nile,1,2,0,0
1254112,Mumbai Indians,Q de Kock,19,18,1,1
1254112,Mumbai Indians,RG Sharma,7,10,1,0
1254112,Mumbai Indians,SA Yadav,33,26,2,2
1254112,Mumbai Indians,SS Tiwary,15,18,1,0
1254113,Chennai Super Kings,AT Rayudu,32,21,3,1
1254113,Chennai Super Kings,F du Plessis,31,26,2,2
1254113,Chennai Super Kings,MM Ali,23,18,0,2
1254113,Chennai Super Kings,MS Dhoni,11,9,2,0
1254113,Chennai Super Kings,RD Gaikwad,38,25,4,1
1254113,Chennai Super Kings,SK Raina,17,10,2,1
1254113,Royal Challengers Bangalore,AB de Villiers,12,11,0,1
1254113,Royal Challengers Bangalore,D Padikkal,70,50,5,3
1254113,Royal Challengers Bangalore,GJ Maxwell,11,9,0,1
1254113,Royal Challengers Bangalore,HV Patel,3,5,0,0
1254113,Royal Challengers Bangalore,PWH de Silva,1,1,0,0
1254113,Royal Challengers Bangalore,TH David,1,3,0,0
1254113,Royal Challengers Bangalore,V Kohli,53,41,6,1
1254114,Chennai Super Kings,AT Rayudu,1,3,0,0
1254114,Chennai Super Kings,F du Plessis,1,2,0,0
1254114,Chennai Super Kings,MM Ali,16,12,2,0
1254114,Chennai Super Kings,MS Dhoni,18,6,3,1
1254114,Chennai Super Kings,RD Gaikwad,70,50,5,2
1254114,Chennai Super Kings,RV Uthappa,63,44,7,2
1254114,Chennai Super Kings,SN Thakur,0,1,0,0
1254114,Delhi Capitals,AR Patel,10,11,1,0
1254114,Delhi Capitals,PP Shaw,60,34,7,3
1254114,Delhi Capitals,RR Pant,51,35,3,2
1254114,Delhi Capitals,S Dhawan,7,7,1,0
1254114,Delhi Capitals,SO Hetmyer,37,24,3,1
1254114,Delhi Capitals,SS Iyer,1,8,0,0
1254114,Delhi Capitals,TK Curran,0,1,0,0
1254115,Kolkata Knight Riders,EJG Morgan,5,7,0,0
1254115,Kolkata Knight Riders,KD Karthik,10,12,1,0
1254115,Kolkata Knight Riders,N Rana,23,25,1,1
1254115,Kolkata Knight Riders,RA Tripathi,6,5,1,0
1254115,Kolkata Knight Riders,SP Narine,26,15,0,3
1254115,Kolkata Knight Riders,Shakib Al Hasan,9,6,1,0
1254115,Kolkata Knight Riders,Shubman Gill,29,18,4,0
1254115,Kolkata Knight Riders,VR Iyer,26,30,0,1
1254115,Royal Challengers Bangalore,AB de Villiers,11,9,1,0
1254115,Royal Challengers Bangalore,D Padikkal,21,18,2,0
1254115,Royal Challengers Bangalore,DT Christian,9,7,1,0
1254115,Royal Challengers Bangalore,GJ Maxwell,15,18,1,0
1254115,Royal Challengers Bangalore,HV Patel,8,6,1,0
1254115,Royal Challengers Bangalore,KS Bharat,9,16,0,0
1254115,Royal Challengers Bangalore,Shahbaz Ahmed,13,14,1,0
1254115,Royal Challengers Bangalore,V Kohli,39,32,5,0
1254116,Delhi Capitals,AR Patel,4,4,0,0
1254116,Delhi Capitals,MP Stoinis,18,23,1,0
1254116,Delhi Capitals,PP Shaw,18,12,2,1
1254116,Delhi Capitals,RR Pant,6,6,1,0
1254116,Delhi Capitals,S Dhawan,36,39,1,2
1254116,Delhi Capitals,SO Hetmyer,17,9,0,2
1254116,Delhi Capitals,SS Iyer,30,27,1,1
1254116,Kolkata Knight Riders,EJG Morgan,0,3,0,0
1254116,Kolkata Knight Riders,KD Karthik,0,3,0,0
1254116,Kolkata Knight Riders,N Rana,13,12,0,1
1254116,Kolkata Knight Riders,RA Tripathi,12,11,0,1
1254116,Kolkata Knight Riders,SP Narine,0,1,0,0
1254116,Kolkata Knight Riders,Shakib Al Hasan,0,2,0,0
1254116,Kolkata Knight Riders,Shubman Gill,46,46,1,1
1254116,Kolkata Knight Riders,VR Iyer,55,41,4,3
1254117,Chennai Super Kings,F du Plessis,86,58,7,3
1254117,Chennai Super Kings,MM Ali,37,20,2,3
1254117,Chennai Super Kings,RD Gaikwad,32,27,3,1
1254117,Chennai Super Kings,RV Uthappa,31,15,0,3
1254117,Kolkata Knight Riders,EJG Morgan,4,8,0,0
1254117,Kolkata Knight Riders,KD Karthik,9,7,0,1
1254117,Kolkata Knight Riders,LH Ferguson,18,10,1,1
1254117,Kolkata Knight Riders,N Rana,0,1,0,0
1254117,Kolkata Knight Riders,RA Tripathi,2,3,0,0
1254117,Kolkata Knight Riders,SP Narine,2,2,0,0
1254117,Kolkata Knight Riders,Shakib Al Hasan,0,1,0,0
1254117,Kolkata Knight Riders,Shivam Mavi,20,13,1,2
1254117,Kolkata Knight Riders,Shubman Gill,51,43,6,0
1254117,Kolkata Knight Riders,VR Iyer,50,32,5,3
1304047,Chennai Super Kings,AT Rayudu,15,17,1,1
1304047,Chennai Super Kings,DP Conway,3,8,0,0
1304047,Chennai Super Kings,MS Dhoni,50,37,7,1
1304047,Chennai Super Kings,RA Jadeja,26,28,0,1
1304047,Chennai Super Kings,RD Gaikwad,0,3,0,0
1304047,Chennai Super Kings,RV Uthappa,28,21,2,2
1304047,Chennai Super Kings,S Dube,3,6,0,0
1304047,Kolkata Knight Riders,AM Rahane,44,34,6,1
1304047,Kolkata Knight Riders,N Rana,21,17,2,1
1304047,Kolkata Knight Riders,SP Jackson,3,3,0,0
1304047,Kolkata Knight Riders,SS Iyer,20,19,1,0
1304047,Kolkata Knight Riders,SW Billings,25,22,1,1
1304047,Kolkata Knight Riders,VR Iyer,16,16,2,0
1304048,Delhi Capitals,AR Patel,38,17,2,3
1304048,Delhi Capitals,Lalit Yadav,48,38,4,2
1304048,Delhi Capitals,Mandeep Singh,0,2,0,0
1304048,Delhi Capitals,PP Shaw,38,24,4,2
1304048,Delhi Capitals,R Powell,0,2,0,0
1304048,Delhi Capitals,RR Pant,1,2,0,0
1304048,Delhi Capitals,SN Thakur,22,11,4,0
1304048,Delhi Capitals,TL Seifert,21,14,4,0
1304048,Mumbai Indians,Anmolpreet Singh,8,9,0,0
1304048,Mumbai Indians,DR Sams,7,2,0,1
1304048,Mumbai Indians,Ishan Kishan,81,48,11,2
1304048,Mumbai Indians,KA Pollard,3,6,0,0
1304048,Mumbai Indians,RG Sharma,41,32,4,2
1304048,Mumbai Indians,TH David,12,8,0,1
1304048,Mumbai Indians,Tilak Varma,22,15,3,0
1304049,Punjab Kings,LS Livingstone,19,10,0,2
1304049,Punjab Kings,M Shahrukh Khan,24,20,1,2
1304049,Punjab Kings,MA Agarwal,32,24,2,2
1304049,Punjab Kings,OF Smith,25,8,1,3
1304049,Punjab Kings,PBB Rajapaksa,43,22,2,4
1304049,Punjab Kings,RA Bawa,0,1,0,0
1304049,Punjab Kings,S Dhawan,43,29,5,1
1304049,Royal Challengers Bangalore,Anuj Rawat,21,20,2,1
1304049,Royal Challengers Bangalore,F du Plessis,88,57,3,7
1304049,Royal Challengers Bangalore,KD Karthik,32,14,3,3
1304049,Royal Challengers Bangalore,V Kohli,41,29,1,2
1304050,Gujarat Titans,A Manohar,15,7,3,0
1304050,Gujarat Titans,DA Miller,30,21,1,2
1304050,Gujarat Titans,HH Pandya,33,28,5,1
1304050,Gujarat Titans,MS Wade,30,29,4,0
1304050,Gujarat Titans,R Tewatia,40,24,5,2
1304050,Gujarat Titans,Shubman Gill,0,3,0,0
1304050,Gujarat Titans,V Shankar,4,6,0,0
1304050,Lucknow Super Giants,A Badoni,54,41,4,3
1304050,Lucknow Super Giants,DJ Hooda,55,41,6,2
1304050,Lucknow Super Giants,E Lewis,10,9,2,0
1304050,Lucknow Super Giants,KH Pandya,21,13,3,0
1304050,Lucknow Super Giants,KL Rahul,0,1,0,0
1304050,Lucknow Super Giants,MK Pandey,6,5,1,0
1304050,Lucknow Super Giants,PVD Chameera,1,1,0,0
1304050,Lucknow Super Giants,Q de Kock,7,9,1,0
1304051,Rajasthan Royals,D Padikkal,41,29,4,2
1304051,Rajasthan Royals,JC Buttler,35,26,3,3
1304051,Rajasthan Royals,NM Coulter-Nile,1,2,0,0
1304051,Rajasthan Royals,R Parag,12,9,2,0
1304051,Rajasthan Royals,SO Hetmyer,32,13,2,3
1304051,Rajasthan Royals,SV Samson,55,27,3,5
1304051,Rajasthan Royals,YBK Jaiswal,20,14,2,1
1304051,Sunrisers Hyderabad,AK Markram,57,41,5,2
1304051,Sunrisers Hyderabad,Abdul Samad,4,6,0,0
1304051,Sunrisers Hyderabad,Abhishek Sharma,9,19,1,0
1304051,Sunrisers Hyderabad,B Kumar,3,3,0,0
1304051,Sunrisers Hyderabad,KS Williamson,2,7,0,0
1304051,Sunrisers Hyderabad,N Pooran,0,9,0,0
1304051,Sunrisers Hyderabad,R Shepherd,24,18,0,2
1304051,Sunrisers Hyderabad,RA Tripathi,0,3,0,0
1304051,Sunrisers Hyderabad,Washington Sundar,40,14,5,2
1304052,Kolkata Knight Riders,AD Russell,25,18,1,3
1304052,Kolkata Knight Riders,AM Rahane,9,10,1,0
1304052,Kolkata Knight Riders,CV Varun,10,16,2,0
1304052,Kolkata Knight Riders,N Rana,10,4,1,1
1304052,Kolkata Knight Riders,SP Jackson,0,1,0,0
1304052,Kolkata Knight Riders,SP Narine,12,8,1,1
1304052,Kolkata Knight Riders,SS Iyer,13,10,2,0
1304052,Kolkata Knight Riders,SW Billings,14,15,0,1
1304052,Kolkata Knight Riders,TG Southee,1,5,0,0
1304052,Kolkata Knight Riders,UT Yadav,18,12,2,1
1304052,Kolkata Knight Riders,VR Iyer,10,14,1,0
1304052,Royal Challengers Bangalore,Anuj Rawat,0,2,0,0
1304052,Royal Challengers Bangalore,DJ Willey,18,28,3,0
1304052,Royal Challengers Bangalore,F du Plessis,5,4,1,0
1304052,Royal Challengers Bangalore,HV Patel,10,6,2,0
1304052,Royal Challengers Bangalore,KD Karthik,14,7,1,1
1304052,Royal Challengers Bangalore,PWH de Silva,4,3,1,0
1304052,Royal Challengers Bangalore,SE Rutherford,28,40,1,1
1304052,Royal Challengers Bangalore,Shahbaz Ahmed,27,19,0,3
1304052,Royal Challengers Bangalore,V Kohli,12,7,2,0
1304053,Chennai Super Kings,AT Rayudu,27,20,2,2
1304053,Chennai Super Kings,D Pretorius,0,1,0,0
1304053,Chennai Super Kings,DJ Bravo,1,1,0,0
1304053,Chennai Super Kings,MM Ali,35,22,4,2
1304053,Chennai Super Kings,MS Dhoni,16,6,2,1
1304053,Chennai Super Kings,RA Jadeja,17,9,3,0
1304053,Chennai Super Kings,RD Gaikwad,1,4,0,0
1304053,Chennai Super Kings,RV Uthappa,50,27,8,1
1304053,Chennai Super Kings,S Dube,49,30,5,2
1304053,Lucknow Super Giants,A Badoni,19,9,0,2
1304053,Lucknow Super Giants,DJ Hooda,13,8,1,1
1304053,Lucknow Super Giants,E Lewis,55,23,6,3
1304053,Lucknow Super Giants,KL Rahul,40,26,2,3
1304053,Lucknow Super Giants,MK Pandey,5,6,0,0
1304053,Lucknow Super Giants,Q de Kock,61,45,9,0
1304054,Kolkata Knight Riders,AD Russell,70,29,2,8
1304054,Kolkata Knight Riders,AM Rahane,12,11,3,0
1304054,Kolkata Knight Riders,N Rana,0,2,0,0
1304054,Kolkata Knight Riders,SS Iyer,26,15,5,0
1304054,Kolkata Knight Riders,SW Billings,24,23,1,1
1304054,Kolkata Knight Riders,VR Iyer,3,7,0,0
1304054,Punjab Kings,Arshdeep Singh,0,1,0,0
1304054,Punjab Kings,Harpreet Brar,14,18,1,1
1304054,Punjab Kings,K Rabada,25,15,4,1
1304054,Punjab Kings,LS Livingstone,19,15,1,1
1304054,Punjab Kings,M Shahrukh Khan,0,5,0,0
1304054,Punjab Kings,MA Agarwal,1,5,0,0
1304054,Punjab Kings,OF Smith,9,12,0,1
1304054,Punjab Kings,PBB Rajapaksa,31,9,3,3
1304054,Punjab Kings,RA Bawa,11,13,1,0
1304054,Punjab Kings,RD Chahar,0,2,0,0
1304054,Punjab Kings,S Dhawan,16,15,1,1
1304055,Mumbai Indians,Anmolpreet Singh,5,4,1,0
1304055,Mumbai Indians,DR Sams,0,1,0,0
1304055,Mumbai Indians,Ishan Kishan,54,42,5,1
1304055,Mumbai Indians,JJ Bumrah,0,1,0,0
1304055,Mumbai Indians,KA Pollard,22,23,3,1
1304055,Mumbai Indians,M Ashwin,6,8,1,0
1304055,Mumbai Indians,RG Sharma,10,5,0,1
1304055,Mumbai Indians,TH David,1,3,0,0
1304055,Mumbai Indians,Tilak Varma,61,33,3,5
1304055,Rajasthan Royals,D Padikkal,7,7,1,0
1304055,Rajasthan Royals,JC Buttler,100,68,11,5
1304055,Rajasthan Royals,Navdeep Saini,2,2,0,0
1304055,Rajasthan Royals,R Ashwin,1,1,0,0
1304055,Rajasthan Royals,R Parag,5,4,1,0
1304055,Rajasthan Royals,SO Hetmyer,35,14,3,3
1304055,Rajasthan Royals,SV Samson,30,21,1,3
1304055,Rajasthan Royals,TA Boult,1,1,0,0
1304055,Rajasthan Royals,YBK Jaiswal,1,2,0,0
1304056,Delhi Capitals,AR Patel,8,4,2,0
1304056,Delhi Capitals,KK Ahmed,0,1,0,0
1304056,Delhi Capitals,Kuldeep Yadav,14,14,0,1
1304056,Delhi Capitals,Lalit Yadav,25,22,2,1
1304056,Delhi Capitals,Mandeep Singh,18,16,4,0
1304056,Delhi Capitals,Mustafizur Rahman,3,5,0,0
1304056,Delhi Capitals,PP Shaw,10,7,1,0
1304056,Delhi Capitals,R Powell,20,12,2,1
1304056,Delhi Capitals,RR Pant,43,29,7,0
1304056,Delhi Capitals,SN Thakur,2,5,0,0
1304056,Delhi Capitals,TL Seifert,3,5,0,0
1304056,Gujarat Titans,A Manohar,1,2,0,0
1304056,Gujarat Titans,DA Miller,20,15,2,0
1304056,Gujarat Titans,HH Pandya,31,27,4,0
1304056,Gujarat Titans,MS Wade,1,2,0,0
1304056,Gujarat Titans,R Tewatia,14,8,1,1
1304056,Gujarat Titans,Rashid Khan,0,1,0,0
1304056,Gujarat Titans,Shubman Gill,84,45,6,4
1304056,Gujarat Titans,V Shankar,13,20,1,0
1304057,Chennai Super Kings,AT Rayudu,13,21,2,0
1304057,Chennai Super Kings,CJ Jordan,5,5,0,0
1304057,Chennai Super Kings,D Pretorius,8,4,0,1
1304057,Chennai Super Kings,DJ Bravo,0,1,0,0
1304057,Chennai Super Kings,MM Ali,0,2,0,0
1304057,Chennai Super Kings,MS Dhoni,23,27,1,1
1304057,Chennai Super Kings,Mukesh Choudhary,2,2,0,0
1304057,Chennai Super Kings,RA Jadeja,0,3,0,0
1304057,Chennai Super Kings,RD Gaikwad,1,4,0,0
1304057,Chennai Super Kings,RV Uthappa,13,10,2,0
1304057,Chennai Super Kings,S Dube,57,29,6,3
1304057,Punjab Kings,JM Sharma,26,17,0,3
1304057,Punjab Kings,K Rabada,12,12,1,0
1304057,Punjab Kings,LS Livingstone,60,32,5,5
1304057,Punjab Kings,M Shahrukh Khan,6,11,0,0
1304057,Punjab Kings,MA Agarwal,4,2,1,0
1304057,Punjab Kings,OF Smith,3,7,0,0
1304057,Punjab Kings,PBB Rajapaksa,9,5,0,1
1304057,Punjab Kings,RD Chahar,12,8,1,1
1304057,Punjab Kings,S Dhawan,33,24,4,1
1304057,Punjab Kings,VG Arora,1,2,0,0
1304058,Lucknow Super Giants,A Badoni,19,12,3,0
1304058,Lucknow Super Giants,DJ Hooda,51,33,3,3
1304058,Lucknow Super Giants,E Lewis,1,5,0,0
1304058,Lucknow Super Giants,JO Holder,8,3,0,1
1304058,Lucknow Super Giants,KH Pandya,6,3,1,0
1304058,Lucknow Super Giants,KL Rahul,68,50,6,1
1304058,Lucknow Super Giants,MK Pandey,11,10,1,1
1304058,Lucknow Super Giants,Q de Kock,1,4,0,0
1304058,Sunrisers Hyderabad,AK Markram,12,13,0,0
1304058,Sunrisers Hyderabad,Abdul Samad,0,1,0,0
1304058,Sunrisers Hyderabad,Abhishek Sharma,13,11,2,0
1304058,Sunrisers Hyderabad,B Kumar,1,2,0,0
1304058,Sunrisers Hyderabad,KS Williamson,16,16,1,1
1304058,Sunrisers Hyderabad,N Pooran,34,24,3,2
1304058,Sunrisers Hyderabad,R Shepherd,8,8,0,1
1304058,Sunrisers Hyderabad,RA Tripathi,44,30,5,1
1304058,Sunrisers Hyderabad,Umran Malik,1,1,0,0
1304058,Sunrisers Hyderabad,Washington Sundar,18,14,1,0
1304059,Rajasthan Royals,D Padikkal,37,29,2,2
1304059,Rajasthan Royals,JC Buttler,70,46,0,6
1304059,Rajasthan Royals,SO Hetmyer,42,31,4,2
1304059,Rajasthan Royals,SV Samson,8,8,0,1
1304059,Rajasthan Royals,YBK Jaiswal,4,6,0,0
1304059,Royal Challengers Bangalore,Anuj Rawat,26,25,4,0
1304059,Royal Challengers Bangalore,DJ Willey,0,2,0,0
1304059,Royal Challengers Bangalore,F du Plessis,29,20,5,0
1304059,Royal Challengers Bangalore,HV Patel,9,4,0,1
1304059,Royal Challengers Bangalore,KD Karthik,44,22,7,1
1304059,Royal Challengers Bangalore,SE Rutherford,5,10,0,0
1304059,Royal Challengers Bangalore,Shahbaz Ahmed,45,26,4,3
1304059,Royal Challengers Bangalore,V Kohli,5,6,0,0
1304060,Kolkata Knight Riders,AD Russell,11,5,1,1
1304060,Kolkata Knight Riders,AM Rahane,7,11,0,0
1304060,Kolkata Knight Riders,N Rana,8,7,0,1
1304060,Kolkata Knight Riders,PJ Cummins,56,14,4,6
1304060,Kolkata Knight Riders,SS Iyer,10,6,2,0
1304060,Kolkata Knight Riders,SW Billings,17,12,0,2
1304060,Kolkata Knight Riders,VR Iyer,50,41,6,1
1304060,Mumbai Indians,D Brevis,29,19,2,2
1304060,Mumbai Indians,Ishan Kishan,14,21,1,0
1304060,Mumbai Indians,KA Pollard,22,5,0,3
1304060,Mumbai Indians,RG Sharma,3,12,0,0
1304060,Mumbai Indians,SA Yadav,52,36,5,2
1304060,Mumbai Indians,Tilak Varma,38,27,3,2
1304061,Delhi Capitals,DA Warner,4,12,0,0
1304061,Delhi Capitals,PP Shaw,61,34,9,2
1304061,Delhi Capitals,R Powell,3,10,0,0
1304061,Delhi Capitals,RR Pant,39,36,3,2
1304061,Delhi Capitals,SN Khan,36,28,3,0
1304061,Lucknow Super Giants,A Badoni,10,3,1,1
1304061,Lucknow Super Giants,DJ Hooda,11,12,0,0
1304061,Lucknow Super Giants,E Lewis,5,13,0,0
1304061,Lucknow Super Giants,KH Pandya,19,14,0,1
1304061,Lucknow Super Giants,KL Rahul,24,25,1,1
1304061,Lucknow Super Giants,Q de Kock,80,51,9,2
1304062,Gujarat Titans,B Sai Sudharsan,35,30,4,1
1304062,Gujarat Titans,DA Miller,6,4,1,0
1304062,Gujarat Titans,HH Pandya,27,17,5,0
1304062,Gujarat Titans,MS Wade,6,7,1,0
1304062,Gujarat Titans,R Tewatia,13,3,0,2
1304062,Gujarat Titans,Shubman Gill,96,59,11,1
1304062,Punjab Kings,Arshdeep Singh,10,5,1,0
1304062,Punjab Kings,JM Bairstow,8,8,2,0
1304062,Punjab Kings,JM Sharma,23,11,1,2
1304062,Punjab Kings,K Rabada,1,1,0,0
1304062,Punjab Kings,LS Livingstone,64,27,7,4
1304062,Punjab Kings,M Shahrukh Khan,15,8,0,2
1304062,Punjab Kings,MA Agarwal,5,9,1,0
1304062,Punjab Kings,OF Smith,0,1,0,0
1304062,Punjab Kings,RD Chahar,22,14,2,1
1304062,Punjab Kings,S Dhawan,35,30,4,0
1304062,Punjab Kings,VG Arora,2,6,0,0
1304063,Chennai Super Kings,AT Rayudu,27,27,4,0
1304063,Chennai Super Kings,CJ Jordan,6,3,0,0
1304063,Chennai Super Kings,DJ Bravo,8,5,1,0
1304063,Chennai Super Kings,MM Ali,48,35,3,2
1304063,Chennai Super Kings,MS Dhoni,3,6,0,0
1304063,Chennai Super Kings,RA Jadeja,23,15,2,1
1304063,Chennai Super Kings,RD Gaikwad,16,13,3,0
1304063,Chennai Super Kings,RV Uthappa,15,11,1,0
1304063,Chennai Super Kings,S Dube,3,5,0,0
1304063,Sunrisers Hyderabad,Abhishek Sharma,75,50,5,3
1304063,Sunrisers Hyderabad,KS Williamson,32,40,2,1
1304063,Sunrisers Hyderabad,N Pooran,5,2,1,0
1304063,Sunrisers Hyderabad,RA Tripathi,39,14,5,2
1304064,Mumbai Indians,D Brevis,8,11,1,0
1304064,Mumbai Indians,Ishan Kishan,26,28,3,0
1304064,Mumbai Indians,JD Unadkat,13,14,1,0
1304064,Mumbai Indians,KA Pollard,0,1,0,0
1304064,Mumbai Indians,RG Sharma,26,15,4,1
1304064,Mumbai Indians,Ramandeep Singh,6,12,0,0
1304064,Mumbai Indians,SA Yadav,68,36,5,6
1304064,Mumbai Indians,Tilak Varma,0,3,0,0
1304064,Royal Challengers Bangalore,Anuj Rawat,66,47,2,6
1304064,Royal Challengers Bangalore,F du Plessis,16,24,1,0
1304064,Royal Challengers Bangalore,GJ Maxwell,8,2,2,0
1304064,Royal Challengers Bangalore,KD Karthik,7,2,0,1
1304064,Royal Challengers Bangalore,V Kohli,48,36,5,0
1304065,Delhi Capitals,AR Patel,22,14,2,1
1304065,Delhi Capitals,DA Warner,61,44,6,2
1304065,Delhi Capitals,Lalit Yadav,1,4,0,0
1304065,Delhi Capitals,PP Shaw,51,29,7,2
1304065,Delhi Capitals,R Powell,8,6,0,1
1304065,Delhi Capitals,RR Pant,27,13,2,2
1304065,Delhi Capitals,SN Thakur,29,11,1,3
1304065,Kolkata Knight Riders,AD Russell,24,21,3,0
1304065,Kolkata Knight Riders,AM Rahane,8,14,1,0
1304065,Kolkata Knight Riders,CV Varun,1,1,0,0
1304065,Kolkata Knight Riders,N Rana,30,20,0,3
1304065,Kolkata Knight Riders,PJ Cummins,4,3,1,0
1304065,Kolkata Knight Riders,Rasikh Salam,7,6,1,0
1304065,Kolkata Knight Riders,SP Narine,4,2,1,0
1304065,Kolkata Knight Riders,SS Iyer,54,33,5,2
1304065,Kolkata Knight Riders,SW Billings,15,9,1,1
1304065,Kolkata Knight Riders,UT Yadav,0,1,0,0
1304065,Kolkata Knight Riders,VR Iyer,18,8,1,2
1304066,Lucknow Super Giants,A Badoni,5,7,0,0
1304066,Lucknow Super Giants,Avesh Khan,7,2,0,1
1304066,Lucknow Super Giants,DJ Hooda,25,24,3,0
1304066,Lucknow Super Giants,JO Holder,8,14,2,0
1304066,Lucknow Super Giants,K Gowtham,0,1,0,0
1304066,Lucknow Super Giants,KH Pandya,22,15,2,0
1304066,Lucknow Super Giants,KL Rahul,0,1,0,0
1304066,Lucknow Super Giants,MP Stoinis,38,17,2,4
1304066,Lucknow Super Giants,PVD Chameera,13,7,2,0
1304066,Lucknow Super Giants,Q de Kock,39,32,2,1
1304066,Rajasthan Royals,D Padikkal,29,29,5,0
1304066,Rajasthan Royals,HE van der Dussen,4,4,1,0
1304066,Rajasthan Royals,JC Buttler,13,11,1,1
1304066,Rajasthan Royals,R Ashwin,28,23,0,2
1304066,Rajasthan Royals,R Parag,8,4,0,1
1304066,Rajasthan Royals,SO Hetmyer,59,36,1,6
1304066,Rajasthan Royals,SV Samson,13,12,2,0
1304066,Rajasthan Royals,TA Boult,2,1,0,0
1304067,Gujarat Titans,A Manohar,35,21,5,1
1304067,Gujarat Titans,B Sai Sudharsan,11,9,2,0
1304067,Gujarat Titans,DA Miller,12,15,0,0
1304067,Gujarat Titans,HH Pandya,50,42,4,1
1304067,Gujarat Titans,MS Wade,19,19,3,0
1304067,Gujarat Titans,R Tewatia,6,4,1,0
1304067,Gujarat Titans,Rashid Khan,0,1,0,0
1304067,Gujarat Titans,Shubman Gill,7,9,1,0
1304067,Sunrisers Hyderabad,AK Markram,12,8,1,0
1304067,Sunrisers Hyderabad,Abhishek Sharma,42,32,6,0
1304067,Sunrisers Hyderabad,KS Williamson,57,46,2,4
1304067,Sunrisers Hyderabad,N Pooran,34,18,2,2
1304067,Sunrisers Hyderabad,RA Tripathi,17,11,1,1
1304068,Chennai Super Kings,MM Ali,3,8,0,0
1304068,Chennai Super Kings,RA Jadeja,0,1,0,0
1304068,Chennai Super Kings,RD Gaikwad,17,16,3,0
1304068,Chennai Super Kings,RV Uthappa,88,49,4,9
1304068,Chennai Super Kings,S Dube,95,46,5,8
1304068,Royal Challengers Bangalore,Akash Deep,0,2,0,0
1304068,Royal Challengers Bangalore,Anuj Rawat,12,16,1,0
1304068,Royal Challengers Bangalore,F du Plessis,8,9,0,0
1304068,Royal Challengers Bangalore,GJ Maxwell,26,11,2,2
1304068,Royal Challengers Bangalore,JR Hazlewood,7,7,0,0
1304068,Royal Challengers Bangalore,KD Karthik,34,13,2,3
1304068,Royal Challengers Bangalore,Mohammed Siraj,14,11,3,0
1304068,Royal Challengers Bangalore,PWH de Silva,7,3,0,1
1304068,Royal Challengers Bangalore,SS Prabhudessai,34,18,5,1
1304068,Royal Challengers Bangalore,Shahbaz Ahmed,41,27,4,0
1304068,Royal Challengers Bangalore,V Kohli,1,3,0,0
1304069,Mumbai Indians,D Brevis,49,25,4,5
1304069,Mumbai Indians,Ishan Kishan,3,6,0,0
1304069,Mumbai Indians,JD Unadkat,12,7,0,1
1304069,Mumbai Indians,JJ Bumrah,0,1,0,0
1304069,Mumbai Indians,KA Pollard,10,11,1,0
1304069,Mumbai Indians,M Ashwin,0,2,0,0
1304069,Mumbai Indians,RG Sharma,28,17,3,2
1304069,Mumbai Indians,SA Yadav,43,29,1,4
1304069,Mumbai Indians,TS Mills,0,2,0,0
1304069,Mumbai Indians,Tilak Varma,36,20,3,2
1304069,Punjab Kings,JM Bairstow,12,13,1,0
1304069,Punjab Kings,JM Sharma,30,15,2,2
1304069,Punjab Kings,LS Livingstone,2,3,0,0
1304069,Punjab Kings,M Shahrukh Khan,15,6,0,2
1304069,Punjab Kings,MA Agarwal,52,32,6,2
1304069,Punjab Kings,OF Smith,1,1,0,0
1304069,Punjab Kings,S Dhawan,70,50,5,3
1304070,Gujarat Titans,A Manohar,43,28,4,2
1304070,Gujarat Titans,DA Miller,31,14,5,1
1304070,Gujarat Titans,HH Pandya,87,52,8,4
1304070,Gujarat Titans,MS Wade,12,6,3,0
1304070,Gujarat Titans,Shubman Gill,13,13,2,0
1304070,Gujarat Titans,V Shankar,2,7,0,0
1304070,Rajasthan Royals,D Padikkal,0,1,0,0
1304070,Rajasthan Royals,HE van der Dussen,6,10,0,0
1304070,Rajasthan Royals,JC Buttler,54,24,8,3
1304070,Rajasthan Royals,JDS Neesham,17,15,1,0
1304070,Rajasthan Royals,KR Sen,0,3,0,0
1304070,Rajasthan Royals,M Prasidh Krishna,4,7,0,0
1304070,Rajasthan Royals,R Ashwin,8,8,0,1
1304070,Rajasthan Royals,R Parag,18,16,1,1
1304070,Rajasthan Royals,SO Hetmyer,29,17,2,1
1304070,Rajasthan Royals,SV Samson,11,11,0,1
1304070,Rajasthan Royals,YS Chahal,5,8,0,0
1304071,Kolkata Knight Riders,AD Russell,49,25,4,4
1304071,Kolkata Knight Riders,AJ Finch,7,5,0,1
1304071,Kolkata Knight Riders,Aman Hakim Khan,5,3,1,0
1304071,Kolkata Knight Riders,N Rana,54,36,6,2
1304071,Kolkata Knight Riders,PJ Cummins,3,3,0,0
1304071,Kolkata Knight Riders,SP Jackson,7,7,0,1
1304071,Kolkata Knight Riders,SP Narine,6,2,0,1
1304071,Kolkata Knight Riders,SS Iyer,28,25,3,0
1304071,Kolkata Knight Riders,UT Yadav,1,1,0,0
1304071,Kolkata Knight Riders,VR Iyer,6,13,1,0
1304071,Sunrisers Hyderabad,AK Markram,68,36,6,4
1304071,Sunrisers Hyderabad,Abhishek Sharma,3,10,0,0
1304071,Sunrisers Hyderabad,KS Williamson,17,16,3,0
1304071,Sunrisers Hyderabad,N Pooran,5,8,0,0
1304071,Sunrisers Hyderabad,RA Tripathi,71,37,4,6
1304072,Lucknow Super Giants,DJ Hooda,15,8,1,1
1304072,Lucknow Super Giants,KH Pandya,1,1,0,0
1304072,Lucknow Super Giants,KL Rahul,103,60,9,5
1304072,Lucknow Super Giants,MK Pandey,38,29,6,0
1304072,Lucknow Super Giants,MP Stoinis,10,9,0,1
1304072,Lucknow Super Giants,Q de Kock,24,13,4,1
1304072,Mumbai Indians,D Brevis,31,13,6,1
1304072,Mumbai Indians,FA Allen,8,7,1,0
1304072,Mumbai Indians,Ishan Kishan,13,17,2,0
1304072,Mumbai Indians,JD Unadkat,14,6,2,1
1304072,Mumbai Indians,KA Pollard,25,14,1,2
1304072,Mumbai Indians,M Ashwin,6,2,0,1
1304072,Mumbai Indians,RG Sharma,6,7,1,0
1304072,Mumbai Indians,SA Yadav,37,27,3,0
1304072,Mumbai Indians,TS Mills,0,1,0,0
1304072,Mumbai Indians,Tilak Varma,26,26,2,0
1304073,Delhi Capitals,AR Patel,10,7,1,0
1304073,Delhi Capitals,DA Warner,66,38,4,5
1304073,Delhi Capitals,Kuldeep Yadav,10,7,2,0
1304073,Delhi Capitals,Lalit Yadav,1,4,0,0
1304073,Delhi Capitals,MR Marsh,14,24,0,0
1304073,Delhi Capitals,PP Shaw,16,13,1,1
1304073,Delhi Capitals,R Powell,0,1,0,0
1304073,Delhi Capitals,RR Pant,34,17,3,2
1304073,Delhi Capitals,SN Thakur,17,9,0,2
1304073,Royal Challengers Bangalore,Anuj Rawat,0,1,0,0
1304073,Royal Challengers Bangalore,F du Plessis,8,11,2,0
1304073,Royal Challengers Bangalore,GJ Maxwell,55,34,7,2
1304073,Royal Challengers Bangalore,KD Karthik,66,34,5,5
1304073,Royal Challengers Bangalore,SS Prabhudessai,6,5,1,0
1304073,Royal Challengers Bangalore,Shahbaz Ahmed,32,21,3,1
1304073,Royal Challengers Bangalore,V Kohli,12,14,1,0
1304074,Punjab Kings,Arshdeep Singh,0,1,0,0
1304074,Punjab Kings,JM Bairstow,12,10,2,0
1304074,Punjab Kings,JM Sharma,11,8,2,0
1304074,Punjab Kings,LS Livingstone,60,33,5,4
1304074,Punjab Kings,M Shahrukh Khan,26,28,1,2
1304074,Punjab Kings,OF Smith,13,15,0,1
1304074,Punjab Kings,P Simran Singh,14,11,2,0
1304074,Punjab Kings,RD Chahar,0,2,0,0
1304074,Punjab Kings,S Dhawan,8,11,1,0
1304074,Punjab Kings,VG Arora,0,1,0,0
1304074,Sunrisers Hyderabad,AK Markram,41,27,4,1
1304074,Sunrisers Hyderabad,Abhishek Sharma,31,25,3,1
1304074,Sunrisers Hyderabad,KS Williamson,3,9,0,0
1304074,Sunrisers Hyderabad,N Pooran,35,30,1,1
1304074,Sunrisers Hyderabad,RA Tripathi,34,22,4,1
1304075,Chennai Super Kings,AT Rayudu,46,30,4,2
1304075,Chennai Super Kings,MM Ali,1,3,0,0
1304075,Chennai Super Kings,RA Jadeja,22,12,0,2
1304075,Chennai Super Kings,RD Gaikwad,73,48,5,5
1304075,Chennai Super Kings,RV Uthappa,3,10,0,0
1304075,Chennai Super Kings,S Dube,19,17,2,0
1304075,Gujarat Titans,A Manohar,12,12,2,0
1304075,Gujarat Titans,AS Joseph,0,1,0,0
1304075,Gujarat Titans,DA Miller,94,50,8,6
1304075,Gujarat Titans,R Tewatia,6,14,0,0
1304075,Gujarat Titans,Rashid Khan,40,21,2,3
1304075,Gujarat Titans,Shubman Gill,0,1,0,0
1304075,Gujarat Titans,V Shankar,0,2,0,0
1304075,Gujarat Titans,WP Saha,11,18,0,0
1304076,Kolkata Knight Riders,AD Russell,0,1,0,0
1304076,Kolkata Knight Riders,AJ Finch,58,28,9,2
1304076,Kolkata Knight Riders,CV Varun,1,1,0,0
1304076,Kolkata Knight Riders,N Rana,18,11,1,1
1304076,Kolkata Knight Riders,PJ Cummins,0,1,0,0
1304076,Kolkata Knight Riders,SP Jackson,8,8,0,0
1304076,Kolkata Knight Riders,SS Iyer,85,51,7,4
1304076,Kolkata Knight Riders,Shivam Mavi,0,1,0,0
1304076,Kolkata Knight Riders,UT Yadav,21,9,1,2
1304076,Kolkata Knight Riders,VR Iyer,6,7,0,0
1304076,Rajasthan Royals,D Padikkal,24,18,3,1
1304076,Rajasthan Royals,JC Buttler,103,60,10,5
1304076,Rajasthan Royals,KK Nair,3,5,0,0
1304076,Rajasthan Royals,R Ashwin,2,2,0,0
1304076,Rajasthan Royals,R Parag,5,3,1,0
1304076,Rajasthan Royals,SO Hetmyer,26,13,2,2
1304076,Rajasthan Royals,SV Samson,38,19,3,2
1304077,Lucknow Super Giants,A Badoni,13,13,2,0
1304077,Lucknow Super Giants,DJ Hooda,13,14,1,0
1304077,Lucknow Super Giants,JO Holder,16,9,0,2
1304077,Lucknow Super Giants,KH Pandya,42,28,5,2
1304077,Lucknow Super Giants,KL Rahul,30,24,3,1
1304077,Lucknow Super Giants,MK Pandey,6,8,1,0
1304077,Lucknow Super Giants,MP Stoinis,24,15,2,1
1304077,Lucknow Super Giants,PVD Chameera,1,3,0,0
1304077,Lucknow Super Giants,Q de Kock,3,5,0,0
1304077,Lucknow Super Giants,Ravi Bishnoi,0,1,0,0
1304077,Royal Challengers Bangalore,Anuj Rawat,4,5,1,0
1304077,Royal Challengers Bangalore,F du Plessis,96,64,11,2
1304077,Royal Challengers Bangalore,GJ Maxwell,23,11,3,1
1304077,Royal Challengers Bangalore,HV Patel,0,1,0,0
1304077,Royal Challengers Bangalore,KD Karthik,13,8,0,1
1304077,Royal Challengers Bangalore,SS Prabhudessai,10,8,0,1
1304077,Royal Challengers Bangalore,Shahbaz Ahmed,26,22,1,0
1304077,Royal Challengers Bangalore,V Kohli,0,1,0,0
1304078,Delhi Capitals,DA Warner,60,30,10,1
1304078,Delhi Capitals,PP Shaw,41,20,7,1
1304078,Delhi Capitals,SN Khan,12,13,1,0
1304078,Punjab Kings,Arshdeep Singh,9,17,2,0
1304078,Punjab Kings,JM Bairstow,9,8,2,0
1304078,Punjab Kings,JM Sharma,32,23,5,0
1304078,Punjab Kings,K Rabada,2,6,0,0
1304078,Punjab Kings,LS Livingstone,2,3,0,0
1304078,Punjab Kings,M Shahrukh Khan,12,20,0,0
1304078,Punjab Kings,MA Agarwal,24,15,4,0
1304078,Punjab Kings,NT Ellis,0,2,0,0
1304078,Punjab Kings,RD Chahar,12,12,1,1
1304078,Punjab Kings,S Dhawan,9,10,1,0
1304078,Punjab Kings,VG Arora,2,4,0,0
1304079,Chennai Super Kings,AT Rayudu,40,35,2,3
1304079,Chennai Super Kings,D Pretorius,22,14,2,1
1304079,Chennai Super Kings,DJ Bravo,1,1,0,0
1304079,Chennai Super Kings,MJ Santner,11,9,2,0
1304079,Chennai Super Kings,MS Dhoni,28,13,3,1
1304079,Chennai Super Kings,RA Jadeja,3,8,0,0
1304079,Chennai Super Kings,RD Gaikwad,0,1,0,0
1304079,Chennai Super Kings,RV Uthappa,30,25,2,2
1304079,Chennai Super Kings,S Dube,13,14,0,1
1304079,Mumbai Indians,D Brevis,4,7,0,0
1304079,Mumbai Indians,DR Sams,5,3,1,0
1304079,Mumbai Indians,HR Shokeen,25,25,3,0
1304079,Mumbai Indians,Ishan Kishan,0,1,0,0
1304079,Mumbai Indians,JD Unadkat,19,9,1,1
1304079,Mumbai Indians,KA Pollard,14,9,1,1
1304079,Mumbai Indians,RG Sharma,0,2,0,0
1304079,Mumbai Indians,SA Yadav,32,21,3,1
1304079,Mumbai Indians,Tilak Varma,51,43,3,2
1304080,Delhi Capitals,AR Patel,1,4,0,0
1304080,Delhi Capitals,DA Warner,28,14,5,1
1304080,Delhi Capitals,Kuldeep Yadav,0,3,0,0
1304080,Delhi Capitals,Lalit Yadav,37,24,3,2
1304080,Delhi Capitals,PP Shaw,37,27,5,1
1304080,Delhi Capitals,R Powell,36,15,0,5
1304080,Delhi Capitals,RR Pant,44,24,4,2
1304080,Delhi Capitals,SN Khan,1,3,0,0
1304080,Delhi Capitals,SN Thakur,10,7,0,1
1304080,Rajasthan Royals,D Padikkal,54,35,7,2
1304080,Rajasthan Royals,JC Buttler,116,65,9,9
1304080,Rajasthan Royals,SO Hetmyer,1,1,0,0
1304080,Rajasthan Royals,SV Samson,46,19,5,3
1304081,Gujarat Titans,A Manohar,2,4,0,0
1304081,Gujarat Titans,AS Joseph,1,1,0,0
1304081,Gujarat Titans,DA Miller,27,20,1,2
1304081,Gujarat Titans,HH Pandya,67,49,4,2
1304081,Gujarat Titans,LH Ferguson,0,1,0,0
1304081,Gujarat Titans,R Tewatia,17,12,2,0
1304081,Gujarat Titans,Rashid Khan,0,2,0,0
1304081,Gujarat Titans,Shubman Gill,7,5,1,0
1304081,Gujarat Titans,WP Saha,25,25,2,1
1304081,Gujarat Titans,Yash Dayal,0,1,0,0
1304081,Kolkata Knight Riders,AD Russell,48,24,1,6
1304081,Kolkata Knight Riders,N Rana,2,7,0,0
1304081,Kolkata Knight Riders,RK Singh,35,28,4,1
1304081,Kolkata Knight Riders,SP Narine,5,5,1,0
1304081,Kolkata Knight Riders,SS Iyer,12,15,1,1
1304081,Kolkata Knight Riders,SW Billings,4,4,1,0
1304081,Kolkata Knight Riders,Shivam Mavi,2,4,0,0
1304081,Kolkata Knight Riders,TG Southee,1,1,0,0
1304081,Kolkata Knight Riders,UT Yadav,15,15,1,1
1304081,Kolkata Knight Riders,VR Iyer,17,17,2,0
1304082,Royal Challengers Bangalore,Anuj Rawat,0,2,0,0
1304082,Royal Challengers Bangalore,F du Plessis,5,7,1,0
1304082,Royal Challengers Bangalore,GJ Maxwell,12,11,2,0
1304082,Royal Challengers Bangalore,HV Patel,4,8,0,0
1304082,Royal Challengers Bangalore,JR Hazlewood,3,11,0,0
1304082,Royal Challengers Bangalore,KD Karthik,0,3,0,0
1304082,Royal Challengers Bangalore,Mohammed Siraj,2,4,0,0
1304082,Royal Challengers Bangalore,PWH de Silva,8,19,1,0
1304082,Royal Challengers Bangalore,SS Prabhudessai,15,20,1,0
1304082,Royal Challengers Bangalore,Shahbaz Ahmed,7,11,1,0
1304082,Royal Challengers Bangalore,V Kohli,0,1,0,0
1304082,Sunrisers Hyderabad,Abhishek Sharma,47,28,8,1
1304082,Sunrisers Hyderabad,KS Williamson,16,17,2,0
1304082,Sunrisers Hyderabad,RA Tripathi,7,3,0,1
1304083,Lucknow Super Giants,A Badoni,14,11,0,1
1304083,Lucknow Super Giants,DJ Hooda,10,9,1,0
1304083,Lucknow Super Giants,JO Holder,0,2,0,0
1304083,Lucknow Super Giants,KH Pandya,1,2,0,0
1304083,Lucknow Super Giants,KL Rahul,103,62,12,4
1304083,Lucknow Super Giants,MK Pandey,22,22,0,1
1304083,Lucknow Super Giants,MP Stoinis,0,3,0,0
1304083,Lucknow Super Giants,Q de Kock,10,9,0,1
1304083,Mumbai Indians,D Brevis,3,5,0,0
1304083,Mumbai Indians,DR Sams,3,7,0,0
1304083,Mumbai Indians,Ishan Kishan,8,20,0,0
1304083,Mumbai Indians,JD Unadkat,1,1,0,0
1304083,Mumbai Indians,JJ Bumrah,0,2,0,0
1304083,Mumbai Indians,KA Pollard,19,20,0,1
1304083,Mumbai Indians,RG Sharma,39,31,5,1
1304083,Mumbai Indians,SA Yadav,7,7,1,0
1304083,Mumbai Indians,Tilak Varma,38,27,2,2
1304084,Chennai Super Kings,AT Rayudu,78,39,7,6
1304084,Chennai Super Kings,D Pretorius,1,1,0,0
1304084,Chennai Super Kings,MJ Santner,9,15,1,0
1304084,Chennai Super Kings,MS Dhoni,12,8,1,1
1304084,Chennai Super Kings,RA Jadeja,21,16,1,1
1304084,Chennai Super Kings,RD Gaikwad,30,27,4,0
1304084,Chennai Super Kings,RV Uthappa,1,7,0,0
1304084,Chennai Super Kings,S Dube,8,7,1,0
1304084,Punjab Kings,JM Bairstow,6,3,1,0
1304084,Punjab Kings,LS Livingstone,19,7,1,2
1304084,Punjab Kings,MA Agarwal,18,21,2,0
1304084,Punjab Kings,PBB Rajapaksa,42,32,2,2
1304084,Punjab Kings,S Dhawan,88,57,9,2
1304085,Rajasthan Royals,D Padikkal,7,7,0,1
1304085,Rajasthan Royals,DJ Mitchell,16,24,0,0
1304085,Rajasthan Royals,JC Buttler,8,9,1,0
1304085,Rajasthan Royals,M Prasidh Krishna,2,5,0,0
1304085,Rajasthan Royals,R Ashwin,17,9,4,0
1304085,Rajasthan Royals,R Parag,56,31,3,4
1304085,Rajasthan Royals,SO Hetmyer,3,7,0,0
1304085,Rajasthan Royals,SV Samson,27,21,1,3
1304085,Rajasthan Royals,TA Boult,5,7,0,0
1304085,Royal Challengers Bangalore,F du Plessis,23,21,3,1
1304085,Royal Challengers Bangalore,GJ Maxwell,0,1,0,0
1304085,Royal Challengers Bangalore,HV Patel,8,11,0,1
1304085,Royal Challengers Bangalore,JR Hazlewood,0,2,0,0
1304085,Royal Challengers Bangalore,KD Karthik,6,4,1,0
1304085,Royal Challengers Bangalore,Mohammed Siraj,5,5,1,0
1304085,Royal Challengers Bangalore,PWH de Silva,18,13,2,0
1304085,Royal Challengers Bangalore,RM Patidar,16,16,0,1
1304085,Royal Challengers Bangalore,SS Prabhudessai,2,7,0,0
1304085,Royal Challengers Bangalore,Shahbaz Ahmed,17,27,0,1
1304085,Royal Challengers Bangalore,V Kohli,9,10,2,0
1304086,Gujarat Titans,A Manohar,0,1,0,0
1304086,Gujarat Titans,DA Miller,17,19,1,0
1304086,Gujarat Titans,HH Pandya,10,6,2,0
1304086,Gujarat Titans,R Tewatia,40,21,4,2
1304086,Gujarat Titans,Rashid Khan,31,11,0,4
1304086,Gujarat Titans,Shubman Gill,22,24,1,1
1304086,Gujarat Titans,WP Saha,68,38,11,1
1304086,Sunrisers Hyderabad,AK Markram,56,40,2,3
1304086,Sunrisers Hyderabad,Abhishek Sharma,65,42,6,3
1304086,Sunrisers Hyderabad,KS Williamson,5,8,1,0
1304086,Sunrisers Hyderabad,M Jansen,8,5,0,1
1304086,Sunrisers Hyderabad,N Pooran,3,5,0,0
1304086,Sunrisers Hyderabad,RA Tripathi,16,10,2,1
1304086,Sunrisers Hyderabad,Shashank Singh,25,6,1,3
1304086,Sunrisers Hyderabad,Washington Sundar,3,4,0,0
1304087,Delhi Capitals,AR Patel,24,17,2,1
1304087,Delhi Capitals,DA Warner,42,26,8,0
1304087,Delhi Capitals,Lalit Yadav,22,28,1,1
1304087,Delhi Capitals,MR Marsh,13,7,2,0
1304087,Delhi Capitals,PP Shaw,0,1,0,0
1304087,Delhi Capitals,R Powell,33,16,1,3
1304087,Delhi Capitals,RR Pant,2,5,0,0
1304087,Delhi Capitals,SN Thakur,8,14,0,0
1304087,Kolkata Knight Riders,AD Russell,0,3,0,0
1304087,Kolkata Knight Riders,AJ Finch,3,7,0,0
1304087,Kolkata Knight Riders,B Indrajith,6,8,0,0
1304087,Kolkata Knight Riders,Harshit Rana,0,1,0,0
1304087,Kolkata Knight Riders,N Rana,57,33,3,4
1304087,Kolkata Knight Riders,RK Singh,23,16,3,0
1304087,Kolkata Knight Riders,SP Narine,0,1,0,0
1304087,Kolkata Knight Riders,SS Iyer,42,37,4,0
1304087,Kolkata Knight Riders,TG Southee,0,1,0,0
1304087,Kolkata Knight Riders,UT Yadav,0,1,0,0
1304087,Kolkata Knight Riders,VR Iyer,6,12,0,0
1304088,Lucknow Super Giants,A Badoni,4,4,0,0
1304088,Lucknow Super Giants,Avesh Khan,2,5,0,0
1304088,Lucknow Super Giants,DJ Hooda,34,28,1,2
1304088,Lucknow Super Giants,JO Holder,11,8,0,1
1304088,Lucknow Super Giants,KH Pandya,7,7,1,0
1304088,Lucknow Super Giants,KL Rahul,6,11,1,0
1304088,Lucknow Super Giants,MP Stoinis,1,4,0,0
1304088,Lucknow Super Giants,Mohsin Khan,13,6,1,1
1304088,Lucknow Super Giants,PVD Chameera,17,10,0,2
1304088,Lucknow Super Giants,Q de Kock,46,37,4,2
1304088,Punjab Kings,Arshdeep Singh,0,2,0,0
1304088,Punjab Kings,JM Bairstow,32,27,5,0
1304088,Punjab Kings,JM Sharma,2,5,0,0
1304088,Punjab Kings,K Rabada,2,5,0,0
1304088,Punjab Kings,LS Livingstone,18,16,0,2
1304088,Punjab Kings,MA Agarwal,25,17,2,2
1304088,Punjab Kings,PBB Rajapaksa,9,7,1,0
1304088,Punjab Kings,R Dhawan,21,22,3,1
1304088,Punjab Kings,RD Chahar,4,4,1,0
1304088,Punjab Kings,S Dhawan,5,15,0,0
1304089,Gujarat Titans,B Sai Sudharsan,20,14,2,0
1304089,Gujarat Titans,DA Miller,39,24,4,1
1304089,Gujarat Titans,HH Pandya,3,5,0,0
1304089,Gujarat Titans,R Tewatia,43,25,5,2
1304089,Gujarat Titans,Shubman Gill,31,27,3,1
1304089,Gujarat Titans,WP Saha,29,22,4,0
1304089,Royal Challengers Bangalore,F du Plessis,0,4,0,0
1304089,Royal Challengers Bangalore,GJ Maxwell,33,18,3,2
1304089,Royal Challengers Bangalore,KD Karthik,2,3,0,0
1304089,Royal Challengers Bangalore,MK Lomror,16,8,2,1
1304089,Royal Challengers Bangalore,RM Patidar,52,32,5,2
1304089,Royal Challengers Bangalore,Shahbaz Ahmed,2,2,0,0
1304089,Royal Challengers Bangalore,V Kohli,58,53,6,1
1304090,Mumbai Indians,DR Sams,6,1,0,1
1304090,Mumbai Indians,Ishan Kishan,26,18,4,1
1304090,Mumbai Indians,KA Pollard,10,14,0,0
1304090,Mumbai Indians,RG Sharma,2,5,0,0
1304090,Mumbai Indians,SA Yadav,51,39,5,2
1304090,Mumbai Indians,TH David,20,9,2,1
1304090,Mumbai Indians,Tilak Varma,35,30,1,2
1304090,Rajasthan Royals,D Padikkal,15,14,3,0
1304090,Rajasthan Royals,DJ Mitchell,17,20,1,0
1304090,Rajasthan Royals,JC Buttler,67,52,5,4
1304090,Rajasthan Royals,R Ashwin,21,9,3,1
1304090,Rajasthan Royals,R Parag,3,3,0,0
1304090,Rajasthan Royals,SO Hetmyer,6,14,0,0
1304090,Rajasthan Royals,SV Samson,16,7,0,2
1304090,Rajasthan Royals,TA Boult,1,1,0,0
1304091,Delhi Capitals,AR Patel,42,24,1,3
1304091,Delhi Capitals,DA Warner,3,4,0,0
1304091,Delhi Capitals,Kuldeep Yadav,16,8,1,1
1304091,Delhi Capitals,Lalit Yadav,3,4,0,0
1304091,Delhi Capitals,MR Marsh,37,20,3,3
1304091,Delhi Capitals,PP Shaw,5,7,1,0
1304091,Delhi Capitals,R Powell,35,21,3,2
1304091,Delhi Capitals,RR Pant,44,30,7,1
1304091,Delhi Capitals,SN Thakur,1,2,0,0
1304091,Lucknow Super Giants,DJ Hooda,52,34,6,1
1304091,Lucknow Super Giants,KH Pandya,9,6,0,0
1304091,Lucknow Super Giants,KL Rahul,77,51,4,5
1304091,Lucknow Super Giants,MP Stoinis,17,16,1,1
1304091,Lucknow Super Giants,Q de Kock,23,13,3,1
1304092,Chennai Super Kings,DP Conway,85,55,8,4
1304092,Chennai Super Kings,MS Dhoni,8,7,1,0
1304092,Chennai Super Kings,RA Jadeja,1,1,0,0
1304092,Chennai Super Kings,RD Gaikwad,99,57,6,6
1304092,Sunrisers Hyderabad,AK Markram,17,10,0,2
1304092,Sunrisers Hyderabad,Abhishek Sharma,39,23,5,1
1304092,Sunrisers Hyderabad,KS Williamson,47,37,2,2
1304092,Sunrisers Hyderabad,N Pooran,64,33,3,6
1304092,Sunrisers Hyderabad,RA Tripathi,0,1,0,0
1304092,Sunrisers Hyderabad,Shashank Singh,15,14,1,0
1304092,Sunrisers Hyderabad,Washington Sundar,2,2,0,0
1304093,Kolkata Knight Riders,AJ Finch,4,7,0,0
1304093,Kolkata Knight Riders,B Indrajith,15,16,2,0
1304093,Kolkata Knight Riders,N Rana,48,37,3,2
1304093,Kolkata Knight Riders,RK Singh,42,23,6,1
1304093,Kolkata Knight Riders,SS Iyer,34,32,3,1
1304093,Rajasthan Royals,D Padikkal,2,5,0,0
1304093,Rajasthan Royals,JC Buttler,22,25,3,0
1304093,Rajasthan Royals,KK Nair,13,13,1,0
1304093,Rajasthan Royals,R Ashwin,6,4,0,0
1304093,Rajasthan Royals,R Parag,19,12,1,2
1304093,Rajasthan Royals,SO Hetmyer,27,13,1,2
1304093,Rajasthan Royals,SV Samson,54,48,7,1
1304094,Gujarat Titans,AS Joseph,4,5,0,0
1304094,Gujarat Titans,B Sai Sudharsan,65,49,5,1
1304094,Gujarat Titans,DA Miller,11,14,0,0
1304094,Gujarat Titans,HH Pandya,1,7,0,0
1304094,Gujarat Titans,LH Ferguson,5,3,1,0
1304094,Gujarat Titans,PJ Sangwan,2,5,0,0
1304094,Gujarat Titans,R Tewatia,11,13,0,0
1304094,Gujarat Titans,Rashid Khan,0,1,0,0
1304094,Gujarat Titans,Shubman Gill,9,6,2,0
1304094,Gujarat Titans,WP Saha,21,17,3,1
1304094,Punjab Kings,JM Bairstow,1,6,0,0
1304094,Punjab Kings,LS Livingstone,30,10,2,3
1304094,Punjab Kings,PBB Rajapaksa,40,27,5,1
1304094,Punjab Kings,S Dhawan,62,53,8,1
1304095,Chennai Super Kings,AT Rayudu,10,8,0,1
1304095,Chennai Super Kings,D Pretorius,13,8,1,1
1304095,Chennai Super Kings,DP Conway,56,37,6,2
1304095,Chennai Super Kings,M Theekshana,7,4,0,1
1304095,Chennai Super Kings,MM Ali,34,27,2,2
1304095,Chennai Super Kings,MS Dhoni,2,3,0,0
1304095,Chennai Super Kings,RA Jadeja,3,5,0,0
1304095,Chennai Super Kings,RD Gaikwad,28,23,3,1
1304095,Chennai Super Kings,RV Uthappa,1,3,0,0
1304095,Chennai Super Kings,Simarjeet Singh,2,2,0,0
1304095,Royal Challengers Bangalore,F du Plessis,38,22,4,1
1304095,Royal Challengers Bangalore,GJ Maxwell,3,3,0,0
1304095,Royal Challengers Bangalore,KD Karthik,26,17,1,2
1304095,Royal Challengers Bangalore,MK Lomror,42,27,3,2
1304095,Royal Challengers Bangalore,PWH de Silva,0,1,0,0
1304095,Royal Challengers Bangalore,RM Patidar,21,15,1,1
1304095,Royal Challengers Bangalore,Shahbaz Ahmed,1,2,0,0
1304095,Royal Challengers Bangalore,V Kohli,30,33,3,1
1304096,Delhi Capitals,DA Warner,92,58,12,3
1304096,Delhi Capitals,MR Marsh,10,7,2,0
1304096,Delhi Capitals,Mandeep Singh,0,5,0,0
1304096,Delhi Capitals,R Powell,67,35,3,6
1304096,Delhi Capitals,RR Pant,26,15,1,3
1304096,Sunrisers Hyderabad,AK Markram,42,25,4,3
1304096,Sunrisers Hyderabad,Abhishek Sharma,7,6,1,0
1304096,Sunrisers Hyderabad,B Kumar,5,3,1,0
1304096,Sunrisers Hyderabad,KS Williamson,4,11,1,0
1304096,Sunrisers Hyderabad,Kartik Tyagi,7,5,1,0
1304096,Sunrisers Hyderabad,N Pooran,62,34,2,6
1304096,Sunrisers Hyderabad,RA Tripathi,22,18,2,1
1304096,Sunrisers Hyderabad,S Gopal,9,7,2,0
1304096,Sunrisers Hyderabad,SA Abbott,7,5,0,1
1304096,Sunrisers Hyderabad,Shashank Singh,10,6,2,0
1304097,Gujarat Titans,B Sai Sudharsan,14,11,1,1
1304097,Gujarat Titans,DA Miller,19,14,1,1
1304097,Gujarat Titans,HH Pandya,24,14,4,0
1304097,Gujarat Titans,R Tewatia,3,4,0,0
1304097,Gujarat Titans,Rashid Khan,1,1,0,0
1304097,Gujarat Titans,Shubman Gill,52,36,6,2
1304097,Gujarat Titans,WP Saha,55,40,6,2
1304097,Mumbai Indians,DR Sams,0,2,0,0
1304097,Mumbai Indians,Ishan Kishan,45,29,5,1
1304097,Mumbai Indians,KA Pollard,4,14,0,0
1304097,Mumbai Indians,RG Sharma,43,28,5,2
1304097,Mumbai Indians,SA Yadav,13,11,0,1
1304097,Mumbai Indians,TH David,44,21,2,4
1304097,Mumbai Indians,Tilak Varma,21,15,2,0
1304098,Punjab Kings,JM Bairstow,56,40,8,1
1304098,Punjab Kings,JM Sharma,38,18,4,2
1304098,Punjab Kings,LS Livingstone,22,13,1,2
1304098,Punjab Kings,MA Agarwal,15,13,2,0
1304098,Punjab Kings,PBB Rajapaksa,27,18,2,2
1304098,Punjab Kings,R Dhawan,5,2,1,0
1304098,Punjab Kings,S Dhawan,12,16,2,0
1304098,Rajasthan Royals,D Padikkal,31,32,3,0
1304098,Rajasthan Royals,JC Buttler,30,16,5,1
1304098,Rajasthan Royals,R Parag,0,1,0,0
1304098,Rajasthan Royals,SO Hetmyer,31,16,3,2
1304098,Rajasthan Royals,SV Samson,23,12,4,0
1304098,Rajasthan Royals,YBK Jaiswal,68,41,9,2
1304099,Kolkata Knight Riders,AD Russell,45,19,3,5
1304099,Kolkata Knight Riders,AJ Finch,14,14,1,0
1304099,Kolkata Knight Riders,AS Roy,0,2,0,0
1304099,Kolkata Knight Riders,B Indrajith,0,6,0,0
1304099,Kolkata Knight Riders,Harshit Rana,2,1,0,0
1304099,Kolkata Knight Riders,N Rana,2,11,0,0
1304099,Kolkata Knight Riders,RK Singh,6,10,0,0
1304099,Kolkata Knight Riders,SP Narine,22,12,3,1
1304099,Kolkata Knight Riders,SS Iyer,6,9,1,0
1304099,Kolkata Knight Riders,Shivam Mavi,1,2,0,0
1304099,Kolkata Knight Riders,TG Southee,0,1,0,0
1304099,Lucknow Super Giants,A Badoni,15,18,0,0
1304099,Lucknow Super Giants,DJ Hooda,41,27,4,2
1304099,Lucknow Super Giants,JO Holder,13,4,0,2
1304099,Lucknow Super Giants,KH Pandya,25,27,2,0
1304099,Lucknow Super Giants,MP Stoinis,28,14,1,3
1304099,Lucknow Super Giants,PVD Chameera,0,1,0,0
1304099,Lucknow Super Giants,Q de Kock,50,29,4,3
1304100,Royal Challengers Bangalore,F du Plessis,73,50,8,2
1304100,Royal Challengers Bangalore,GJ Maxwell,33,23,3,2
1304100,Royal Challengers Bangalore,KD Karthik,30,8,1,4
1304100,Royal Challengers Bangalore,RM Patidar,48,38,4,2
1304100,Royal Challengers Bangalore,V Kohli,0,1,0,0
1304100,Sunrisers Hyderabad,AK Markram,21,27,1,1
1304100,Sunrisers Hyderabad,Abhishek Sharma,0,3,0,0
1304100,Sunrisers Hyderabad,B Kumar,8,9,1,0
1304100,Sunrisers Hyderabad,Fazalhaq Farooqi,2,8,0,0
1304100,Sunrisers Hyderabad,J Suchith,2,7,0,0
1304100,Sunrisers Hyderabad,Kartik Tyagi,0,1,0,0
1304100,Sunrisers Hyderabad,N Pooran,19,14,2,1
1304100,Sunrisers Hyderabad,RA Tripathi,58,37,6,2
1304100,Sunrisers Hyderabad,Shashank Singh,8,9,0,1
1304100,Sunrisers Hyderabad,Umran Malik,0,1,0,0
1304101,Chennai Super Kings,AT Rayudu,5,6,1,0
1304101,Chennai Super Kings,DJ Bravo,1,1,0,0
1304101,Chennai Super Kings,DP Conway,87,49,8,5
1304101,Chennai Super Kings,MM Ali,9,4,2,0
1304101,Chennai Super Kings,MS Dhoni,21,8,1,2
1304101,Chennai Super Kings,RD Gaikwad,41,32,4,1
1304101,Chennai Super Kings,RV Uthappa,0,1,0,0
1304101,Chennai Super Kings,S Dube,32,19,2,2
1304101,Delhi Capitals,A Nortje,1,6,0,0
1304101,Delhi Capitals,AR Patel,1,3,0,0
1304101,Delhi Capitals,DA Warner,19,12,1,2
1304101,Delhi Capitals,KK Ahmed,0,1,0,0
1304101,Delhi Capitals,KS Bharat,8,5,2,0
1304101,Delhi Capitals,Kuldeep Yadav,5,17,0,0
1304101,Delhi Capitals,MR Marsh,25,20,3,1
1304101,Delhi Capitals,R Powell,3,9,0,0
1304101,Delhi Capitals,RR Pant,21,11,4,0
1304101,Delhi Capitals,RV Patel,6,3,0,1
1304101,Delhi Capitals,SN Thakur,24,19,2,1
1304102,Kolkata Knight Riders,AD Russell,9,5,0,1
1304102,Kolkata Knight Riders,AM Rahane,25,24,3,0
1304102,Kolkata Knight Riders,N Rana,43,26,3,4
1304102,Kolkata Knight Riders,PJ Cummins,0,2,0,0
1304102,Kolkata Knight Riders,RK Singh,23,19,2,1
1304102,Kolkata Knight Riders,SP Jackson,5,7,0,0
1304102,Kolkata Knight Riders,SP Narine,0,1,0,0
1304102,Kolkata Knight Riders,SS Iyer,6,8,1,0
1304102,Kolkata Knight Riders,TG Southee,0,4,0,0
1304102,Kolkata Knight Riders,VR Iyer,43,24,3,4
1304102,Mumbai Indians,DR Sams,1,2,0,0
1304102,Mumbai Indians,Ishan Kishan,51,43,5,1
1304102,Mumbai Indians,K Kartikeya,3,5,0,0
1304102,Mumbai Indians,KA Pollard,15,16,0,1
1304102,Mumbai Indians,M Ashwin,0,2,0,0
1304102,Mumbai Indians,RG Sharma,2,6,0,0
1304102,Mumbai Indians,RP Meredith,0,1,0,0
1304102,Mumbai Indians,Ramandeep Singh,12,16,0,0
1304102,Mumbai Indians,TH David,13,9,3,0
1304102,Mumbai Indians,Tilak Varma,6,5,1,0
1304103,Gujarat Titans,DA Miller,26,24,1,1
1304103,Gujarat Titans,HH Pandya,11,13,0,0
1304103,Gujarat Titans,MS Wade,10,7,2,0
1304103,Gujarat Titans,R Tewatia,22,16,4,0
1304103,Gujarat Titans,Shubman Gill,63,49,7,0
1304103,Gujarat Titans,WP Saha,5,11,1,0
1304103,Lucknow Super Giants,A Badoni,8,11,1,0
1304103,Lucknow Super Giants,Avesh Khan,12,4,0,2
1304103,Lucknow Super Giants,DJ Hooda,27,26,3,0
1304103,Lucknow Super Giants,JO Holder,1,2,0,0
1304103,Lucknow Super Giants,KH Pandya,5,5,1,0
1304103,Lucknow Super Giants,KL Rahul,8,16,1,0
1304103,Lucknow Super Giants,KS Sharma,4,4,1,0
1304103,Lucknow Super Giants,MP Stoinis,2,2,0,0
1304103,Lucknow Super Giants,Mohsin Khan,1,3,0,0
1304103,Lucknow Super Giants,Q de Kock,11,10,0,1
1304104,Delhi Capitals,DA Warner,52,41,5,1
1304104,Delhi Capitals,KS Bharat,0,2,0,0
1304104,Delhi Capitals,MR Marsh,89,62,5,7
1304104,Delhi Capitals,RR Pant,13,4,0,2
1304104,Rajasthan Royals,D Padikkal,48,30,6,2
1304104,Rajasthan Royals,HE van der Dussen,12,10,1,0
1304104,Rajasthan Royals,JC Buttler,7,11,1,0
1304104,Rajasthan Royals,R Ashwin,50,38,4,2
1304104,Rajasthan Royals,R Parag,9,5,0,1
1304104,Rajasthan Royals,SV Samson,6,4,1,0
1304104,Rajasthan Royals,TA Boult,3,3,0,0
1304104,Rajasthan Royals,YBK Jaiswal,19,19,1,1
1304105,Chennai Super Kings,AT Rayudu,10,14,2,0
1304105,Chennai Super Kings,DJ Bravo,12,15,0,1
1304105,Chennai Super Kings,DP Conway,0,1,0,0
1304105,Chennai Super Kings,M Theekshana,0,3,0,0
1304105,Chennai Super Kings,MM Ali,0,2,0,0
1304105,Chennai Super Kings,MS Dhoni,36,33,4,2
1304105,Chennai Super Kings,Mukesh Choudhary,4,4,1,0
1304105,Chennai Super Kings,RD Gaikwad,7,6,1,0
1304105,Chennai Super Kings,RV Uthappa,1,6,0,0
1304105,Chennai Super Kings,S Dube,10,9,1,0
1304105,Chennai Super Kings,Simarjeet Singh,2,3,0,0
1304105,Mumbai Indians,DR Sams,1,6,0,0
1304105,Mumbai Indians,HR Shokeen,18,23,2,0
1304105,Mumbai Indians,Ishan Kishan,6,5,1,0
1304105,Mumbai Indians,RG Sharma,18,14,4,0
1304105,Mumbai Indians,T Stubbs,0,2,0,0
1304105,Mumbai Indians,TH David,16,7,0,2
1304105,Mumbai Indians,Tilak Varma,34,32,4,0
1304106,Punjab Kings,Harpreet Brar,7,5,0,1
1304106,Punjab Kings,JM Bairstow,66,28,4,7
1304106,Punjab Kings,JM Sharma,9,5,2,0
1304106,Punjab Kings,K Rabada,0,1,0,0
1304106,Punjab Kings,LS Livingstone,70,42,5,4
1304106,Punjab Kings,MA Agarwal,19,16,3,0
1304106,Punjab Kings,PBB Rajapaksa,1,3,0,0
1304106,Punjab Kings,R Dhawan,7,3,0,1
1304106,Punjab Kings,RD Chahar,2,2,0,0
1304106,Punjab Kings,S Dhawan,21,15,2,1
1304106,Royal Challengers Bangalore,F du Plessis,10,8,2,0
1304106,Royal Challengers Bangalore,GJ Maxwell,35,22,3,1
1304106,Royal Challengers Bangalore,HV Patel,11,7,2,0
1304106,Royal Challengers Bangalore,JR Hazlewood,7,4,1,0
1304106,Royal Challengers Bangalore,KD Karthik,11,11,1,0
1304106,Royal Challengers Bangalore,MK Lomror,6,3,0,1
1304106,Royal Challengers Bangalore,Mohammed Siraj,9,13,1,0
1304106,Royal Challengers Bangalore,PWH de Silva,1,3,0,0
1304106,Royal Challengers Bangalore,RM Patidar,26,21,1,2
1304106,Royal Challengers Bangalore,Shahbaz Ahmed,9,14,0,0
1304106,Royal Challengers Bangalore,V Kohli,20,14,2,1
1304107,Kolkata Knight Riders,AD Russell,49,28,3,4
1304107,Kolkata Knight Riders,AM Rahane,28,24,0,3
1304107,Kolkata Knight Riders,N Rana,26,16,1,3
1304107,Kolkata Knight Riders,RK Singh,5,6,0,0
1304107,Kolkata Knight Riders,SP Narine,1,2,0,0
1304107,Kolkata Knight Riders,SS Iyer,15,9,2,0
1304107,Kolkata Knight Riders,SW Billings,34,29,3,1
1304107,Kolkata Knight Riders,VR Iyer,7,6,1,0
1304107,Sunrisers Hyderabad,AK Markram,32,25,0,3
1304107,Sunrisers Hyderabad,Abhishek Sharma,43,28,4,2
1304107,Sunrisers Hyderabad,B Kumar,6,7,1,0
1304107,Sunrisers Hyderabad,KS Williamson,9,17,1,0
1304107,Sunrisers Hyderabad,M Jansen,1,2,0,0
1304107,Sunrisers Hyderabad,N Pooran,2,3,0,0
1304107,Sunrisers Hyderabad,RA Tripathi,9,12,1,0
1304107,Sunrisers Hyderabad,Shashank Singh,11,12,1,0
1304107,Sunrisers Hyderabad,Umran Malik,3,5,0,0
1304107,Sunrisers Hyderabad,Washington Sundar,4,9,0,0
1304108,Chennai Super Kings,DP Conway,5,8,0,0
1304108,Chennai Super Kings,MJ Santner,1,1,0,0
1304108,Chennai Super Kings,MM Ali,21,17,0,2
1304108,Chennai Super Kings,MS Dhoni,7,10,0,0
1304108,Chennai Super Kings,N Jagadeesan,39,33,3,1
1304108,Chennai Super Kings,RD Gaikwad,53,49,4,1
1304108,Chennai Super Kings,S Dube,0,2,0,0
1304108,Gujarat Titans,DA Miller,15,20,1,0
1304108,Gujarat Titans,HH Pandya,7,6,1,0
1304108,Gujarat Titans,MS Wade,20,15,2,0
1304108,Gujarat Titans,Shubman Gill,18,17,3,0
1304108,Gujarat Titans,WP Saha,67,57,8,1
1304109,Lucknow Super Giants,A Badoni,0,1,0,0
1304109,Lucknow Super Giants,Avesh Khan,1,2,0,0
1304109,Lucknow Super Giants,DJ Hooda,59,39,5,2
1304109,Lucknow Super Giants,JO Holder,1,2,0,0
1304109,Lucknow Super Giants,KH Pandya,25,23,1,1
1304109,Lucknow Super Giants,KL Rahul,10,19,0,1
1304109,Lucknow Super Giants,MP Stoinis,27,17,1,2
1304109,Lucknow Super Giants,Mohsin Khan,9,7,1,0
1304109,Lucknow Super Giants,PVD Chameera,0,2,0,0
1304109,Lucknow Super Giants,Q de Kock,7,8,1,0
1304109,Rajasthan Royals,D Padikkal,39,18,5,2
1304109,Rajasthan Royals,JC Buttler,2,6,0,0
1304109,Rajasthan Royals,JDS Neesham,14,12,2,0
1304109,Rajasthan Royals,R Ashwin,10,7,1,0
1304109,Rajasthan Royals,R Parag,19,16,0,1
1304109,Rajasthan Royals,SV Samson,32,24,6,0
1304109,Rajasthan Royals,TA Boult,17,9,2,0
1304109,Rajasthan Royals,YBK Jaiswal,41,28,6,1
1304110,Delhi Capitals,AR Patel,17,20,2,0
1304110,Delhi Capitals,DA Warner,0,1,0,0
1304110,Delhi Capitals,Kuldeep Yadav,2,2,0,0
1304110,Delhi Capitals,Lalit Yadav,24,20,1,1
1304110,Delhi Capitals,MR Marsh,63,48,4,3
1304110,Delhi Capitals,R Powell,2,6,0,0
1304110,Delhi Capitals,RR Pant,7,3,0,1
1304110,Delhi Capitals,SN Khan,32,16,5,1
1304110,Delhi Capitals,SN Thakur,3,4,0,0
1304110,Punjab Kings,Arshdeep Singh,2,3,0,0
1304110,Punjab Kings,Harpreet Brar,1,2,0,0
1304110,Punjab Kings,JM Bairstow,28,15,4,1
1304110,Punjab Kings,JM Sharma,44,34,3,2
1304110,Punjab Kings,K Rabada,6,2,0,1
1304110,Punjab Kings,LS Livingstone,3,5,0,0
1304110,Punjab Kings,MA Agarwal,0,2,0,0
1304110,Punjab Kings,PBB Rajapaksa,4,5,1,0
1304110,Punjab Kings,R Dhawan,4,13,0,0
1304110,Punjab Kings,RD Chahar,25,24,2,1
1304110,Punjab Kings,S Dhawan,19,15,3,0
1304111,Mumbai Indians,DR Sams,15,11,0,1
1304111,Mumbai Indians,Ishan Kishan,43,34,5,1
1304111,Mumbai Indians,JJ Bumrah,0,4,0,0
1304111,Mumbai Indians,R Sanjay Yadav,0,2,0,0
1304111,Mumbai Indians,RG Sharma,48,35,2,4
1304111,Mumbai Indians,Ramandeep Singh,14,6,1,1
1304111,Mumbai Indians,T Stubbs,2,2,0,0
1304111,Mumbai Indians,TH David,46,18,3,4
1304111,Mumbai Indians,Tilak Varma,8,9,1,0
1304111,Sunrisers Hyderabad,AK Markram,2,4,0,0
1304111,Sunrisers Hyderabad,Abhishek Sharma,9,10,1,0
1304111,Sunrisers Hyderabad,KS Williamson,8,7,1,0
1304111,Sunrisers Hyderabad,N Pooran,38,22,2,3
1304111,Sunrisers Hyderabad,PK Garg,42,26,4,2
1304111,Sunrisers Hyderabad,RA Tripathi,76,44,9,3
1304111,Sunrisers Hyderabad,Washington Sundar,9,7,0,0
1304112,Kolkata Knight Riders,A Tomar,4,8,1,0
1304112,Kolkata Knight Riders,AD Russell,5,11,0,0
1304112,Kolkata Knight Riders,N Rana,42,22,9,0
1304112,Kolkata Knight Riders,RK Singh,40,15,2,4
1304112,Kolkata Knight Riders,SP Narine,21,7,0,3
1304112,Kolkata Knight Riders,SS Iyer,50,29,4,3
1304112,Kolkata Knight Riders,SW Billings,36,23,2,3
1304112,Kolkata Knight Riders,UT Yadav,0,1,0,0
1304112,Kolkata Knight Riders,VR Iyer,0,4,0,0
1304112,Lucknow Super Giants,KL Rahul,68,50,3,4
1304112,Lucknow Super Giants,Q de Kock,140,70,10,10
1304113,Gujarat Titans,DA Miller,34,25,0,3
1304113,Gujarat Titans,HH Pandya,62,47,4,3
1304113,Gujarat Titans,MS Wade,16,13,2,1
1304113,Gujarat Titans,R Tewatia,2,3,0,0
1304113,Gujarat Titans,Rashid Khan,19,6,1,2
1304113,Gujarat Titans,Shubman Gill,1,4,0,0
1304113,Gujarat Titans,WP Saha,31,22,4,1
1304113,Royal Challengers Bangalore,F du Plessis,44,38,5,0
1304113,Royal Challengers Bangalore,GJ Maxwell,40,18,5,2
1304113,Royal Challengers Bangalore,KD Karthik,2,2,0,0
1304113,Royal Challengers Bangalore,V Kohli,73,54,8,2
1304114,Chennai Super Kings,AT Rayudu,3,6,0,0
1304114,Chennai Super Kings,DP Conway,16,14,1,1
1304114,Chennai Super Kings,MJ Santner,1,2,0,0
1304114,Chennai Super Kings,MM Ali,93,57,13,3
1304114,Chennai Super Kings,MS Dhoni,26,28,1,1
1304114,Chennai Super Kings,N Jagadeesan,1,4,0,0
1304114,Chennai Super Kings,RD Gaikwad,2,6,0,0
1304114,Chennai Super Kings,Simarjeet Singh,3,3,0,0
1304114,Rajasthan Royals,D Padikkal,3,9,0,0
1304114,Rajasthan Royals,JC Buttler,2,5,0,0
1304114,Rajasthan Royals,R Ashwin,40,23,2,3
1304114,Rajasthan Royals,R Parag,10,10,1,0
1304114,Rajasthan Royals,SO Hetmyer,6,7,1,0
1304114,Rajasthan Royals,SV Samson,15,20,2,0
1304114,Rajasthan Royals,YBK Jaiswal,59,44,8,1
1304115,Delhi Capitals,AR Patel,19,10,0,2
1304115,Delhi Capitals,DA Warner,5,6,1,0
1304115,Delhi Capitals,Kuldeep Yadav,1,1,0,0
1304115,Delhi Capitals,MR Marsh,0,1,0,0
1304115,Delhi Capitals,PP Shaw,24,23,2,1
1304115,Delhi Capitals,R Powell,43,34,1,4
1304115,Delhi Capitals,RR Pant,39,33,4,1
1304115,Delhi Capitals,SN Khan,10,7,0,1
1304115,Delhi Capitals,SN Thakur,4,5,0,0
1304115,Mumbai Indians,D Brevis,37,33,1,3
1304115,Mumbai Indians,DR Sams,0,1,0,0
1304115,Mumbai Indians,Ishan Kishan,48,35,3,4
1304115,Mumbai Indians,RG Sharma,2,13,0,0
1304115,Mumbai Indians,Ramandeep Singh,13,5,2,0
1304115,Mumbai Indians,TH David,34,11,2,4
1304115,Mumbai Indians,Tilak Varma,21,17,1,1
1304116,Punjab Kings,JM Bairstow,23,15,5,0
1304116,Punjab Kings,JM Sharma,19,7,3,1
1304116,Punjab Kings,LS Livingstone,49,22,2,5
1304116,Punjab Kings,M Shahrukh Khan,19,10,2,1
1304116,Punjab Kings,MA Agarwal,1,4,0,0
1304116,Punjab Kings,PN Mankad,4,1,1,0
1304116,Punjab Kings,S Dhawan,39,32,2,2
1304116,Sunrisers Hyderabad,AK Markram,21,17,2,0
1304116,Sunrisers Hyderabad,Abhishek Sharma,43,32,5,2
1304116,Sunrisers Hyderabad,B Kumar,1,1,0,0
1304116,Sunrisers Hyderabad,J Suchith,0,1,0,0
1304116,Sunrisers Hyderabad,N Pooran,5,10,0,0
1304116,Sunrisers Hyderabad,PK Garg,4,7,0,0
1304116,Sunrisers Hyderabad,R Shepherd,26,14,2,2
1304116,Sunrisers Hyderabad,RA Tripathi,20,18,1,1
1304116,Sunrisers Hyderabad,Umran Malik,0,1,0,0
1304116,Sunrisers Hyderabad,Washington Sundar,25,19,3,1
1312197,Gujarat Titans,DA Miller,68,37,3,5
1312197,Gujarat Titans,HH Pandya,40,27,5,0
1312197,Gujarat Titans,MS Wade,35,30,6,0
1312197,Gujarat Titans,Shubman Gill,35,21,5,1
1312197,Gujarat Titans,WP Saha,0,2,0,0
1312197,Rajasthan Royals,D Padikkal,28,20,2,2
1312197,Rajasthan Royals,JC Buttler,89,55,12,2
1312197,Rajasthan Royals,R Ashwin,2,1,0,0
1312197,Rajasthan Royals,R Parag,4,3,0,0
1312197,Rajasthan Royals,SO Hetmyer,4,7,0,0
1312197,Rajasthan Royals,SV Samson,47,26,5,3
1312197,Rajasthan Royals,YBK Jaiswal,3,8,0,0
1312198,Lucknow Super Giants,DJ Hooda,45,26,1,4
1312198,Lucknow Super Giants,E Lewis,2,6,0,0
1312198,Lucknow Super Giants,KH Pandya,0,1,0,0
1312198,Lucknow Super Giants,KL Rahul,79,58,3,5
1312198,Lucknow Super Giants,M Vohra,19,11,1,2
1312198,Lucknow Super Giants,MP Stoinis,9,9,0,1
1312198,Lucknow Super Giants,PVD Chameera,11,4,1,1
1312198,Lucknow Super Giants,Q de Kock,6,5,0,1
1312198,Royal Challengers Bangalore,F du Plessis,0,1,0,0
1312198,Royal Challengers Bangalore,GJ Maxwell,9,10,0,1
1312198,Royal Challengers Bangalore,KD Karthik,37,23,5,1
1312198,Royal Challengers Bangalore,MK Lomror,14,9,2,0
1312198,Royal Challengers Bangalore,RM Patidar,112,53,12,7
1312198,Royal Challengers Bangalore,V Kohli,25,24,2,0
1312199,Rajasthan Royals,D Padikkal,9,12,0,0
1312199,Rajasthan Royals,JC Buttler,106,60,10,6
1312199,Rajasthan Royals,SO Hetmyer,2,3,0,0
1312199,Rajasthan Royals,SV Samson,23,21,1,2
1312199,Rajasthan Royals,YBK Jaiswal,21,13,1,2
1312199,Royal Challengers Bangalore,F du Plessis,25,27,3,0
1312199,Royal Challengers Bangalore,GJ Maxwell,24,13,1,2
1312199,Royal Challengers Bangalore,HV Patel,1,2,0,0
1312199,Royal Challengers Bangalore,JR Hazlewood,1,2,0,0
1312199,Royal Challengers Bangalore,KD Karthik,6,7,0,0
1312199,Royal Challengers Bangalore,MK Lomror,8,10,0,0
1312199,Royal Challengers Bangalore,PWH de Silva,0,1,0,0
1312199,Royal Challengers Bangalore,RM Patidar,58,42,4,3
1312199,Royal Challengers Bangalore,Shahbaz Ahmed,12,8,1,1
1312199,Royal Challengers Bangalore,V Kohli,7,8,0,1
1312200,Gujarat Titans,DA Miller,32,19,3,1
1312200,Gujarat Titans,HH Pandya,34,30,3,1
1312200,Gujarat Titans,MS Wade,8,10,0,1
1312200,Gujarat Titans,Shubman Gill,45,43,3,1
1312200,Gujarat Titans,WP Saha,5,7,1,0
1312200,Rajasthan Royals,D Padikkal,2,10,0,0
1312200,Rajasthan Royals,JC Buttler,39,35,5,0
1312200,Rajasthan Royals,OC McCoy,8,5,0,1
1312200,Rajasthan Royals,R Ashwin,6,9,0,0
1312200,Rajasthan Royals,R Parag,15,15,1,0
1312200,Rajasthan Royals,SO Hetmyer,11,12,2,0
1312200,Rajasthan Royals,SV Samson,14,11,2,0
1312200,Rajasthan Royals,TA Boult,11,7,0,1
1312200,Rajasthan Royals,YBK Jaiswal,22,16,1,2
1359475,Chennai Super Kings,AT Rayudu,12,12,0,1
1359475,Chennai Super Kings,BA Stokes,7,6,1,0
1359475,Chennai Super Kings,DP Conway,1,6,0,0
1359475,Chennai Super Kings,MJ Santner,1,3,0,0
1359475,Chennai Super Kings,MM Ali,23,16,4,1
1359475,Chennai Super Kings,MS Dhoni,14,7,1,1
1359475,Chennai Super Kings,RA Jadeja,1,2,0,0
1359475,Chennai Super Kings,RD Gaikwad,92,50,4,9
1359475,Chennai Super Kings,S Dube,19,18,0,1
1359475,Gujarat Titans,B Sai Sudharsan,22,16,3,0
1359475,Gujarat Titans,HH Pandya,8,11,0,0
1359475,Gujarat Titans,R Tewatia,15,14,1,1
1359475,Gujarat Titans,Rashid Khan,10,3,1,1
1359475,Gujarat Titans,Shubman Gill,63,36,6,3
1359475,Gujarat Titans,V Shankar,27,21,2,1
1359475,Gujarat Titans,WP Saha,25,15,2,2
1359476,Kolkata Knight Riders,AD Russell,35,18,3,2
1359476,Kolkata Knight Riders,AS Roy,4,5,1,0
1359476,Kolkata Knight Riders,Mandeep Singh,2,4,0,0
1359476,Kolkata Knight Riders,N Rana,24,17,3,1
1359476,Kolkata Knight Riders,RK Singh,4,4,0,0
1359476,Kolkata Knight Riders,Rahmanullah Gurbaz,22,16,3,1
1359476,Kolkata Knight Riders,SN Thakur,8,3,0,1
1359476,Kolkata Knight Riders,SP Narine,7,2,0,1
1359476,Kolkata Knight Riders,VR Iyer,34,27,3,1
1359476,Punjab Kings,JM Sharma,21,11,1,2
1359476,Punjab Kings,M Shahrukh Khan,11,7,2,0
1359476,Punjab Kings,P Simran Singh,23,12,2,2
1359476,Punjab Kings,PBB Rajapaksa,50,32,5,2
1359476,Punjab Kings,S Dhawan,40,28,6,0
1359476,Punjab Kings,SM Curran,26,17,0,2
1359476,Punjab Kings,Sikandar Raza,16,13,1,1
1359477,Delhi Capitals,AR Patel,16,11,1,1
1359477,Delhi Capitals,Aman Hakim Khan,4,5,0,0
1359477,Delhi Capitals,C Sakariya,4,4,1,0
1359477,Delhi Capitals,DA Warner,56,48,7,0
1359477,Delhi Capitals,Kuldeep Yadav,6,10,0,0
1359477,Delhi Capitals,MR Marsh,0,1,0,0
1359477,Delhi Capitals,Mukesh Kumar,0,1,0,0
1359477,Delhi Capitals,PP Shaw,12,9,2,0
1359477,Delhi Capitals,R Powell,1,3,0,0
1359477,Delhi Capitals,RR Rossouw,30,20,3,1
1359477,Delhi Capitals,SN Khan,4,8,1,0
1359477,Lucknow Super Giants,A Badoni,18,7,1,2
1359477,Lucknow Super Giants,DJ Hooda,17,18,0,0
1359477,Lucknow Super Giants,K Gowtham,6,1,0,1
1359477,Lucknow Super Giants,KH Pandya,15,13,0,1
1359477,Lucknow Super Giants,KL Rahul,8,12,0,1
1359477,Lucknow Super Giants,KR Mayers,73,38,2,7
1359477,Lucknow Super Giants,MP Stoinis,12,10,0,1
1359477,Lucknow Super Giants,N Pooran,36,21,2,3
1359478,Rajasthan Royals,D Padikkal,2,5,0,0
1359478,Rajasthan Royals,JC Buttler,54,22,7,3
1359478,Rajasthan Royals,R Ashwin,1,2,0,0
1359478,Rajasthan Royals,R Parag,7,6,1,0
1359478,Rajasthan Royals,SO Hetmyer,22,16,1,1
1359478,Rajasthan Royals,SV Samson,55,32,3,4
1359478,Rajasthan Royals,YBK Jaiswal,54,37,9,0
1359478,Sunrisers Hyderabad,AU Rashid,18,12,1,1
1359478,Sunrisers Hyderabad,Abdul Samad,32,31,2,1
1359478,Sunrisers Hyderabad,Abhishek Sharma,0,3,0,0
1359478,Sunrisers Hyderabad,B Kumar,6,10,0,0
1359478,Sunrisers Hyderabad,GD Phillips,8,6,0,1
1359478,Sunrisers Hyderabad,HC Brook,13,21,1,0
1359478,Sunrisers Hyderabad,MA Agarwal,27,23,3,0
1359478,Sunrisers Hyderabad,RA Tripathi,0,2,0,0
1359478,Sunrisers Hyderabad,Umran Malik,19,7,1,2
1359478,Sunrisers Hyderabad,Washington Sundar,1,5,0,0
1359479,Mumbai Indians,Arshad Khan,15,9,0,1
1359479,Mumbai Indians,C Green,5,4,1,0
1359479,Mumbai Indians,HR Shokeen,5,3,1,0
1359479,Mumbai Indians,Ishan Kishan,10,13,2,0
1359479,Mumbai Indians,N Wadhera,21,13,1,2
1359479,Mumbai Indians,RG Sharma,1,10,0,0
1359479,Mumbai Indians,SA Yadav,15,16,1,0
1359479,Mumbai Indians,TH David,4,7,0,0
1359479,Mumbai Indians,Tilak Varma,84,45,9,4
1359479,Royal Challengers Bangalore,F du Plessis,73,43,5,6
1359479,Royal Challengers Bangalore,GJ Maxwell,12,3,0,2
1359479,Royal Challengers Bangalore,KD Karthik,0,3,0,0
1359479,Royal Challengers Bangalore,V Kohli,82,49,6,5
1359480,Chennai Super Kings,AT Rayudu,27,14,2,2
1359480,Chennai Super Kings,BA Stokes,8,8,1,0
1359480,Chennai Super Kings,DP Conway,47,28,5,2
1359480,Chennai Super Kings,MJ Santner,1,1,0,0
1359480,Chennai Super Kings,MM Ali,19,13,3,0
1359480,Chennai Super Kings,MS Dhoni,12,3,0,2
1359480,Chennai Super Kings,RA Jadeja,3,6,0,0
1359480,Chennai Super Kings,RD Gaikwad,57,31,3,4
1359480,Chennai Super Kings,S Dube,27,16,1,3
1359480,Lucknow Super Giants,A Badoni,23,18,0,0
1359480,Lucknow Super Giants,DJ Hooda,2,6,0,0
1359480,Lucknow Super Giants,K Gowtham,17,11,0,1
1359480,Lucknow Super Giants,KH Pandya,9,9,0,1
1359480,Lucknow Super Giants,KL Rahul,20,18,2,0
1359480,Lucknow Super Giants,KR Mayers,53,20,8,2
1359480,Lucknow Super Giants,MA Wood,10,3,1,1
1359480,Lucknow Super Giants,MP Stoinis,21,18,0,1
1359480,Lucknow Super Giants,N Pooran,32,18,2,3
1359481,Delhi Capitals,A Nortje,4,2,1,0
1359481,Delhi Capitals,AR Patel,36,22,2,3
1359481,Delhi Capitals,Abishek Porel,20,11,0,2
1359481,Delhi Capitals,Aman Hakim Khan,8,8,0,1
1359481,Delhi Capitals,DA Warner,37,32,7,0
1359481,Delhi Capitals,Kuldeep Yadav,1,1,0,0
1359481,Delhi Capitals,MR Marsh,4,4,1,0
1359481,Delhi Capitals,PP Shaw,7,5,1,0
1359481,Delhi Capitals,RR Rossouw,0,1,0,0
1359481,Delhi Capitals,SN Khan,30,34,2,0
1359481,Gujarat Titans,B Sai Sudharsan,62,48,4,2
1359481,Gujarat Titans,DA Miller,31,16,2,2
1359481,Gujarat Titans,HH Pandya,5,3,1,0
1359481,Gujarat Titans,Shubman Gill,14,12,3,0
1359481,Gujarat Titans,V Shankar,29,23,3,0
1359481,Gujarat Titans,WP Saha,14,7,2,1
1359482,Punjab Kings,JM Sharma,27,16,2,1
1359482,Punjab Kings,M Shahrukh Khan,11,10,1,0
1359482,Punjab Kings,P Simran Singh,60,34,7,3
1359482,Punjab Kings,PBB Rajapaksa,1,1,0,0
1359482,Punjab Kings,S Dhawan,86,56,9,3
1359482,Punjab Kings,SM Curran,1,2,0,0
1359482,Punjab Kings,Sikandar Raza,1,2,0,0
1359482,Rajasthan Royals,D Padikkal,21,26,1,0
1359482,Rajasthan Royals,Dhruv Jurel,32,15,3,2
1359482,Rajasthan Royals,JC Buttler,19,11,1,1
1359482,Rajasthan Royals,JO Holder,1,1,0,0
1359482,Rajasthan Royals,R Ashwin,0,4,0,0
1359482,Rajasthan Royals,R Parag,20,12,1,2
1359482,Rajasthan Royals,SO Hetmyer,36,18,1,3
1359482,Rajasthan Royals,SV Samson,42,25,5,1
1359482,Rajasthan Royals,YBK Jaiswal,11,8,1,1
1359483,Kolkata Knight Riders,AD Russell,0,1,0,0
1359483,Kolkata Knight Riders,Mandeep Singh,0,1,0,0
1359483,Kolkata Knight Riders,N Rana,1,5,0,0
1359483,Kolkata Knight Riders,RK Singh,46,31,2,3
1359483,Kolkata Knight Riders,Rahmanullah Gurbaz,57,43,6,3
1359483,Kolkata Knight Riders,SN Thakur,68,29,9,3
1359483,Kolkata Knight Riders,SP Narine,0,1,0,0
1359483,Kolkata Knight Riders,UT Yadav,6,2,1,0
1359483,Kolkata Knight Riders,VR Iyer,3,7,0,0
1359483,Royal Challengers Bangalore,Akash Deep,17,8,2,1
1359483,Royal Challengers Bangalore,Anuj Rawat,1,5,0,0
1359483,Royal Challengers Bangalore,DJ Willey,20,20,2,0
1359483,Royal Challengers Bangalore,F du Plessis,23,12,2,2
1359483,Royal Challengers Bangalore,GJ Maxwell,5,7,1,0
1359483,Royal Challengers Bangalore,HV Patel,0,2,0,0
1359483,Royal Challengers Bangalore,KD Karthik,9,8,1,0
1359483,Royal Challengers Bangalore,KV Sharma,1,3,0,0
1359483,Royal Challengers Bangalore,MG Bracewell,19,18,1,1
1359483,Royal Challengers Bangalore,Shahbaz Ahmed,1,5,0,0
1359483,Royal Challengers Bangalore,V Kohli,21,18,3,0
1359484,Lucknow Super Giants,DJ Hooda,7,8,0,1
1359484,Lucknow Super Giants,KH Pandya,34,23,4,1
1359484,Lucknow Super Giants,KL Rahul,35,31,4,0
1359484,Lucknow Super Giants,KR Mayers,13,14,2,0
1359484,Lucknow Super Giants,MP Stoinis,10,13,2,0
1359484,Lucknow Super Giants,N Pooran,11,6,1,1
1359484,Lucknow Super Giants,R Shepherd,0,1,0,0
1359484,Sunrisers Hyderabad,AK Markram,0,1,0,0
1359484,Sunrisers Hyderabad,AU Rashid,4,3,1,0
1359484,Sunrisers Hyderabad,Abdul Samad,21,10,1,2
1359484,Sunrisers Hyderabad,Anmolpreet Singh,31,26,3,1
1359484,Sunrisers Hyderabad,HC Brook,3,4,0,0
1359484,Sunrisers Hyderabad,MA Agarwal,8,7,1,0
1359484,Sunrisers Hyderabad,RA Tripathi,34,41,4,0
1359484,Sunrisers Hyderabad,Washington Sundar,16,28,0,0
1359485,Delhi Capitals,A Nortje,0,1,0,0
1359485,Delhi Capitals,AR Patel,2,6,0,0
1359485,Delhi Capitals,Abishek Porel,7,9,1,0
1359485,Delhi Capitals,DA Warner,65,54,7,0
1359485,Delhi Capitals,Kuldeep Yadav,3,7,0,0
1359485,Delhi Capitals,Lalit Yadav,38,24,5,0
1359485,Delhi Capitals,MK Pandey,0,1,0,0
1359485,Delhi Capitals,Mukesh Kumar,1,1,0,0
1359485,Delhi Capitals,PP Shaw,0,3,0,0
1359485,Delhi Capitals,R Powell,2,2,0,0
1359485,Delhi Capitals,RR Rossouw,14,12,2,0
1359485,Rajasthan Royals,Dhruv Jurel,8,3,0,1
1359485,Rajasthan Royals,JC Buttler,79,51,11,1
1359485,Rajasthan Royals,R Parag,7,11,0,0
1359485,Rajasthan Royals,SO Hetmyer,39,20,1,4
1359485,Rajasthan Royals,SV Samson,0,4,0,0
1359485,Rajasthan Royals,YBK Jaiswal,60,31,11,1
1359486,Chennai Super Kings,AM Rahane,61,27,7,3
1359486,Chennai Super Kings,AT Rayudu,20,16,3,0
1359486,Chennai Super Kings,DP Conway,0,4,0,0
1359486,Chennai Super Kings,RD Gaikwad,40,36,2,1
1359486,Chennai Super Kings,S Dube,28,26,2,1
1359486,Mumbai Indians,Arshad Khan,2,4,0,0
1359486,Mumbai Indians,C Green,12,11,1,0
1359486,Mumbai Indians,HR Shokeen,18,13,3,0
1359486,Mumbai Indians,Ishan Kishan,32,21,5,0
1359486,Mumbai Indians,PP Chawla,5,6,0,0
1359486,Mumbai Indians,RG Sharma,21,13,3,1
1359486,Mumbai Indians,SA Yadav,1,2,0,0
1359486,Mumbai Indians,T Stubbs,5,10,0,0
1359486,Mumbai Indians,TH David,31,22,1,2
1359486,Mumbai Indians,Tilak Varma,22,18,2,1
1359487,Gujarat Titans,A Manohar,14,8,3,0
1359487,Gujarat Titans,B Sai Sudharsan,53,38,3,2
1359487,Gujarat Titans,DA Miller,2,3,0,0
1359487,Gujarat Titans,Shubman Gill,39,31,5,0
1359487,Gujarat Titans,V Shankar,63,23,4,5
1359487,Gujarat Titans,WP Saha,17,17,3,0
1359487,Kolkata Knight Riders,AD Russell,1,2,0,0
1359487,Kolkata Knight Riders,N Jagadeesan,6,8,1,0
1359487,Kolkata Knight Riders,N Rana,45,29,4,3
1359487,Kolkata Knight Riders,RK Singh,48,21,1,6
1359487,Kolkata Knight Riders,Rahmanullah Gurbaz,15,12,1,1
1359487,Kolkata Knight Riders,SN Thakur,0,1,0,0
1359487,Kolkata Knight Riders,SP Narine,0,1,0,0
1359487,Kolkata Knight Riders,UT Yadav,5,6,0,0
1359487,Kolkata Knight Riders,VR Iyer,83,40,8,5
1359488,Punjab Kings,Harpreet Brar,1,2,0,0
1359488,Punjab Kings,JM Sharma,4,9,1,0
1359488,Punjab Kings,M Shahrukh Khan,4,3,1,0
1359488,Punjab Kings,MW Short,1,3,0,0
1359488,Punjab Kings,Mohit Rathee,1,2,0,0
1359488,Punjab Kings,NT Ellis,0,5,0,0
1359488,Punjab Kings,P Simran Singh,0,1,0,0
1359488,Punjab Kings,RD Chahar,0,8,0,0
1359488,Punjab Kings,S Dhawan,99,66,12,5
1359488,Punjab Kings,SM Curran,22,15,3,1
1359488,Punjab Kings,Sikandar Raza,5,6,0,0
1359488,Sunrisers Hyderabad,AK Markram,37,21,6,0
1359488,Sunrisers Hyderabad,HC Brook,13,14,3,0
1359488,Sunrisers Hyderabad,MA Agarwal,21,20,3,0
1359488,Sunrisers Hyderabad,RA Tripathi,74,48,10,3
1359489,Lucknow Super Giants,A Badoni,30,24,4,0
1359489,Lucknow Super Giants,Avesh Khan,0,1,0,0
1359489,Lucknow Super Giants,DJ Hooda,9,10,1,0
1359489,Lucknow Super Giants,JD Unadkat,9,7,1,0
1359489,Lucknow Super Giants,KH Pandya,0,2,0,0
1359489,Lucknow Super Giants,KL Rahul,18,20,1,0
1359489,Lucknow Super Giants,KR Mayers,0,3,0,0
1359489,Lucknow Super Giants,MA Wood,1,2,0,0
1359489,Lucknow Super Giants,MP Stoinis,65,30,6,5
1359489,Lucknow Super Giants,N Pooran,62,19,4,7
1359489,Lucknow Super Giants,Ravi Bishnoi,3,2,0,0
1359489,Royal Challengers Bangalore,F du Plessis,79,46,5,5
1359489,Royal Challengers Bangalore,GJ Maxwell,59,29,3,6
1359489,Royal Challengers Bangalore,KD Karthik,1,1,0,0
1359489,Royal Challengers Bangalore,V Kohli,61,44,4,4
1359490,Delhi Capitals,A Nortje,5,3,1,0
1359490,Delhi Capitals,AR Patel,54,24,4,5
1359490,Delhi Capitals,Abishek Porel,1,3,0,0
1359490,Delhi Capitals,DA Warner,51,47,6,0
1359490,Delhi Capitals,Kuldeep Yadav,0,1,0,0
1359490,Delhi Capitals,Lalit Yadav,2,4,0,0
1359490,Delhi Capitals,MK Pandey,26,17,5,0
1359490,Delhi Capitals,Mustafizur Rahman,1,1,0,0
1359490,Delhi Capitals,PP Shaw,15,10,3,0
1359490,Delhi Capitals,R Powell,4,4,1,0
1359490,Delhi Capitals,YV Dhull,2,4,0,0
1359490,Mumbai Indians,C Green,17,8,1,1
1359490,Mumbai Indians,Ishan Kishan,31,26,6,0
1359490,Mumbai Indians,RG Sharma,65,45,6,4
1359490,Mumbai Indians,SA Yadav,0,1,0,0
1359490,Mumbai Indians,TH David,13,11,0,1
1359490,Mumbai Indians,Tilak Varma,41,29,1,4
1359491,Chennai Super Kings,AM Rahane,31,19,2,1
1359491,Chennai Super Kings,AT Rayudu,1,2,0,0
1359491,Chennai Super Kings,DP Conway,50,38,6,0
1359491,Chennai Super Kings,MM Ali,7,10,0,0
1359491,Chennai Super Kings,MS Dhoni,32,17,1,3
1359491,Chennai Super Kings,RA Jadeja,25,15,1,2
1359491,Chennai Super Kings,RD Gaikwad,8,10,1,0
1359491,Chennai Super Kings,S Dube,8,9,1,0
1359491,Rajasthan Royals,A Zampa,1,1,0,0
1359491,Rajasthan Royals,D Padikkal,38,26,5,0
1359491,Rajasthan Royals,Dhruv Jurel,4,6,0,0
1359491,Rajasthan Royals,JC Buttler,52,36,1,3
1359491,Rajasthan Royals,JO Holder,0,1,0,0
1359491,Rajasthan Royals,R Ashwin,30,22,1,2
1359491,Rajasthan Royals,SO Hetmyer,30,18,2,2
1359491,Rajasthan Royals,SV Samson,0,2,0,0
1359491,Rajasthan Royals,YBK Jaiswal,10,8,2,0
1359492,Gujarat Titans,B Sai Sudharsan,19,20,2,0
1359492,Gujarat Titans,DA Miller,17,18,1,0
1359492,Gujarat Titans,HH Pandya,8,11,1,0
1359492,Gujarat Titans,R Tewatia,5,2,1,0
1359492,Gujarat Titans,Shubman Gill,67,49,7,1
1359492,Gujarat Titans,WP Saha,30,19,5,0
1359492,Punjab Kings,Harpreet Brar,8,5,0,1
1359492,Punjab Kings,JM Sharma,25,23,5,0
1359492,Punjab Kings,M Shahrukh Khan,22,9,1,2
1359492,Punjab Kings,MW Short,36,24,6,1
1359492,Punjab Kings,P Simran Singh,0,2,0,0
1359492,Punjab Kings,PBB Rajapaksa,20,26,1,0
1359492,Punjab Kings,R Dhawan,1,1,0,0
1359492,Punjab Kings,S Dhawan,8,8,2,0
1359492,Punjab Kings,SM Curran,22,22,1,1
1359493,Kolkata Knight Riders,AD Russell,3,6,0,0
1359493,Kolkata Knight Riders,N Jagadeesan,36,21,5,1
1359493,Kolkata Knight Riders,N Rana,75,41,5,6
1359493,Kolkata Knight Riders,RK Singh,58,30,4,4
1359493,Kolkata Knight Riders,Rahmanullah Gurbaz,0,3,0,0
1359493,Kolkata Knight Riders,SN Thakur,12,7,2,0
1359493,Kolkata Knight Riders,SP Narine,0,1,0,0
1359493,Kolkata Knight Riders,UT Yadav,1,1,0,0
1359493,Kolkata Knight Riders,VR Iyer,10,11,2,0
1359493,Sunrisers Hyderabad,AK Markram,50,26,2,5
1359493,Sunrisers Hyderabad,Abhishek Sharma,32,17,3,2
1359493,Sunrisers Hyderabad,H Klaasen,16,6,2,1
1359493,Sunrisers Hyderabad,HC Brook,100,54,12,3
1359493,Sunrisers Hyderabad,MA Agarwal,9,13,0,0
1359493,Sunrisers Hyderabad,RA Tripathi,9,4,2,0
1359494,Delhi Capitals,A Nortje,23,14,4,0
1359494,Delhi Capitals,AR Patel,21,14,3,0
1359494,Delhi Capitals,Abishek Porel,5,8,0,0
1359494,Delhi Capitals,Aman Hakim Khan,18,10,1,1
1359494,Delhi Capitals,DA Warner,19,13,4,0
1359494,Delhi Capitals,Kuldeep Yadav,7,6,1,0
1359494,Delhi Capitals,Lalit Yadav,4,7,0,0
1359494,Delhi Capitals,MK Pandey,50,38,5,1
1359494,Delhi Capitals,MR Marsh,0,4,0,0
1359494,Delhi Capitals,PP Shaw,0,2,0,0
1359494,Delhi Capitals,YV Dhull,1,4,0,0
1359494,Royal Challengers Bangalore,Anuj Rawat,15,22,1,0
1359494,Royal Challengers Bangalore,F du Plessis,22,16,3,1
1359494,Royal Challengers Bangalore,GJ Maxwell,24,14,0,3
1359494,Royal Challengers Bangalore,HV Patel,6,4,0,1
1359494,Royal Challengers Bangalore,KD Karthik,0,1,0,0
1359494,Royal Challengers Bangalore,MK Lomror,26,17,0,2
1359494,Royal Challengers Bangalore,Shahbaz Ahmed,20,12,3,0
1359494,Royal Challengers Bangalore,V Kohli,50,34,6,1
1359495,Lucknow Super Giants,A Badoni,5,6,0,0
1359495,Lucknow Super Giants,DJ Hooda,2,3,0,0
1359495,Lucknow Super Giants,K Gowtham,1,2,0,0
1359495,Lucknow Super Giants,KH Pandya,18,17,2,0
1359495,Lucknow Super Giants,KL Rahul,74,56,8,1
1359495,Lucknow Super Giants,KR Mayers,29,23,1,3
1359495,Lucknow Super Giants,MP Stoinis,15,11,0,2
1359495,Lucknow Super Giants,N Pooran,0,1,0,0
1359495,Lucknow Super Giants,Ravi Bishnoi,3,1,0,0
1359495,Lucknow Super Giants,Yudhvir Singh,0,1,0,0
1359495,Punjab Kings,Atharva Taide,0,3,0,0
1359495,Punjab Kings,Harpreet Brar,6,4,1,0
1359495,Punjab Kings,Harpreet Singh,22,22,3,0
1359495,Punjab Kings,JM Sharma,2,4,0,0
1359495,Punjab Kings,K Rabada,0,1,0,0
1359495,Punjab Kings,M Shahrukh Khan,23,10,1,2
1359495,Punjab Kings,MW Short,34,22,5,1
1359495,Punjab Kings,P Simran Singh,4,4,1,0
1359495,Punjab Kings,SM Curran,6,6,1,0
1359495,Punjab Kings,Sikandar Raza,57,41,4,3
1359496,Kolkata Knight Riders,AD Russell,21,11,3,1
1359496,Kolkata Knight Riders,N Jagadeesan,0,5,0,0
1359496,Kolkata Knight Riders,N Rana,5,10,0,0
1359496,Kolkata Knight Riders,RK Singh,18,18,2,0
1359496,Kolkata Knight Riders,Rahmanullah Gurbaz,8,12,0,0
1359496,Kolkata Knight Riders,SN Thakur,13,11,1,0
1359496,Kolkata Knight Riders,SP Narine,2,2,0,0
1359496,Kolkata Knight Riders,VR Iyer,104,51,6,9
1359496,Mumbai Indians,C Green,1,1,0,0
1359496,Mumbai Indians,Ishan Kishan,58,25,5,5
1359496,Mumbai Indians,N Wadhera,6,4,1,0
1359496,Mumbai Indians,RG Sharma,20,13,1,2
1359496,Mumbai Indians,SA Yadav,43,25,4,3
1359496,Mumbai Indians,TH David,24,13,1,2
1359496,Mumbai Indians,Tilak Varma,30,25,3,1
1359497,Gujarat Titans,A Manohar,27,13,0,3
1359497,Gujarat Titans,B Sai Sudharsan,20,19,2,0
1359497,Gujarat Titans,DA Miller,46,30,3,2
1359497,Gujarat Titans,HH Pandya,28,19,3,1
1359497,Gujarat Titans,R Tewatia,1,1,0,0
1359497,Gujarat Titans,Rashid Khan,1,1,0,0
1359497,Gujarat Titans,Shubman Gill,45,34,4,1
1359497,Gujarat Titans,WP Saha,4,3,1,0
1359497,Rajasthan Royals,D Padikkal,26,25,2,2
1359497,Rajasthan Royals,Dhruv Jurel,18,10,2,1
1359497,Rajasthan Royals,JC Buttler,0,5,0,0
1359497,Rajasthan Royals,R Ashwin,10,3,1,1
1359497,Rajasthan Royals,R Parag,5,7,0,0
1359497,Rajasthan Royals,SO Hetmyer,56,26,2,5
1359497,Rajasthan Royals,SV Samson,60,32,3,6
1359497,Rajasthan Royals,TA Boult,0,1,0,0
1359497,Rajasthan Royals,YBK Jaiswal,1,7,0,0
1359498,Chennai Super Kings,AM Rahane,37,20,3,2
1359498,Chennai Super Kings,AT Rayudu,14,6,1,1
1359498,Chennai Super Kings,DP Conway,83,45,6,6
1359498,Chennai Super Kings,MM Ali,19,7,0,2
1359498,Chennai Super Kings,MS Dhoni,1,1,0,0
1359498,Chennai Super Kings,RA Jadeja,10,8,0,1
1359498,Chennai Super Kings,RD Gaikwad,3,6,0,0
1359498,Chennai Super Kings,S Dube,52,27,2,5
1359498,Royal Challengers Bangalore,F du Plessis,62,33,5,4
1359498,Royal Challengers Bangalore,GJ Maxwell,76,36,3,8
1359498,Royal Challengers Bangalore,KD Karthik,28,14,3,1
1359498,Royal Challengers Bangalore,MK Lomror,0,5,0,0
1359498,Royal Challengers Bangalore,PWH de Silva,2,2,0,0
1359498,Royal Challengers Bangalore,SS Prabhudessai,19,11,0,2
1359498,Royal Challengers Bangalore,Shahbaz Ahmed,12,10,0,1
1359498,Royal Challengers Bangalore,V Kohli,6,4,1,0
1359498,Royal Challengers Bangalore,WD Parnell,2,5,0,0
1359499,Mumbai Indians,C Green,64,40,6,2
1359499,Mumbai Indians,Ishan Kishan,38,31,3,2
1359499,Mumbai Indians,RG Sharma,28,18,6,0
1359499,Mumbai Indians,SA Yadav,7,3,0,1
1359499,Mumbai Indians,TH David,16,11,2,0
1359499,Mumbai Indians,Tilak Varma,37,17,2,4
1359499,Sunrisers Hyderabad,AK Markram,22,17,1,1
1359499,Sunrisers Hyderabad,Abdul Samad,9,12,1,0
1359499,Sunrisers Hyderabad,Abhishek Sharma,1,2,0,0
1359499,Sunrisers Hyderabad,B Kumar,2,5,0,0
1359499,Sunrisers Hyderabad,H Klaasen,36,16,4,2
1359499,Sunrisers Hyderabad,HC Brook,9,7,2,0
1359499,Sunrisers Hyderabad,M Jansen,13,6,3,0
1359499,Sunrisers Hyderabad,M Markande,2,2,0,0
1359499,Sunrisers Hyderabad,MA Agarwal,48,41,4,1
1359499,Sunrisers Hyderabad,RA Tripathi,7,5,1,0
1359499,Sunrisers Hyderabad,Washington Sundar,10,6,2,0
1359500,Lucknow Super Giants,A Badoni,1,4,0,0
1359500,Lucknow Super Giants,DJ Hooda,2,4,0,0
1359500,Lucknow Super Giants,KH Pandya,4,2,1,0
1359500,Lucknow Super Giants,KL Rahul,39,32,4,1
1359500,Lucknow Super Giants,KR Mayers,51,41,4,3
1359500,Lucknow Super Giants,MP Stoinis,21,16,2,0
1359500,Lucknow Super Giants,N Pooran,29,20,2,1
1359500,Lucknow Super Giants,Yudhvir Singh,1,1,0,0
1359500,Rajasthan Royals,D Padikkal,26,21,4,0
1359500,Rajasthan Royals,Dhruv Jurel,0,1,0,0
1359500,Rajasthan Royals,JC Buttler,40,40,4,1
1359500,Rajasthan Royals,R Ashwin,3,2,0,0
1359500,Rajasthan Royals,R Parag,15,12,1,1
1359500,Rajasthan Royals,SO Hetmyer,2,5,0,0
1359500,Rajasthan Royals,SV Samson,2,4,0,0
1359500,Rajasthan Royals,YBK Jaiswal,44,35,4,2
1359501,Punjab Kings,Atharva Taide,4,2,1,0
1359501,Punjab Kings,Harpreet Brar,13,13,1,0
1359501,Punjab Kings,Harpreet Singh,13,9,1,1
1359501,Punjab Kings,JM Sharma,41,26,2,3
1359501,Punjab Kings,LS Livingstone,2,4,0,0
1359501,Punjab Kings,M Shahrukh Khan,7,5,0,1
1359501,Punjab Kings,MW Short,8,7,0,1
1359501,Punjab Kings,NT Ellis,1,2,0,0
1359501,Punjab Kings,P Simran Singh,46,30,3,4
1359501,Punjab Kings,SM Curran,10,12,1,0
1359501,Royal Challengers Bangalore,F du Plessis,84,55,5,5
1359501,Royal Challengers Bangalore,GJ Maxwell,0,1,0,0
1359501,Royal Challengers Bangalore,KD Karthik,7,5,1,0
1359501,Royal Challengers Bangalore,MK Lomror,7,9,1,0
1359501,Royal Challengers Bangalore,Shahbaz Ahmed,5,3,0,0
1359501,Royal Challengers Bangalore,V Kohli,59,47,5,1
1359502,Delhi Capitals,AR Patel,19,21,1,0
1359502,Delhi Capitals,Aman Hakim Khan,0,2,0,0
1359502,Delhi Capitals,DA Warner,57,41,11,0
1359502,Delhi Capitals,Lalit Yadav,4,7,0,0
1359502,Delhi Capitals,MK Pandey,21,23,2,0
1359502,Delhi Capitals,MR Marsh,2,9,0,0
1359502,Delhi Capitals,PD Salt,5,3,1,0
1359502,Delhi Capitals,PP Shaw,13,10,2,0
1359502,Kolkata Knight Riders,AD Russell,38,31,1,4
1359502,Kolkata Knight Riders,AS Roy,0,1,0,0
1359502,Kolkata Knight Riders,CV Varun,1,6,0,0
1359502,Kolkata Knight Riders,JJ Roy,43,39,5,1
1359502,Kolkata Knight Riders,Liton Das,4,4,1,0
1359502,Kolkata Knight Riders,Mandeep Singh,12,11,0,1
1359502,Kolkata Knight Riders,N Rana,4,7,1,0
1359502,Kolkata Knight Riders,RK Singh,6,8,1,0
1359502,Kolkata Knight Riders,SP Narine,4,6,1,0
1359502,Kolkata Knight Riders,UT Yadav,3,5,0,0
1359502,Kolkata Knight Riders,VR Iyer,0,2,0,0
1359503,Chennai Super Kings,AM Rahane,9,10,0,0
1359503,Chennai Super Kings,AT Rayudu,9,9,1,0
1359503,Chennai Super Kings,DP Conway,77,57,12,1
1359503,Chennai Super Kings,MM Ali,6,6,1,0
1359503,Chennai Super Kings,RD Gaikwad,35,30,2,0
1359503,Sunrisers Hyderabad,AK Markram,12,12,1,0
1359503,Sunrisers Hyderabad,Abhishek Sharma,34,26,3,1
1359503,Sunrisers Hyderabad,H Klaasen,17,16,1,0
1359503,Sunrisers Hyderabad,HC Brook,18,13,3,0
1359503,Sunrisers Hyderabad,M Jansen,17,22,1,0
1359503,Sunrisers Hyderabad,MA Agarwal,2,4,0,0
1359503,Sunrisers Hyderabad,RA Tripathi,21,21,1,1
1359503,Sunrisers Hyderabad,Washington Sundar,9,6,1,0
1359504,Gujarat Titans,A Manohar,3,5,0,0
1359504,Gujarat Titans,DA Miller,6,12,0,0
1359504,Gujarat Titans,HH Pandya,66,50,2,4
1359504,Gujarat Titans,R Tewatia,2,2,0,0
1359504,Gujarat Titans,Shubman Gill,0,2,0,0
1359504,Gujarat Titans,V Shankar,10,12,1,0
1359504,Gujarat Titans,WP Saha,47,37,6,0
1359504,Lucknow Super Giants,A Badoni,8,6,0,0
1359504,Lucknow Super Giants,DJ Hooda,2,2,0,0
1359504,Lucknow Super Giants,KH Pandya,23,23,2,1
1359504,Lucknow Super Giants,KL Rahul,68,61,8,0
1359504,Lucknow Super Giants,KR Mayers,24,19,2,1
1359504,Lucknow Super Giants,MP Stoinis,0,1,0,0
1359504,Lucknow Super Giants,N Pooran,1,7,0,0
1359504,Lucknow Super Giants,Ravi Bishnoi,0,1,0,0
1359505,Mumbai Indians,C Green,67,43,6,3
1359505,Mumbai Indians,Ishan Kishan,1,4,0,0
1359505,Mumbai Indians,JC Archer,1,2,0,0
1359505,Mumbai Indians,N Wadhera,0,1,0,0
1359505,Mumbai Indians,RG Sharma,44,27,4,3
1359505,Mumbai Indians,SA Yadav,57,26,7,3
1359505,Mumbai Indians,TH David,25,13,0,2
1359505,Mumbai Indians,Tilak Varma,3,4,0,0
1359505,Punjab Kings,Atharva Taide,29,17,3,1
1359505,Punjab Kings,Harpreet Brar,5,2,1,0
1359505,Punjab Kings,Harpreet Singh,41,27,4,2
1359505,Punjab Kings,JM Sharma,25,7,0,4
1359505,Punjab Kings,LS Livingstone,10,12,0,1
1359505,Punjab Kings,MW Short,11,10,2,0
1359505,Punjab Kings,P Simran Singh,26,17,1,2
1359505,Punjab Kings,SM Curran,55,28,5,4
1359506,Rajasthan Royals,Abdul Basith,1,1,0,0
1359506,Rajasthan Royals,D Padikkal,52,34,7,1
1359506,Rajasthan Royals,Dhruv Jurel,34,16,2,2
1359506,Rajasthan Royals,JC Buttler,0,2,0,0
1359506,Rajasthan Royals,R Ashwin,12,6,2,0
1359506,Rajasthan Royals,SO Hetmyer,3,9,0,0
1359506,Rajasthan Royals,SV Samson,22,15,2,1
1359506,Rajasthan Royals,YBK Jaiswal,47,37,5,2
1359506,Royal Challengers Bangalore,DJ Willey,4,2,1,0
1359506,Royal Challengers Bangalore,F du Plessis,62,39,8,2
1359506,Royal Challengers Bangalore,GJ Maxwell,77,44,6,4
1359506,Royal Challengers Bangalore,KD Karthik,16,13,2,0
1359506,Royal Challengers Bangalore,MK Lomror,8,6,1,0
1359506,Royal Challengers Bangalore,Mohammed Siraj,1,1,0,0
1359506,Royal Challengers Bangalore,PWH de Silva,6,7,0,0
1359506,Royal Challengers Bangalore,SS Prabhudessai,0,2,0,0
1359506,Royal Challengers Bangalore,Shahbaz Ahmed,2,4,0,0
1359506,Royal Challengers Bangalore,V Kohli,0,1,0,0
1359506,Royal Challengers Bangalore,Vijaykumar Vyshak,0,1,0,0
1359507,Chennai Super Kings,AM Rahane,71,29,6,5
1359507,Chennai Super Kings,DP Conway,56,40,4,3
1359507,Chennai Super Kings,MS Dhoni,2,2,0,0
1359507,Chennai Super Kings,RA Jadeja,18,8,0,2
1359507,Chennai Super Kings,RD Gaikwad,35,20,2,3
1359507,Chennai Super Kings,S Dube,50,21,2,5
1359507,Kolkata Knight Riders,AD Russell,9,6,0,1
1359507,Kolkata Knight Riders,CV Varun,0,3,0,0
1359507,Kolkata Knight Riders,D Wiese,1,2,0,0
1359507,Kolkata Knight Riders,JJ Roy,61,26,5,5
1359507,Kolkata Knight Riders,N Jagadeesan,1,3,0,0
1359507,Kolkata Knight Riders,N Rana,27,20,4,1
1359507,Kolkata Knight Riders,RK Singh,53,33,3,4
1359507,Kolkata Knight Riders,SP Narine,0,3,0,0
1359507,Kolkata Knight Riders,UT Yadav,4,4,0,0
1359507,Kolkata Knight Riders,VR Iyer,20,20,2,1
1359508,Delhi Capitals,A Nortje,2,2,0,0
1359508,Delhi Capitals,AR Patel,34,34,4,0
1359508,Delhi Capitals,Aman Hakim Khan,4,2,1,0
1359508,Delhi Capitals,DA Warner,21,20,2,1
1359508,Delhi Capitals,I Sharma,1,1,0,0
1359508,Delhi Capitals,Kuldeep Yadav,4,3,1,0
1359508,Delhi Capitals,MK Pandey,34,27,2,0
1359508,Delhi Capitals,MR Marsh,25,15,5,0
1359508,Delhi Capitals,PD Salt,0,1,0,0
1359508,Delhi Capitals,RV Patel,5,6,0,0
1359508,Delhi Capitals,SN Khan,10,9,0,1
1359508,Sunrisers Hyderabad,AK Markram,3,5,0,0
1359508,Sunrisers Hyderabad,Abhishek Sharma,5,5,0,0
1359508,Sunrisers Hyderabad,H Klaasen,31,19,3,1
1359508,Sunrisers Hyderabad,HC Brook,7,14,0,0
1359508,Sunrisers Hyderabad,M Jansen,2,3,0,0
1359508,Sunrisers Hyderabad,MA Agarwal,49,38,7,0
1359508,Sunrisers Hyderabad,RA Tripathi,15,21,0,0
1359508,Sunrisers Hyderabad,Washington Sundar,24,15,3,0
1359509,Gujarat Titans,A Manohar,42,21,3,3
1359509,Gujarat Titans,DA Miller,46,22,2,4
1359509,Gujarat Titans,HH Pandya,13,14,1,0
1359509,Gujarat Titans,R Tewatia,20,5,0,3
1359509,Gujarat Titans,Rashid Khan,2,1,0,0
1359509,Gujarat Titans,Shubman Gill,56,34,7,1
1359509,Gujarat Titans,V Shankar,19,16,1,1
1359509,Gujarat Titans,WP Saha,4,7,0,0
1359509,Mumbai Indians,Arjun Tendulkar,13,9,0,1
1359509,Mumbai Indians,C Green,33,26,0,3
1359509,Mumbai Indians,Ishan Kishan,13,21,1,0
1359509,Mumbai Indians,JP Behrendorff,3,4,0,0
1359509,Mumbai Indians,N Wadhera,40,21,3,3
1359509,Mumbai Indians,PP Chawla,18,12,1,1
1359509,Mumbai Indians,RG Sharma,2,8,0,0
1359509,Mumbai Indians,RP Meredith,0,2,0,0
1359509,Mumbai Indians,SA Yadav,23,12,3,1
1359509,Mumbai Indians,TH David,0,2,0,0
1359509,Mumbai Indians,Tilak Varma,2,3,0,0
1359510,Kolkata Knight Riders,AD Russell,1,2,0,0
1359510,Kolkata Knight Riders,D Wiese,12,3,0,2
1359510,Kolkata Knight Riders,JJ Roy,56,29,4,5
1359510,Kolkata Knight Riders,N Jagadeesan,27,29,4,0
1359510,Kolkata Knight Riders,N Rana,48,21,3,4
1359510,Kolkata Knight Riders,RK Singh,18,10,2,1
1359510,Kolkata Knight Riders,VR Iyer,31,26,3,0
1359510,Royal Challengers Bangalore,DJ Willey,11,10,1,0
1359510,Royal Challengers Bangalore,F du Plessis,17,7,1,2
1359510,Royal Challengers Bangalore,GJ Maxwell,5,4,1,0
1359510,Royal Challengers Bangalore,KD Karthik,22,18,1,1
1359510,Royal Challengers Bangalore,MK Lomror,34,18,1,3
1359510,Royal Challengers Bangalore,PWH de Silva,5,4,0,0
1359510,Royal Challengers Bangalore,SS Prabhudessai,10,9,1,0
1359510,Royal Challengers Bangalore,Shahbaz Ahmed,2,5,0,0
1359510,Royal Challengers Bangalore,V Kohli,54,37,6,0
1359510,Royal Challengers Bangalore,Vijaykumar Vyshak,13,8,0,1
1359511,Chennai Super Kings,AM Rahane,15,13,0,0
1359511,Chennai Super Kings,AT Rayudu,0,2,0,0
1359511,Chennai Super Kings,DP Conway,8,16,1,0
1359511,Chennai Super Kings,MM Ali,23,12,2,2
1359511,Chennai Super Kings,RA Jadeja,23,15,3,0
1359511,Chennai Super Kings,RD Gaikwad,47,29,5,1
1359511,Chennai Super Kings,S Dube,52,33,2,4
1359511,Rajasthan Royals,D Padikkal,27,13,5,0
1359511,Rajasthan Royals,Dhruv Jurel,34,15,3,2
1359511,Rajasthan Royals,JC Buttler,27,21,4,0
1359511,Rajasthan Royals,R Ashwin,1,1,0,0
1359511,Rajasthan Royals,SO Hetmyer,8,10,0,0
1359511,Rajasthan Royals,SV Samson,17,17,1,0
1359511,Rajasthan Royals,YBK Jaiswal,77,43,8,4
1359512,Lucknow Super Giants,A Badoni,43,23,3,3
1359512,Lucknow Super Giants,DJ Hooda,11,6,2,0
1359512,Lucknow Super Giants,KH Pandya,5,2,1,0
1359512,Lucknow Super Giants,KL Rahul,12,9,1,1
1359512,Lucknow Super Giants,KR Mayers,54,22,7,4
1359512,Lucknow Super Giants,MP Stoinis,72,40,6,5
1359512,Lucknow Super Giants,N Pooran,45,19,7,1
1359512,Punjab Kings,Arshdeep Singh,2,2,0,0
1359512,Punjab Kings,Atharva Taide,66,36,8,2
1359512,Punjab Kings,JM Sharma,24,9,0,3
1359512,Punjab Kings,K Rabada,0,1,0,0
1359512,Punjab Kings,LS Livingstone,23,14,2,1
1359512,Punjab Kings,M Shahrukh Khan,6,9,0,0
1359512,Punjab Kings,P Simran Singh,9,13,2,0
1359512,Punjab Kings,RD Chahar,0,1,0,0
1359512,Punjab Kings,S Dhawan,1,2,0,0
1359512,Punjab Kings,SM Curran,21,10,2,1
1359512,Punjab Kings,Sikandar Raza,36,22,4,1
1359513,Gujarat Titans,DA Miller,32,18,2,2
1359513,Gujarat Titans,HH Pandya,26,20,2,1
1359513,Gujarat Titans,Shubman Gill,49,35,8,0
1359513,Gujarat Titans,V Shankar,51,24,2,5
1359513,Gujarat Titans,WP Saha,10,10,1,0
1359513,Kolkata Knight Riders,AD Russell,34,19,2,3
1359513,Kolkata Knight Riders,D Wiese,8,6,0,1
1359513,Kolkata Knight Riders,N Jagadeesan,19,15,4,0
1359513,Kolkata Knight Riders,N Rana,4,3,1,0
1359513,Kolkata Knight Riders,RK Singh,19,20,0,1
1359513,Kolkata Knight Riders,Rahmanullah Gurbaz,81,39,5,7
1359513,Kolkata Knight Riders,SN Thakur,0,4,0,0
1359513,Kolkata Knight Riders,VR Iyer,11,14,0,0
1359514,Delhi Capitals,AR Patel,29,14,1,2
1359514,Delhi Capitals,DA Warner,0,2,0,0
1359514,Delhi Capitals,MK Pandey,1,3,0,0
1359514,Delhi Capitals,MR Marsh,63,39,1,6
1359514,Delhi Capitals,PD Salt,59,35,9,0
1359514,Delhi Capitals,PK Garg,12,9,1,0
1359514,Delhi Capitals,RV Patel,11,8,1,0
1359514,Delhi Capitals,SN Khan,9,10,1,0
1359514,Sunrisers Hyderabad,AJ Hosein,16,10,1,1
1359514,Sunrisers Hyderabad,AK Markram,8,13,0,0
1359514,Sunrisers Hyderabad,Abdul Samad,28,21,1,2
1359514,Sunrisers Hyderabad,Abhishek Sharma,67,36,12,1
1359514,Sunrisers Hyderabad,H Klaasen,53,26,2,4
1359514,Sunrisers Hyderabad,HC Brook,0,2,0,0
1359514,Sunrisers Hyderabad,MA Agarwal,5,6,1,0
1359514,Sunrisers Hyderabad,RA Tripathi,10,6,0,1
1359515,Chennai Super Kings,DP Conway,92,52,16,1
1359515,Chennai Super Kings,MM Ali,10,6,2,0
1359515,Chennai Super Kings,MS Dhoni,13,4,0,2
1359515,Chennai Super Kings,RA Jadeja,12,10,0,0
1359515,Chennai Super Kings,RD Gaikwad,37,31,4,1
1359515,Chennai Super Kings,S Dube,28,17,1,2
1359515,Punjab Kings,Atharva Taide,13,17,0,0
1359515,Punjab Kings,JM Sharma,21,10,2,1
1359515,Punjab Kings,LS Livingstone,40,24,1,4
1359515,Punjab Kings,M Shahrukh Khan,2,3,0,0
1359515,Punjab Kings,P Simran Singh,42,24,4,2
1359515,Punjab Kings,S Dhawan,28,15,4,1
1359515,Punjab Kings,SM Curran,29,20,1,1
1359515,Punjab Kings,Sikandar Raza,13,7,1,0
1359516,Mumbai Indians,C Green,44,26,4,2
1359516,Mumbai Indians,Ishan Kishan,28,23,4,0
1359516,Mumbai Indians,RG Sharma,3,5,0,0
1359516,Mumbai Indians,SA Yadav,55,28,8,2
1359516,Mumbai Indians,TH David,45,14,2,5
1359516,Mumbai Indians,Tilak Varma,29,21,3,1
1359516,Rajasthan Royals,D Padikkal,2,4,0,0
1359516,Rajasthan Royals,Dhruv Jurel,2,3,0,0
1359516,Rajasthan Royals,JC Buttler,18,19,2,1
1359516,Rajasthan Royals,JO Holder,11,9,0,1
1359516,Rajasthan Royals,R Ashwin,8,5,1,0
1359516,Rajasthan Royals,SO Hetmyer,8,9,0,1
1359516,Rajasthan Royals,SV Samson,14,10,1,1
1359516,Rajasthan Royals,TA Boult,0,0,0,0
1359516,Rajasthan Royals,YBK Jaiswal,124,61,16,8
1359517,Lucknow Super Giants,A Badoni,4,11,0,0
1359517,Lucknow Super Giants,A Mishra,19,30,2,0
1359517,Lucknow Super Giants,DJ Hooda,1,2,0,0
1359517,Lucknow Super Giants,K Gowtham,23,13,1,2
1359517,Lucknow Super Giants,KH Pandya,14,11,3,0
1359517,Lucknow Super Giants,KL Rahul,0,2,0,0
1359517,Lucknow Super Giants,KR Mayers,0,2,0,0
1359517,Lucknow Super Giants,MP Stoinis,13,19,0,1
1359517,Lucknow Super Giants,N Pooran,9,7,0,1
1359517,Lucknow Super Giants,Naveen-ul-Haq,13,12,2,0
1359517,Lucknow Super Giants,Ravi Bishnoi,5,10,0,0
1359517,Royal Challengers Bangalore,Anuj Rawat,9,11,0,0
1359517,Royal Challengers Bangalore,F du Plessis,44,40,1,1
1359517,Royal Challengers Bangalore,GJ Maxwell,4,5,0,0
1359517,Royal Challengers Bangalore,JR Hazlewood,1,2,0,0
1359517,Royal Challengers Bangalore,KD Karthik,16,11,1,1
1359517,Royal Challengers Bangalore,KV Sharma,2,2,0,0
1359517,Royal Challengers Bangalore,MK Lomror,3,4,0,0
1359517,Royal Challengers Bangalore,Mohammed Siraj,0,1,0,0
1359517,Royal Challengers Bangalore,PWH de Silva,8,7,1,0
1359517,Royal Challengers Bangalore,SS Prabhudessai,6,7,0,0
1359517,Royal Challengers Bangalore,V Kohli,31,30,3,0
1359518,Delhi Capitals,A Nortje,3,6,0,0
1359518,Delhi Capitals,AR Patel,27,30,2,1
1359518,Delhi Capitals,Aman Hakim Khan,51,44,3,3
1359518,Delhi Capitals,DA Warner,2,2,0,0
1359518,Delhi Capitals,Kuldeep Yadav,0,1,0,0
1359518,Delhi Capitals,MK Pandey,1,4,0,0
1359518,Delhi Capitals,PD Salt,0,1,0,0
1359518,Delhi Capitals,PK Garg,10,13,0,0
1359518,Delhi Capitals,RR Rossouw,8,6,2,0
1359518,Delhi Capitals,RV Patel,23,13,2,1
1359518,Gujarat Titans,A Manohar,26,33,0,1
1359518,Gujarat Titans,DA Miller,0,3,0,0
1359518,Gujarat Titans,HH Pandya,59,53,7,0
1359518,Gujarat Titans,R Tewatia,20,7,0,3
1359518,Gujarat Titans,Rashid Khan,3,2,0,0
1359518,Gujarat Titans,Shubman Gill,6,7,1,0
1359518,Gujarat Titans,V Shankar,6,9,1,0
1359518,Gujarat Titans,WP Saha,0,6,0,0
1359519,Lucknow Super Giants,A Badoni,59,33,2,4
1359519,Lucknow Super Giants,K Gowtham,1,3,0,0
1359519,Lucknow Super Giants,KH Pandya,0,1,0,0
1359519,Lucknow Super Giants,KR Mayers,14,17,2,0
1359519,Lucknow Super Giants,KS Sharma,9,16,0,0
1359519,Lucknow Super Giants,M Vohra,10,11,1,0
1359519,Lucknow Super Giants,MP Stoinis,6,4,1,0
1359519,Lucknow Super Giants,N Pooran,20,31,0,0
1359520,Mumbai Indians,C Green,23,18,4,0
1359520,Mumbai Indians,Ishan Kishan,75,41,7,4
1359520,Mumbai Indians,RG Sharma,0,3,0,0
1359520,Mumbai Indians,SA Yadav,66,31,8,2
1359520,Mumbai Indians,TH David,19,10,3,0
1359520,Mumbai Indians,Tilak Varma,26,10,1,3
1359520,Punjab Kings,JM Sharma,49,27,5,2
1359520,Punjab Kings,LS Livingstone,82,40,7,4
1359520,Punjab Kings,MW Short,27,26,2,1
1359520,Punjab Kings,P Simran Singh,9,7,1,0
1359520,Punjab Kings,S Dhawan,30,20,5,0
1359521,Kolkata Knight Riders,AD Russell,24,15,1,2
1359521,Kolkata Knight Riders,AS Roy,13,7,2,0
1359521,Kolkata Knight Riders,Harshit Rana,0,1,0,0
1359521,Kolkata Knight Riders,JJ Roy,20,18,4,0
1359521,Kolkata Knight Riders,N Rana,42,30,3,3
1359521,Kolkata Knight Riders,RK Singh,46,35,4,1
1359521,Kolkata Knight Riders,Rahmanullah Gurbaz,0,1,0,0
1359521,Kolkata Knight Riders,SN Thakur,8,6,1,0
1359521,Kolkata Knight Riders,SP Narine,1,2,0,0
1359521,Kolkata Knight Riders,VG Arora,2,1,0,0
1359521,Kolkata Knight Riders,VR Iyer,7,4,1,0
1359521,Sunrisers Hyderabad,AK Markram,41,40,4,0
1359521,Sunrisers Hyderabad,Abdul Samad,21,17,3,0
1359521,Sunrisers Hyderabad,Abhishek Sharma,9,10,1,0
1359521,Sunrisers Hyderabad,B Kumar,5,5,1,0
1359521,Sunrisers Hyderabad,H Klaasen,36,20,1,3
1359521,Sunrisers Hyderabad,HC Brook,0,4,0,0
1359521,Sunrisers Hyderabad,M Jansen,1,4,0,0
1359521,Sunrisers Hyderabad,M Markande,1,2,0,0
1359521,Sunrisers Hyderabad,MA Agarwal,18,10,2,1
1359521,Sunrisers Hyderabad,RA Tripathi,20,8,3,1
1359522,Gujarat Titans,HH Pandya,39,15,3,3
1359522,Gujarat Titans,Shubman Gill,36,34,6,0
1359522,Gujarat Titans,WP Saha,41,34,5,0
1359522,Rajasthan Royals,A Zampa,7,9,0,0
1359522,Rajasthan Royals,D Padikkal,12,12,1,0
1359522,Rajasthan Royals,Dhruv Jurel,9,8,1,0
1359522,Rajasthan Royals,JC Buttler,8,6,2,0
1359522,Rajasthan Royals,R Ashwin,2,6,0,0
1359522,Rajasthan Royals,R Parag,4,6,0,0
1359522,Rajasthan Royals,SO Hetmyer,7,13,0,0
1359522,Rajasthan Royals,SV Samson,30,20,3,1
1359522,Rajasthan Royals,Sandeep Sharma,2,5,0,0
1359522,Rajasthan Royals,TA Boult,15,11,1,1
1359522,Rajasthan Royals,YBK Jaiswal,14,11,1,1
1359523,Chennai Super Kings,AM Rahane,21,17,1,1
1359523,Chennai Super Kings,AT Rayudu,12,11,0,1
1359523,Chennai Super Kings,DP Conway,44,42,4,0
1359523,Chennai Super Kings,MS Dhoni,2,3,0,0
1359523,Chennai Super Kings,RD Gaikwad,30,15,4,2
1359523,Chennai Super Kings,S Dube,26,18,0,3
1359523,Mumbai Indians,Arshad Khan,1,2,0,0
1359523,Mumbai Indians,C Green,6,4,1,0
1359523,Mumbai Indians,Ishan Kishan,7,9,1,0
1359523,Mumbai Indians,JC Archer,3,2,0,0
1359523,Mumbai Indians,N Wadhera,64,51,8,1
1359523,Mumbai Indians,PP Chawla,2,2,0,0
1359523,Mumbai Indians,RG Sharma,0,3,0,0
1359523,Mumbai Indians,SA Yadav,26,22,3,0
1359523,Mumbai Indians,T Stubbs,20,21,2,0
1359523,Mumbai Indians,TH David,2,4,0,0
1359524,Delhi Capitals,AR Patel,8,3,0,1
1359524,Delhi Capitals,DA Warner,22,14,3,1
1359524,Delhi Capitals,MR Marsh,26,17,3,1
1359524,Delhi Capitals,PD Salt,87,45,8,6
1359524,Delhi Capitals,RR Rossouw,35,21,1,3
1359524,Royal Challengers Bangalore,Anuj Rawat,8,3,0,1
1359524,Royal Challengers Bangalore,F du Plessis,45,32,5,1
1359524,Royal Challengers Bangalore,GJ Maxwell,0,1,0,0
1359524,Royal Challengers Bangalore,KD Karthik,11,9,0,1
1359524,Royal Challengers Bangalore,MK Lomror,54,29,6,3
1359524,Royal Challengers Bangalore,V Kohli,55,46,5,0
1359525,Gujarat Titans,DA Miller,21,12,2,1
1359525,Gujarat Titans,HH Pandya,25,15,1,2
1359525,Gujarat Titans,Shubman Gill,94,51,2,7
1359525,Gujarat Titans,WP Saha,81,42,10,4
1359525,Lucknow Super Giants,A Badoni,21,11,1,2
1359525,Lucknow Super Giants,DJ Hooda,11,11,0,0
1359525,Lucknow Super Giants,KH Pandya,0,1,0,0
1359525,Lucknow Super Giants,KR Mayers,48,32,7,2
1359525,Lucknow Super Giants,MP Stoinis,4,9,0,0
1359525,Lucknow Super Giants,N Pooran,3,6,0,0
1359525,Lucknow Super Giants,Q de Kock,70,41,7,3
1359525,Lucknow Super Giants,Ravi Bishnoi,4,5,1,0
1359525,Lucknow Super Giants,Swapnil Singh,2,4,0,0
1359526,Rajasthan Royals,JC Buttler,95,59,10,4
1359526,Rajasthan Royals,SO Hetmyer,7,5,0,0
1359526,Rajasthan Royals,SV Samson,66,38,4,5
1359526,Rajasthan Royals,YBK Jaiswal,35,18,5,2
1359526,Sunrisers Hyderabad,AK Markram,6,5,1,0
1359526,Sunrisers Hyderabad,Abdul Samad,17,6,0,2
1359526,Sunrisers Hyderabad,Abhishek Sharma,55,34,5,2
1359526,Sunrisers Hyderabad,Anmolpreet Singh,33,25,4,1
1359526,Sunrisers Hyderabad,GD Phillips,25,7,1,3
1359526,Sunrisers Hyderabad,H Klaasen,26,12,2,2
1359526,Sunrisers Hyderabad,M Jansen,3,2,0,0
1359526,Sunrisers Hyderabad,RA Tripathi,47,29,2,3
1359527,Kolkata Knight Riders,AD Russell,42,23,3,3
1359527,Kolkata Knight Riders,JJ Roy,38,24,8,0
1359527,Kolkata Knight Riders,N Rana,51,38,6,1
1359527,Kolkata Knight Riders,RK Singh,21,10,2,1
1359527,Kolkata Knight Riders,Rahmanullah Gurbaz,15,12,1,1
1359527,Kolkata Knight Riders,VR Iyer,11,13,0,0
1359527,Punjab Kings,Harpreet Brar,17,9,2,1
1359527,Punjab Kings,JM Sharma,21,18,0,2
1359527,Punjab Kings,LS Livingstone,15,8,3,0
1359527,Punjab Kings,M Shahrukh Khan,21,8,3,1
1359527,Punjab Kings,P Simran Singh,12,8,3,0
1359527,Punjab Kings,PBB Rajapaksa,0,3,0,0
1359527,Punjab Kings,R Dhawan,19,11,1,1
1359527,Punjab Kings,S Dhawan,57,46,9,1
1359527,Punjab Kings,SM Curran,4,9,0,0
1359528,Mumbai Indians,C Green,2,2,0,0
1359528,Mumbai Indians,Ishan Kishan,42,21,4,4
1359528,Mumbai Indians,N Wadhera,52,34,4,3
1359528,Mumbai Indians,RG Sharma,7,8,1,0
1359528,Mumbai Indians,SA Yadav,83,34,7,6
1359528,Mumbai Indians,TH David,0,1,0,0
1359528,Royal Challengers Bangalore,Anuj Rawat,6,4,1,0
1359528,Royal Challengers Bangalore,F du Plessis,65,40,5,3
1359528,Royal Challengers Bangalore,GJ Maxwell,68,33,8,4
1359528,Royal Challengers Bangalore,KD Karthik,30,18,4,1
1359528,Royal Challengers Bangalore,KM Jadhav,12,10,1,0
1359528,Royal Challengers Bangalore,MK Lomror,1,3,0,0
1359528,Royal Challengers Bangalore,PWH de Silva,12,8,2,0
1359528,Royal Challengers Bangalore,V Kohli,1,4,0,0
1359529,Chennai Super Kings,AM Rahane,21,20,2,0
1359529,Chennai Super Kings,AT Rayudu,23,17,1,1
1359529,Chennai Super Kings,DL Chahar,1,2,0,0
1359529,Chennai Super Kings,DP Conway,10,13,1,0
1359529,Chennai Super Kings,MM Ali,7,12,0,0
1359529,Chennai Super Kings,MS Dhoni,20,9,1,2
1359529,Chennai Super Kings,RA Jadeja,21,16,1,1
1359529,Chennai Super Kings,RD Gaikwad,24,18,4,0
1359529,Chennai Super Kings,S Dube,25,12,0,3
1359529,Chennai Super Kings,TU Deshpande,0,1,0,0
1359529,Delhi Capitals,AR Patel,21,12,2,1
1359529,Delhi Capitals,Aman Hakim Khan,2,3,0,0
1359529,Delhi Capitals,DA Warner,0,2,0,0
1359529,Delhi Capitals,Kuldeep Yadav,0,1,0,0
1359529,Delhi Capitals,Lalit Yadav,12,5,3,0
1359529,Delhi Capitals,MK Pandey,27,29,1,2
1359529,Delhi Capitals,MR Marsh,5,4,1,0
1359529,Delhi Capitals,PD Salt,17,11,1,2
1359529,Delhi Capitals,RR Rossouw,35,37,2,1
1359529,Delhi Capitals,RV Patel,10,16,0,0
1359530,Kolkata Knight Riders,AD Russell,10,10,0,1
1359530,Kolkata Knight Riders,AS Roy,6,6,0,0
1359530,Kolkata Knight Riders,JJ Roy,10,8,2,0
1359530,Kolkata Knight Riders,N Rana,22,17,2,0
1359530,Kolkata Knight Riders,RK Singh,16,18,0,1
1359530,Kolkata Knight Riders,Rahmanullah Gurbaz,18,12,1,2
1359530,Kolkata Knight Riders,SN Thakur,1,2,0,0
1359530,Kolkata Knight Riders,SP Narine,6,5,1,0
1359530,Kolkata Knight Riders,VR Iyer,57,42,2,4
1359530,Rajasthan Royals,JC Buttler,0,3,0,0
1359530,Rajasthan Royals,SV Samson,48,29,2,5
1359530,Rajasthan Royals,YBK Jaiswal,98,47,13,5
1359531,Gujarat Titans,A Manohar,2,3,0,0
1359531,Gujarat Titans,AS Joseph,7,12,1,0
1359531,Gujarat Titans,DA Miller,41,26,4,2
1359531,Gujarat Titans,HH Pandya,4,3,1,0
1359531,Gujarat Titans,Noor Ahmad,1,3,0,0
1359531,Gujarat Titans,R Tewatia,14,13,1,0
1359531,Gujarat Titans,Rashid Khan,79,32,3,10
1359531,Gujarat Titans,Shubman Gill,6,9,0,0
1359531,Gujarat Titans,V Shankar,29,14,6,0
1359531,Gujarat Titans,WP Saha,2,5,0,0
1359531,Mumbai Indians,C Green,3,3,0,0
1359531,Mumbai Indians,Ishan Kishan,31,20,4,1
1359531,Mumbai Indians,N Wadhera,15,7,1,1
1359531,Mumbai Indians,RG Sharma,29,18,3,2
1359531,Mumbai Indians,SA Yadav,103,49,11,6
1359531,Mumbai Indians,TH David,5,3,1,0
1359531,Mumbai Indians,Vishnu Vinod,30,20,2,2
1359532,Lucknow Super Giants,KR Mayers,2,14,0,0
1359532,Lucknow Super Giants,MP Stoinis,40,25,2,3
1359532,Lucknow Super Giants,N Pooran,44,13,3,4
1359532,Lucknow Super Giants,PN Mankad,64,45,7,2
1359532,Lucknow Super Giants,Q de Kock,29,19,3,1
1359532,Sunrisers Hyderabad,AK Markram,28,20,2,1
1359532,Sunrisers Hyderabad,Abdul Samad,37,25,1,4
1359532,Sunrisers Hyderabad,Abhishek Sharma,7,4,1,0
1359532,Sunrisers Hyderabad,Anmolpreet Singh,36,27,7,0
1359532,Sunrisers Hyderabad,B Kumar,2,1,0,0
1359532,Sunrisers Hyderabad,GD Phillips,0,1,0,0
1359532,Sunrisers Hyderabad,H Klaasen,47,29,3,3
1359532,Sunrisers Hyderabad,RA Tripathi,20,13,4,0
1359533,Delhi Capitals,AR Patel,1,2,0,0
1359533,Delhi Capitals,Aman Hakim Khan,16,18,1,1
1359533,Delhi Capitals,DA Warner,54,27,10,1
1359533,Delhi Capitals,Kuldeep Yadav,10,17,0,0
1359533,Delhi Capitals,MK Pandey,0,3,0,0
1359533,Delhi Capitals,MR Marsh,3,4,0,0
1359533,Delhi Capitals,Mukesh Kumar,6,7,0,0
1359533,Delhi Capitals,P Dubey,16,20,2,0
1359533,Delhi Capitals,PD Salt,21,17,3,0
1359533,Delhi Capitals,RR Rossouw,5,5,1,0
1359533,Punjab Kings,Harpreet Brar,2,5,0,0
1359533,Punjab Kings,JM Sharma,5,5,1,0
1359533,Punjab Kings,LS Livingstone,4,5,1,0
1359533,Punjab Kings,M Shahrukh Khan,2,4,0,0
1359533,Punjab Kings,P Simran Singh,103,65,10,6
1359533,Punjab Kings,S Dhawan,7,5,0,1
1359533,Punjab Kings,SM Curran,20,24,1,0
1359533,Punjab Kings,Sikandar Raza,11,7,0,1
1359534,Rajasthan Royals,A Zampa,2,6,0,0
1359534,Rajasthan Royals,D Padikkal,4,4,1,0
1359534,Rajasthan Royals,Dhruv Jurel,1,7,0,0
1359534,Rajasthan Royals,JC Buttler,0,2,0,0
1359534,Rajasthan Royals,JE Root,10,15,1,0
1359534,Rajasthan Royals,KM Asif,0,2,0,0
1359534,Rajasthan Royals,SO Hetmyer,35,19,1,4
1359534,Rajasthan Royals,SV Samson,4,5,1,0
1359534,Rajasthan Royals,Sandeep Sharma,0,1,0,0
1359534,Rajasthan Royals,YBK Jaiswal,0,2,0,0
1359534,Royal Challengers Bangalore,Anuj Rawat,29,11,3,2
1359534,Royal Challengers Bangalore,F du Plessis,55,44,3,2
1359534,Royal Challengers Bangalore,GJ Maxwell,54,33,5,3
1359534,Royal Challengers Bangalore,KD Karthik,0,2,0,0
1359534,Royal Challengers Bangalore,MG Bracewell,9,9,0,0
1359534,Royal Challengers Bangalore,MK Lomror,1,2,0,0
1359534,Royal Challengers Bangalore,V Kohli,18,19,1,0
1359535,Chennai Super Kings,AM Rahane,16,11,1,1
1359535,Chennai Super Kings,AT Rayudu,4,7,0,0
1359535,Chennai Super Kings,DP Conway,30,28,3,0
1359535,Chennai Super Kings,MM Ali,1,2,0,0
1359535,Chennai Super Kings,MS Dhoni,2,2,0,0
1359535,Chennai Super Kings,RA Jadeja,20,23,0,1
1359535,Chennai Super Kings,RD Gaikwad,17,13,2,0
1359535,Chennai Super Kings,S Dube,48,34,1,3
1359535,Kolkata Knight Riders,AD Russell,2,2,0,0
1359535,Kolkata Knight Riders,JJ Roy,12,15,1,0
1359535,Kolkata Knight Riders,N Rana,57,44,6,1
1359535,Kolkata Knight Riders,RK Singh,54,42,4,3
1359535,Kolkata Knight Riders,Rahmanullah Gurbaz,1,4,0,0
1359535,Kolkata Knight Riders,VR Iyer,9,4,2,0
1359536,Gujarat Titans,B Sai Sudharsan,47,34,6,1
1359536,Gujarat Titans,DA Miller,7,5,1,0
1359536,Gujarat Titans,HH Pandya,8,6,1,0
1359536,Gujarat Titans,MD Shanaka,9,7,1,0
1359536,Gujarat Titans,MM Sharma,0,1,0,0
1359536,Gujarat Titans,Mohammed Shami,0,1,0,0
1359536,Gujarat Titans,Noor Ahmad,0,1,0,0
1359536,Gujarat Titans,R Tewatia,3,3,0,0
1359536,Gujarat Titans,Rashid Khan,0,1,0,0
1359536,Gujarat Titans,Shubman Gill,101,58,13,1
1359536,Gujarat Titans,WP Saha,0,3,0,0
1359536,Sunrisers Hyderabad,AK Markram,10,10,1,0
1359536,Sunrisers Hyderabad,Abdul Samad,4,3,1,0
1359536,Sunrisers Hyderabad,Abhishek Sharma,5,5,1,0
1359536,Sunrisers Hyderabad,Anmolpreet Singh,5,4,1,0
1359536,Sunrisers Hyderabad,B Kumar,27,26,3,0
1359536,Sunrisers Hyderabad,Fazalhaq Farooqi,1,5,0,0
1359536,Sunrisers Hyderabad,H Klaasen,64,44,4,3
1359536,Sunrisers Hyderabad,M Jansen,3,6,0,0
1359536,Sunrisers Hyderabad,M Markande,18,9,2,1
1359536,Sunrisers Hyderabad,RA Tripathi,1,2,0,0
1359536,Sunrisers Hyderabad,Sanvir Singh,7,6,0,1
1359537,Lucknow Super Giants,DJ Hooda,5,7,0,0
1359537,Lucknow Super Giants,KH Pandya,49,42,1,1
1359537,Lucknow Super Giants,MP Stoinis,89,47,4,8
1359537,Lucknow Super Giants,N Pooran,8,8,1,0
1359537,Lucknow Super Giants,PN Mankad,0,1,0,0
1359537,Lucknow Super Giants,Q de Kock,16,15,0,2
1359537,Mumbai Indians,C Green,4,6,0,0
1359537,Mumbai Indians,Ishan Kishan,59,39,8,1
1359537,Mumbai Indians,N Wadhera,16,20,2,0
1359537,Mumbai Indians,RG Sharma,37,25,1,3
1359537,Mumbai Indians,SA Yadav,7,9,0,0
1359537,Mumbai Indians,TH David,32,19,1,3
1359537,Mumbai Indians,Vishnu Vinod,2,3,0,0
1359538,Delhi Capitals,DA Warner,46,31,5,2
1359538,Delhi Capitals,PD Salt,26,14,2,2
1359538,Delhi Capitals,PP Shaw,54,38,7,1
1359538,Delhi Capitals,RR Rossouw,82,37,6,6
1359538,Punjab Kings,Atharva Taide,55,42,5,2
1359538,Punjab Kings,Harpreet Brar,0,1,0,0
1359538,Punjab Kings,JM Sharma,0,3,0,0
1359538,Punjab Kings,LS Livingstone,94,46,5,9
1359538,Punjab Kings,M Shahrukh Khan,6,3,0,1
1359538,Punjab Kings,P Simran Singh,22,19,4,0
1359538,Punjab Kings,S Dhawan,0,1,0,0
1359538,Punjab Kings,SM Curran,11,5,1,1
1359539,Royal Challengers Bangalore,F du Plessis,71,46,7,2
1359539,Royal Challengers Bangalore,GJ Maxwell,5,3,1,0
1359539,Royal Challengers Bangalore,MG Bracewell,4,4,0,0
1359539,Royal Challengers Bangalore,V Kohli,100,63,12,4
1359539,Sunrisers Hyderabad,AK Markram,18,20,0,0
1359539,Sunrisers Hyderabad,Abhishek Sharma,11,14,2,0
1359539,Sunrisers Hyderabad,GD Phillips,5,4,1,0
1359539,Sunrisers Hyderabad,H Klaasen,104,51,8,6
1359539,Sunrisers Hyderabad,HC Brook,27,19,2,1
1359539,Sunrisers Hyderabad,RA Tripathi,15,12,2,1
1359540,Punjab Kings,Atharva Taide,19,12,3,1
1359540,Punjab Kings,JM Sharma,44,28,3,3
1359540,Punjab Kings,LS Livingstone,9,13,1,0
1359540,Punjab Kings,M Shahrukh Khan,41,23,4,2
1359540,Punjab Kings,P Simran Singh,2,2,0,0
1359540,Punjab Kings,S Dhawan,17,11,2,1
1359540,Punjab Kings,SM Curran,49,31,4,2
1359540,Rajasthan Royals,D Padikkal,51,30,5,3
1359540,Rajasthan Royals,Dhruv Jurel,10,4,0,1
1359540,Rajasthan Royals,JC Buttler,0,4,0,0
1359540,Rajasthan Royals,R Parag,20,11,1,2
1359540,Rajasthan Royals,SO Hetmyer,46,28,4,3
1359540,Rajasthan Royals,SV Samson,2,3,0,0
1359540,Rajasthan Royals,TA Boult,1,2,0,0
1359540,Rajasthan Royals,YBK Jaiswal,50,36,8,0
1359541,Chennai Super Kings,DP Conway,87,51,11,3
1359541,Chennai Super Kings,MS Dhoni,5,3,0,0
1359541,Chennai Super Kings,RA Jadeja,20,7,3,1
1359541,Chennai Super Kings,RD Gaikwad,79,50,3,7
1359541,Chennai Super Kings,S Dube,22,9,0,3
1359541,Delhi Capitals,A Nortje,0,1,0,0
1359541,Delhi Capitals,AR Patel,15,8,1,1
1359541,Delhi Capitals,Aman Hakim Khan,7,9,1,0
1359541,Delhi Capitals,C Sakariya,0,2,0,0
1359541,Delhi Capitals,DA Warner,86,58,7,5
1359541,Delhi Capitals,Kuldeep Yadav,0,1,0,0
1359541,Delhi Capitals,Lalit Yadav,6,12,0,0
1359541,Delhi Capitals,PD Salt,3,6,0,0
1359541,Delhi Capitals,PP Shaw,5,7,1,0
1359541,Delhi Capitals,RR Rossouw,0,1,0,0
1359541,Delhi Capitals,YV Dhull,13,15,1,0
1359542,Kolkata Knight Riders,AD Russell,7,9,0,1
1359542,Kolkata Knight Riders,JJ Roy,45,28,7,1
1359542,Kolkata Knight Riders,N Rana,8,10,1,0
1359542,Kolkata Knight Riders,RK Singh,67,33,6,4
1359542,Kolkata Knight Riders,Rahmanullah Gurbaz,10,15,0,0
1359542,Kolkata Knight Riders,SN Thakur,3,7,0,0
1359542,Kolkata Knight Riders,SP Narine,1,2,0,0
1359542,Kolkata Knight Riders,VG Arora,1,1,0,0
1359542,Kolkata Knight Riders,VR Iyer,24,15,3,1
1359542,Lucknow Super Giants,A Badoni,25,21,2,1
1359542,Lucknow Super Giants,K Gowtham,11,4,1,1
1359542,Lucknow Super Giants,KH Pandya,9,8,0,1
1359542,Lucknow Super Giants,KS Sharma,3,5,0,0
1359542,Lucknow Super Giants,MP Stoinis,0,2,0,0
1359542,Lucknow Super Giants,N Pooran,58,30,4,5
1359542,Lucknow Super Giants,Naveen-ul-Haq,2,3,0,0
1359542,Lucknow Super Giants,PN Mankad,26,19,5,0
1359542,Lucknow Super Giants,Q de Kock,28,26,0,2
1359542,Lucknow Super Giants,Ravi Bishnoi,2,2,0,0
1359543,Mumbai Indians,C Green,100,45,8,8
1359543,Mumbai Indians,Ishan Kishan,14,12,1,1
1359543,Mumbai Indians,RG Sharma,56,35,8,1
1359543,Mumbai Indians,SA Yadav,25,16,4,0
1359543,Sunrisers Hyderabad,AK Markram,13,7,0,1
1359543,Sunrisers Hyderabad,GD Phillips,1,4,0,0
1359543,Sunrisers Hyderabad,H Klaasen,18,12,2,0
1359543,Sunrisers Hyderabad,HC Brook,0,1,0,0
1359543,Sunrisers Hyderabad,MA Agarwal,83,46,8,4
1359543,Sunrisers Hyderabad,Sanvir Singh,4,3,1,0
1359543,Sunrisers Hyderabad,Vivrant Sharma,69,47,9,2
1359544,Gujarat Titans,DA Miller,6,7,1,0
1359544,Gujarat Titans,MD Shanaka,0,3,0,0
1359544,Gujarat Titans,R Tewatia,4,5,0,0
1359544,Gujarat Titans,Shubman Gill,104,51,5,8
1359544,Gujarat Titans,V Shankar,53,35,7,2
1359544,Gujarat Titans,WP Saha,12,14,2,0
1359544,Royal Challengers Bangalore,Anuj Rawat,23,15,1,1
1359544,Royal Challengers Bangalore,F du Plessis,28,19,5,0
1359544,Royal Challengers Bangalore,GJ Maxwell,11,5,1,1
1359544,Royal Challengers Bangalore,KD Karthik,0,1,0,0
1359544,Royal Challengers Bangalore,MG Bracewell,26,16,5,0
1359544,Royal Challengers Bangalore,MK Lomror,1,3,0,0
1359544,Royal Challengers Bangalore,V Kohli,101,61,13,1
1370350,Chennai Super Kings,AM Rahane,17,10,0,1
1370350,Chennai Super Kings,AT Rayudu,17,9,1,1
1370350,Chennai Super Kings,DP Conway,40,34,4,0
1370350,Chennai Super Kings,MM Ali,9,4,0,1
1370350,Chennai Super Kings,MS Dhoni,1,2,0,0
1370350,Chennai Super Kings,RA Jadeja,22,16,2,0
1370350,Chennai Super Kings,RD Gaikwad,60,43,7,1
1370350,Chennai Super Kings,S Dube,1,3,0,0
1370350,Gujarat Titans,DA Miller,4,6,0,0
1370350,Gujarat Titans,DG Nalkande,0,1,0,0
1370350,Gujarat Titans,HH Pandya,8,7,1,0
1370350,Gujarat Titans,MD Shanaka,17,16,1,1
1370350,Gujarat Titans,Mohammed Shami,5,5,1,0
1370350,Gujarat Titans,Noor Ahmad,7,5,1,0
1370350,Gujarat Titans,R Tewatia,3,5,0,0
1370350,Gujarat Titans,Rashid Khan,30,16,3,2
1370350,Gujarat Titans,Shubman Gill,42,38,4,1
1370350,Gujarat Titans,V Shankar,14,10,0,1
1370350,Gujarat Titans,WP Saha,12,11,2,0
1370351,Lucknow Super Giants,A Badoni,1,7,0,0
1370351,Lucknow Super Giants,DJ Hooda,15,13,0,1
1370351,Lucknow Super Giants,K Gowtham,2,3,0,0
1370351,Lucknow Super Giants,KH Pandya,8,11,1,0
1370351,Lucknow Super Giants,KR Mayers,18,13,3,0
1370351,Lucknow Super Giants,MP Stoinis,40,27,5,1
1370351,Lucknow Super Giants,Mohsin Khan,0,7,0,0
1370351,Lucknow Super Giants,N Pooran,0,1,0,0
1370351,Lucknow Super Giants,Naveen-ul-Haq,1,5,0,0
1370351,Lucknow Super Giants,PN Mankad,3,6,0,0
1370351,Lucknow Super Giants,Ravi Bishnoi,3,6,0,0
1370351,Mumbai Indians,C Green,41,23,6,1
1370351,Mumbai Indians,CJ Jordan,4,7,0,0
1370351,Mumbai Indians,HR Shokeen,0,1,0,0
1370351,Mumbai Indians,Ishan Kishan,15,12,3,0
1370351,Mumbai Indians,N Wadhera,23,12,2,2
1370351,Mumbai Indians,RG Sharma,11,10,1,1
1370351,Mumbai Indians,SA Yadav,33,20,2,2
1370351,Mumbai Indians,TH David,13,13,1,0
1370351,Mumbai Indians,Tilak Varma,26,22,0,2
1370352,Gujarat Titans,B Sai Sudharsan,43,31,5,1
1370352,Gujarat Titans,HH Pandya,28,12,2,2
1370352,Gujarat Titans,Rashid Khan,5,2,1,0
1370352,Gujarat Titans,Shubman Gill,129,59,7,10
1370352,Gujarat Titans,WP Saha,18,16,3,0
1370352,Mumbai Indians,C Green,30,19,2,2
1370352,Mumbai Indians,CJ Jordan,2,5,0,0
1370352,Mumbai Indians,JP Behrendorff,3,5,0,0
1370352,Mumbai Indians,K Kartikeya,6,7,1,0
1370352,Mumbai Indians,N Wadhera,4,3,1,0
1370352,Mumbai Indians,PP Chawla,0,2,0,0
1370352,Mumbai Indians,RG Sharma,8,7,1,0
1370352,Mumbai Indians,SA Yadav,61,38,7,2
1370352,Mumbai Indians,TH David,2,3,0,0
1370352,Mumbai Indians,Tilak Varma,43,14,5,3
1370352,Mumbai Indians,Vishnu Vinod,5,7,0,0
1370353,Chennai Super Kings,AM Rahane,27,13,2,2
1370353,Chennai Super Kings,AT Rayudu,19,8,1,2
1370353,Chennai Super Kings,DP Conway,47,25,4,2
1370353,Chennai Super Kings,MS Dhoni,0,1,0,0
1370353,Chennai Super Kings,RA Jadeja,15,6,1,1
1370353,Chennai Super Kings,RD Gaikwad,26,16,3,1
1370353,Chennai Super Kings,S Dube,32,21,0,2
1370353,Gujarat Titans,B Sai Sudharsan,96,47,8,6
1370353,Gujarat Titans,HH Pandya,21,12,0,2
1370353,Gujarat Titans,Rashid Khan,0,2,0,0
1370353,Gujarat Titans,Shubman Gill,39,20,7,0
1370353,Gujarat Titans,WP Saha,54,39,5,1
1422119,Chennai Super Kings,AM Rahane,27,19,0,2
1422119,Chennai Super Kings,DJ Mitchell,22,18,0,2
1422119,Chennai Super Kings,R Ravindra,37,15,3,3
1422119,Chennai Super Kings,RA Jadeja,25,17,0,1
1422119,Chennai Super Kings,RD Gaikwad,15,15,3,0
1422119,Chennai Super Kings,S Dube,34,28,4,1
1422119,Royal Challengers Bengaluru,Anuj Rawat,48,25,4,3
1422119,Royal Challengers Bengaluru,C Green,18,22,1,0
1422119,Royal Challengers Bengaluru,F du Plessis,35,23,8,0
1422119,Royal Challengers Bengaluru,GJ Maxwell,0,1,0,0
1422119,Royal Challengers Bengaluru,KD Karthik,38,26,3,2
1422119,Royal Challengers Bengaluru,RM Patidar,0,3,0,0
1422119,Royal Challengers Bengaluru,V Kohli,21,20,0,1
1422120,Delhi Capitals,AR Patel,21,13,2,1
1422120,Delhi Capitals,Abishek Porel,32,10,4,2
1422120,Delhi Capitals,DA Warner,29,21,3,2
1422120,Delhi Capitals,Kuldeep Yadav,1,2,0,0
1422120,Delhi Capitals,MR Marsh,20,12,2,2
1422120,Delhi Capitals,RK Bhui,3,7,0,0
1422120,Delhi Capitals,RR Pant,18,13,2,0
1422120,Delhi Capitals,SD Hope,33,25,2,2
1422120,Delhi Capitals,Sumit Kumar,2,9,0,0
1422120,Delhi Capitals,T Stubbs,5,8,0,0
1422120,Punjab Kings,Harpreet Brar,2,2,0,0
1422120,Punjab Kings,JM Bairstow,9,3,2,0
1422120,Punjab Kings,JM Sharma,9,9,1,0
1422120,Punjab Kings,LS Livingstone,38,21,2,3
1422120,Punjab Kings,P Simran Singh,26,17,5,0
1422120,Punjab Kings,S Dhawan,22,16,4,0
1422120,Punjab Kings,SM Curran,63,47,6,1
1422120,Punjab Kings,Shashank Singh,0,1,0,0
1422121,Kolkata Knight Riders,AD Russell,64,24,3,7
1422121,Kolkata Knight Riders,MA Starc,6,3,1,0
1422121,Kolkata Knight Riders,N Rana,9,11,1,0
1422121,Kolkata Knight Riders,PD Salt,54,40,3,3
1422121,Kolkata Knight Riders,RK Singh,23,15,3,0
1422121,Kolkata Knight Riders,Ramandeep Singh,35,16,1,4
1422121,Kolkata Knight Riders,SP Narine,2,4,0,0
1422121,Kolkata Knight Riders,SS Iyer,0,2,0,0
1422121,Kolkata Knight Riders,VR Iyer,7,5,1,0
1422121,Sunrisers Hyderabad,AK Markram,18,13,2,0
1422121,Sunrisers Hyderabad,Abdul Samad,15,11,1,1
1422121,Sunrisers Hyderabad,Abhishek Sharma,32,19,4,2
1422121,Sunrisers Hyderabad,H Klaasen,63,29,0,8
1422121,Sunrisers Hyderabad,M Jansen,1,1,0,0
1422121,Sunrisers Hyderabad,MA Agarwal,32,21,4,1
1422121,Sunrisers Hyderabad,PJ Cummins,0,1,0,0
1422121,Sunrisers Hyderabad,RA Tripathi,20,20,0,1
1422121,Sunrisers Hyderabad,Shahbaz Ahmed,16,5,1,2
1422122,Lucknow Super Giants,A Badoni,1,5,0,0
1422122,Lucknow Super Giants,D Padikkal,0,3,0,0
1422122,Lucknow Super Giants,DJ Hooda,26,13,2,2
1422122,Lucknow Super Giants,KH Pandya,3,5,0,0
1422122,Lucknow Super Giants,KL Rahul,58,44,4,2
1422122,Lucknow Super Giants,MP Stoinis,3,4,0,0
1422122,Lucknow Super Giants,N Pooran,64,41,4,4
1422122,Lucknow Super Giants,Q de Kock,4,5,1,0
1422122,Rajasthan Royals,Dhruv Jurel,20,12,1,1
1422122,Rajasthan Royals,JC Buttler,11,9,2,0
1422122,Rajasthan Royals,R Parag,43,29,1,3
1422122,Rajasthan Royals,SO Hetmyer,5,7,0,0
1422122,Rajasthan Royals,SV Samson,82,51,3,6
1422122,Rajasthan Royals,YBK Jaiswal,24,12,3,1
1422123,Gujarat Titans,Azmatullah Omarzai,17,11,1,1
1422123,Gujarat Titans,B Sai Sudharsan,45,39,3,1
1422123,Gujarat Titans,DA Miller,12,11,1,0
1422123,Gujarat Titans,R Tewatia,22,14,2,1
1422123,Gujarat Titans,Rashid Khan,4,3,0,0
1422123,Gujarat Titans,Shubman Gill,31,22,3,1
1422123,Gujarat Titans,V Shankar,6,5,0,0
1422123,Gujarat Titans,WP Saha,19,15,4,0
1422123,Mumbai Indians,D Brevis,46,38,2,3
1422123,Mumbai Indians,G Coetzee,1,3,0,0
1422123,Mumbai Indians,HH Pandya,11,4,1,1
1422123,Mumbai Indians,Ishan Kishan,0,4,0,0
1422123,Mumbai Indians,JJ Bumrah,1,1,0,0
1422123,Mumbai Indians,Naman Dhir,20,10,3,1
1422123,Mumbai Indians,PP Chawla,0,1,0,0
1422123,Mumbai Indians,RG Sharma,43,29,7,1
1422123,Mumbai Indians,SZ Mulani,1,1,0,0
1422123,Mumbai Indians,TH David,11,10,1,0
1422123,Mumbai Indians,Tilak Varma,25,19,1,1
1422124,Punjab Kings,Harpreet Brar,2,2,0,0
1422124,Punjab Kings,JM Bairstow,8,6,2,0
1422124,Punjab Kings,JM Sharma,27,20,1,2
1422124,Punjab Kings,LS Livingstone,17,13,1,1
1422124,Punjab Kings,P Simran Singh,25,17,2,2
1422124,Punjab Kings,S Dhawan,45,37,5,1
1422124,Punjab Kings,SM Curran,23,17,3,0
1422124,Punjab Kings,Shashank Singh,21,8,1,2
1422124,Royal Challengers Bengaluru,Anuj Rawat,11,14,1,0
1422124,Royal Challengers Bengaluru,C Green,3,5,0,0
1422124,Royal Challengers Bengaluru,F du Plessis,3,7,0,0
1422124,Royal Challengers Bengaluru,GJ Maxwell,3,5,0,0
1422124,Royal Challengers Bengaluru,KD Karthik,28,10,3,2
1422124,Royal Challengers Bengaluru,MK Lomror,17,8,2,1
1422124,Royal Challengers Bengaluru,RM Patidar,18,18,1,1
1422124,Royal Challengers Bengaluru,V Kohli,77,49,11,2
1422125,Chennai Super Kings,AM Rahane,12,12,1,0
1422125,Chennai Super Kings,DJ Mitchell,24,20,2,0
1422125,Chennai Super Kings,R Ravindra,46,20,6,3
1422125,Chennai Super Kings,RA Jadeja,7,3,1,0
1422125,Chennai Super Kings,RD Gaikwad,46,36,5,1
1422125,Chennai Super Kings,S Dube,51,23,2,5
1422125,Chennai Super Kings,Sameer Rizvi,14,6,0,2
1422125,Gujarat Titans,Azmatullah Omarzai,11,10,1,0
1422125,Gujarat Titans,B Sai Sudharsan,37,31,3,0
1422125,Gujarat Titans,DA Miller,21,16,3,0
1422125,Gujarat Titans,R Tewatia,6,11,1,0
1422125,Gujarat Titans,Rashid Khan,1,2,0,0
1422125,Gujarat Titans,SH Johnson,5,5,1,0
1422125,Gujarat Titans,Shubman Gill,8,5,0,1
1422125,Gujarat Titans,UT Yadav,10,11,0,1
1422125,Gujarat Titans,V Shankar,12,12,0,1
1422125,Gujarat Titans,WP Saha,21,17,4,0
1422126,Mumbai Indians,HH Pandya,24,20,1,1
1422126,Mumbai Indians,Ishan Kishan,34,13,2,4
1422126,Mumbai Indians,Naman Dhir,30,14,2,2
1422126,Mumbai Indians,R Shepherd,15,6,2,1
1422126,Mumbai Indians,RG Sharma,26,12,1,3
1422126,Mumbai Indians,TH David,42,22,2,3
1422126,Mumbai Indians,Tilak Varma,64,33,2,6
1422126,Sunrisers Hyderabad,AK Markram,42,28,2,1
1422126,Sunrisers Hyderabad,Abhishek Sharma,63,22,3,7
1422126,Sunrisers Hyderabad,H Klaasen,80,33,4,7
1422126,Sunrisers Hyderabad,MA Agarwal,11,13,1,0
1422126,Sunrisers Hyderabad,TM Head,62,24,9,3
1422127,Delhi Capitals,AR Patel,15,13,1,0
1422127,Delhi Capitals,Abishek Porel,9,10,0,0
1422127,Delhi Capitals,DA Warner,49,34,5,3
1422127,Delhi Capitals,MR Marsh,23,12,5,0
1422127,Delhi Capitals,RK Bhui,0,2,0,0
1422127,Delhi Capitals,RR Pant,28,26,2,1
1422127,Delhi Capitals,T Stubbs,44,23,2,3
1422127,Rajasthan Royals,Dhruv Jurel,20,12,3,0
1422127,Rajasthan Royals,JC Buttler,11,16,0,0
1422127,Rajasthan Royals,R Ashwin,29,19,0,3
1422127,Rajasthan Royals,R Parag,84,45,7,6
1422127,Rajasthan Royals,SO Hetmyer,14,7,1,1
1422127,Rajasthan Royals,SV Samson,15,14,3,0
1422127,Rajasthan Royals,YBK Jaiswal,5,7,1,0
1422128,Kolkata Knight Riders,PD Salt,30,20,2,2
1422128,Kolkata Knight Riders,RK Singh,5,5,0,0
1422128,Kolkata Knight Riders,SP Narine,47,22,2,5
1422128,Kolkata Knight Riders,SS Iyer,39,24,2,2
1422128,Kolkata Knight Riders,VR Iyer,50,30,3,4
1422128,Royal Challengers Bengaluru,Anuj Rawat,3,3,0,0
1422128,Royal Challengers Bengaluru,C Green,33,21,4,2
1422128,Royal Challengers Bengaluru,F du Plessis,8,6,0,1
1422128,Royal Challengers Bengaluru,GJ Maxwell,28,19,3,1
1422128,Royal Challengers Bengaluru,KD Karthik,20,8,0,3
1422128,Royal Challengers Bengaluru,RM Patidar,3,4,0,0
1422128,Royal Challengers Bengaluru,V Kohli,83,59,4,4
1422129,Lucknow Super Giants,A Badoni,8,10,0,0
1422129,Lucknow Super Giants,D Padikkal,9,6,2,0
1422129,Lucknow Super Giants,KH Pandya,43,22,4,2
1422129,Lucknow Super Giants,KL Rahul,15,9,1,1
1422129,Lucknow Super Giants,MP Stoinis,19,12,0,2
1422129,Lucknow Super Giants,Mohsin Khan,2,1,0,0
1422129,Lucknow Super Giants,N Pooran,42,21,3,3
1422129,Lucknow Super Giants,Q de Kock,54,38,5,2
1422129,Lucknow Super Giants,Ravi Bishnoi,0,1,0,0
1422129,Punjab Kings,JM Bairstow,42,29,3,3
1422129,Punjab Kings,JM Sharma,6,9,1,0
1422129,Punjab Kings,LS Livingstone,28,17,2,2
1422129,Punjab Kings,P Simran Singh,19,7,1,2
1422129,Punjab Kings,S Dhawan,70,50,7,3
1422129,Punjab Kings,SM Curran,0,1,0,0
1422129,Punjab Kings,Shashank Singh,9,7,1,0
1422130,Gujarat Titans,B Sai Sudharsan,45,36,4,1
1422130,Gujarat Titans,DA Miller,44,27,4,2
1422130,Gujarat Titans,Shubman Gill,36,28,2,1
1422130,Gujarat Titans,V Shankar,14,11,2,0
1422130,Gujarat Titans,WP Saha,25,13,1,2
1422130,Sunrisers Hyderabad,AK Markram,17,19,0,0
1422130,Sunrisers Hyderabad,Abdul Samad,29,14,3,1
1422130,Sunrisers Hyderabad,Abhishek Sharma,29,20,2,2
1422130,Sunrisers Hyderabad,H Klaasen,24,13,1,2
1422130,Sunrisers Hyderabad,MA Agarwal,16,17,2,0
1422130,Sunrisers Hyderabad,PJ Cummins,2,2,0,0
1422130,Sunrisers Hyderabad,Shahbaz Ahmed,22,20,1,1
1422130,Sunrisers Hyderabad,TM Head,19,14,3,0
1422130,Sunrisers Hyderabad,Washington Sundar,0,1,0,0
1422131,Chennai Super Kings,AM Rahane,45,30,5,2
1422131,Chennai Super Kings,DJ Mitchell,34,26,1,2
1422131,Chennai Super Kings,MS Dhoni,37,16,4,3
1422131,Chennai Super Kings,R Ravindra,2,12,0,0
1422131,Chennai Super Kings,RA Jadeja,21,17,2,0
1422131,Chennai Super Kings,RD Gaikwad,1,2,0,0
1422131,Chennai Super Kings,S Dube,18,16,1,0
1422131,Chennai Super Kings,Sameer Rizvi,0,1,0,0
1422131,Delhi Capitals,AR Patel,7,8,0,0
1422131,Delhi Capitals,Abishek Porel,9,5,1,0
1422131,Delhi Capitals,DA Warner,52,35,5,3
1422131,Delhi Capitals,MR Marsh,18,12,2,1
1422131,Delhi Capitals,PP Shaw,43,27,4,2
1422131,Delhi Capitals,RR Pant,51,32,4,3
1422131,Delhi Capitals,T Stubbs,0,2,0,0
1422132,Mumbai Indians,Akash Madhwal,4,5,0,0
1422132,Mumbai Indians,D Brevis,0,1,0,0
1422132,Mumbai Indians,G Coetzee,4,9,0,0
1422132,Mumbai Indians,HH Pandya,34,21,6,0
1422132,Mumbai Indians,Ishan Kishan,16,14,2,1
1422132,Mumbai Indians,JJ Bumrah,8,9,1,0
1422132,Mumbai Indians,Naman Dhir,0,1,0,0
1422132,Mumbai Indians,PP Chawla,3,6,0,0
1422132,Mumbai Indians,RG Sharma,0,1,0,0
1422132,Mumbai Indians,TH David,17,24,1,0
1422132,Mumbai Indians,Tilak Varma,32,29,0,2
1422132,Rajasthan Royals,JC Buttler,13,16,2,0
1422132,Rajasthan Royals,R Ashwin,16,16,1,0
1422132,Rajasthan Royals,R Parag,54,39,5,3
1422132,Rajasthan Royals,SB Dubey,8,6,1,0
1422132,Rajasthan Royals,SV Samson,12,10,3,0
1422132,Rajasthan Royals,YBK Jaiswal,10,6,2,0
1422133,Lucknow Super Giants,A Badoni,0,3,0,0
1422133,Lucknow Super Giants,D Padikkal,6,11,0,0
1422133,Lucknow Super Giants,KL Rahul,20,14,0,2
1422133,Lucknow Super Giants,MP Stoinis,24,15,1,2
1422133,Lucknow Super Giants,N Pooran,40,21,1,5
1422133,Lucknow Super Giants,Q de Kock,81,56,8,5
1422133,Royal Challengers Bengaluru,Anuj Rawat,11,21,0,0
1422133,Royal Challengers Bengaluru,C Green,9,9,1,0
1422133,Royal Challengers Bengaluru,F du Plessis,19,13,3,0
1422133,Royal Challengers Bengaluru,GJ Maxwell,0,2,0,0
1422133,Royal Challengers Bengaluru,KD Karthik,4,8,0,0
1422133,Royal Challengers Bengaluru,MK Lomror,33,13,3,3
1422133,Royal Challengers Bengaluru,Mayank Dagar,0,1,0,0
1422133,Royal Challengers Bengaluru,Mohammed Siraj,12,8,0,2
1422133,Royal Challengers Bengaluru,RJW Topley,3,6,0,0
1422133,Royal Challengers Bengaluru,RM Patidar,29,21,2,2
1422133,Royal Challengers Bengaluru,V Kohli,22,16,2,1
1422134,Delhi Capitals,A Nortje,4,6,0,0
1422134,Delhi Capitals,AR Patel,0,1,0,0
1422134,Delhi Capitals,Abishek Porel,0,5,0,0
1422134,Delhi Capitals,DA Warner,18,13,2,1
1422134,Delhi Capitals,I Sharma,1,3,0,0
1422134,Delhi Capitals,MR Marsh,0,2,0,0
1422134,Delhi Capitals,PP Shaw,10,7,2,0
1422134,Delhi Capitals,RR Pant,55,25,4,5
1422134,Delhi Capitals,Rasikh Salam,1,5,0,0
1422134,Delhi Capitals,Sumit Kumar,7,6,0,1
1422134,Delhi Capitals,T Stubbs,54,32,4,4
1422134,Kolkata Knight Riders,A Raghuvanshi,54,27,5,3
1422134,Kolkata Knight Riders,AD Russell,41,19,4,3
1422134,Kolkata Knight Riders,MA Starc,1,1,0,0
1422134,Kolkata Knight Riders,PD Salt,18,12,4,0
1422134,Kolkata Knight Riders,RK Singh,26,7,1,3
1422134,Kolkata Knight Riders,Ramandeep Singh,2,2,0,0
1422134,Kolkata Knight Riders,SP Narine,85,39,7,7
1422134,Kolkata Knight Riders,SS Iyer,18,11,0,2
1422134,Kolkata Knight Riders,VR Iyer,5,2,1,0
1422135,Gujarat Titans,B Sai Sudharsan,33,19,6,0
1422135,Gujarat Titans,KS Williamson,26,22,4,0
1422135,Gujarat Titans,R Tewatia,23,8,3,1
1422135,Gujarat Titans,Shubman Gill,89,48,6,4
1422135,Gujarat Titans,V Shankar,8,10,0,0
1422135,Gujarat Titans,WP Saha,11,13,2,0
1422135,Punjab Kings,Ashutosh Sharma,31,17,3,1
1422135,Punjab Kings,Harpreet Brar,1,2,0,0
1422135,Punjab Kings,JM Bairstow,22,13,4,0
1422135,Punjab Kings,JM Sharma,16,8,0,2
1422135,Punjab Kings,P Simran Singh,35,24,5,1
1422135,Punjab Kings,S Dhawan,1,2,0,0
1422135,Punjab Kings,SM Curran,5,8,0,0
1422135,Punjab Kings,Shashank Singh,61,29,6,4
1422135,Punjab Kings,Sikandar Raza,15,16,0,0
1422136,Chennai Super Kings,AM Rahane,35,30,2,1
1422136,Chennai Super Kings,DJ Mitchell,13,11,1,0
1422136,Chennai Super Kings,MS Dhoni,1,2,0,0
1422136,Chennai Super Kings,R Ravindra,12,9,2,0
1422136,Chennai Super Kings,RA Jadeja,31,23,4,0
1422136,Chennai Super Kings,RD Gaikwad,26,21,3,1
1422136,Chennai Super Kings,S Dube,45,24,2,4
1422136,Sunrisers Hyderabad,AK Markram,50,36,4,1
1422136,Sunrisers Hyderabad,Abhishek Sharma,37,11,3,4
1422136,Sunrisers Hyderabad,H Klaasen,10,11,1,0
1422136,Sunrisers Hyderabad,Nithish Kumar Reddy,14,8,1,1
1422136,Sunrisers Hyderabad,Shahbaz Ahmed,18,19,0,1
1422136,Sunrisers Hyderabad,TM Head,31,24,3,1
1422137,Rajasthan Royals,Dhruv Jurel,2,3,0,0
1422137,Rajasthan Royals,JC Buttler,100,58,9,4
1422137,Rajasthan Royals,R Parag,4,4,1,0
1422137,Rajasthan Royals,SO Hetmyer,11,6,2,0
1422137,Rajasthan Royals,SV Samson,69,42,8,2
1422137,Rajasthan Royals,YBK Jaiswal,0,2,0,0
1422137,Royal Challengers Bengaluru,C Green,5,6,0,0
1422137,Royal Challengers Bengaluru,F du Plessis,44,33,2,2
1422137,Royal Challengers Bengaluru,GJ Maxwell,1,3,0,0
1422137,Royal Challengers Bengaluru,Saurav Chauhan,9,6,0,1
1422137,Royal Challengers Bengaluru,V Kohli,113,72,12,4
1422138,Delhi Capitals,AR Patel,8,7,1,0
1422138,Delhi Capitals,Abishek Porel,41,31,5,0
1422138,Delhi Capitals,DA Warner,10,8,1,1
1422138,Delhi Capitals,JA Richardson,2,2,0,0
1422138,Delhi Capitals,Kumar Kushagra,0,1,0,0
1422138,Delhi Capitals,Lalit Yadav,3,4,0,0
1422138,Delhi Capitals,PP Shaw,66,40,8,3
1422138,Delhi Capitals,RR Pant,1,3,0,0
1422138,Delhi Capitals,T Stubbs,71,24,3,7
1422138,Mumbai Indians,HH Pandya,39,33,3,1
1422138,Mumbai Indians,Ishan Kishan,42,23,4,2
1422138,Mumbai Indians,R Shepherd,39,10,3,4
1422138,Mumbai Indians,RG Sharma,49,27,6,3
1422138,Mumbai Indians,SA Yadav,0,2,0,0
1422138,Mumbai Indians,TH David,45,20,2,4
1422138,Mumbai Indians,Tilak Varma,6,5,1,0
1422139,Gujarat Titans,B Sai Sudharsan,31,21,4,0
1422139,Gujarat Titans,BR Sharath,2,5,0,0
1422139,Gujarat Titans,DG Nalkande,12,11,0,1
1422139,Gujarat Titans,KS Williamson,1,5,0,0
1422139,Gujarat Titans,Noor Ahmad,4,2,1,0
1422139,Gujarat Titans,R Tewatia,30,24,2,2
1422139,Gujarat Titans,Rashid Khan,0,3,0,0
1422139,Gujarat Titans,SH Johnson,0,1,0,0
1422139,Gujarat Titans,Shubman Gill,19,21,2,0
1422139,Gujarat Titans,UT Yadav,2,4,0,0
1422139,Gujarat Titans,V Shankar,17,17,0,1
1422139,Lucknow Super Giants,A Badoni,20,11,3,0
1422139,Lucknow Super Giants,D Padikkal,7,7,1,0
1422139,Lucknow Super Giants,KH Pandya,2,2,0,0
1422139,Lucknow Super Giants,KL Rahul,33,31,3,0
1422139,Lucknow Super Giants,MP Stoinis,58,43,4,2
1422139,Lucknow Super Giants,N Pooran,32,22,0,3
1422139,Lucknow Super Giants,Q de Kock,6,4,0,1
1426260,Chennai Super Kings,DJ Mitchell,25,19,1,1
1426260,Chennai Super Kings,MS Dhoni,1,3,0,0
1426260,Chennai Super Kings,R Ravindra,15,8,3,0
1426260,Chennai Super Kings,RD Gaikwad,67,58,9,0
1426260,Chennai Super Kings,S Dube,28,18,1,3
1426260,Kolkata Knight Riders,A Raghuvanshi,24,18,3,1
1426260,Kolkata Knight Riders,AD Russell,10,9,2,0
1426260,Kolkata Knight Riders,AS Roy,3,3,0,0
1426260,Kolkata Knight Riders,MA Starc,0,3,0,0
1426260,Kolkata Knight Riders,PD Salt,0,1,0,0
1426260,Kolkata Knight Riders,RK Singh,9,13,0,0
1426260,Kolkata Knight Riders,Ramandeep Singh,13,12,0,1
1426260,Kolkata Knight Riders,SP Narine,27,20,3,2
1426260,Kolkata Knight Riders,SS Iyer,34,32,3,0
1426260,Kolkata Knight Riders,VG Arora,1,1,0,0
1426260,Kolkata Knight Riders,VR Iyer,3,8,0,0
1426261,Punjab Kings,Ashutosh Sharma,33,15,3,2
1426261,Punjab Kings,JM Bairstow,0,3,0,0
1426261,Punjab Kings,JM Sharma,19,11,1,1
1426261,Punjab Kings,P Simran Singh,4,6,1,0
1426261,Punjab Kings,S Dhawan,14,16,2,0
1426261,Punjab Kings,SM Curran,29,22,2,2
1426261,Punjab Kings,Shashank Singh,46,25,6,1
1426261,Punjab Kings,Sikandar Raza,28,22,2,2
1426261,Sunrisers Hyderabad,AK Markram,0,2,0,0
1426261,Sunrisers Hyderabad,Abdul Samad,25,12,5,0
1426261,Sunrisers Hyderabad,Abhishek Sharma,16,11,2,1
1426261,Sunrisers Hyderabad,B Kumar,6,8,0,0
1426261,Sunrisers Hyderabad,H Klaasen,9,9,1,0
1426261,Sunrisers Hyderabad,JD Unadkat,6,1,0,1
1426261,Sunrisers Hyderabad,Nithish Kumar Reddy,64,37,4,5
1426261,Sunrisers Hyderabad,PJ Cummins,3,4,0,0
1426261,Sunrisers Hyderabad,RA Tripathi,11,14,1,0
1426261,Sunrisers Hyderabad,Shahbaz Ahmed,14,7,1,1
1426261,Sunrisers Hyderabad,TM Head,21,15,4,0
1426262,Gujarat Titans,A Manohar,1,2,0,0
1426262,Gujarat Titans,B Sai Sudharsan,35,29,3,1
1426262,Gujarat Titans,M Shahrukh Khan,14,8,1,1
1426262,Gujarat Titans,MS Wade,4,6,0,0
1426262,Gujarat Titans,R Tewatia,22,11,3,0
1426262,Gujarat Titans,Rashid Khan,24,10,4,0
1426262,Gujarat Titans,Shubman Gill,72,44,6,2
1426262,Gujarat Titans,V Shankar,16,10,3,0
1426262,Rajasthan Royals,JC Buttler,8,10,0,0
1426262,Rajasthan Royals,R Parag,76,48,3,5
1426262,Rajasthan Royals,SO Hetmyer,13,5,1,1
1426262,Rajasthan Royals,SV Samson,68,38,7,2
1426262,Rajasthan Royals,YBK Jaiswal,24,19,5,0
1426263,Mumbai Indians,HH Pandya,21,6,0,3
1426263,Mumbai Indians,Ishan Kishan,69,34,7,5
1426263,Mumbai Indians,RG Sharma,38,24,3,3
1426263,Mumbai Indians,SA Yadav,52,19,5,4
1426263,Mumbai Indians,Tilak Varma,16,10,3,0
1426263,Royal Challengers Bengaluru,Akash Deep,2,2,0,0
1426263,Royal Challengers Bengaluru,F du Plessis,61,40,4,3
1426263,Royal Challengers Bengaluru,GJ Maxwell,0,4,0,0
1426263,Royal Challengers Bengaluru,KD Karthik,53,23,5,4
1426263,Royal Challengers Bengaluru,MK Lomror,0,1,0,0
1426263,Royal Challengers Bengaluru,RM Patidar,50,26,3,4
1426263,Royal Challengers Bengaluru,Saurav Chauhan,9,8,1,0
1426263,Royal Challengers Bengaluru,V Kohli,3,9,0,0
1426263,Royal Challengers Bengaluru,Vijaykumar Vyshak,0,1,0,0
1426263,Royal Challengers Bengaluru,WG Jacks,8,6,2,0
1426264,Delhi Capitals,DA Warner,8,9,1,0
1426264,Delhi Capitals,J Fraser-McGurk,55,35,2,5
1426264,Delhi Capitals,PP Shaw,32,22,6,0
1426264,Delhi Capitals,RR Pant,41,24,4,2
1426264,Delhi Capitals,SD Hope,11,10,1,0
1426264,Delhi Capitals,T Stubbs,15,9,0,1
1426264,Lucknow Super Giants,A Badoni,55,35,5,1
1426264,Lucknow Super Giants,Arshad Khan,20,16,2,0
1426264,Lucknow Super Giants,D Padikkal,3,6,0,0
1426264,Lucknow Super Giants,DJ Hooda,10,13,0,0
1426264,Lucknow Super Giants,KH Pandya,3,4,0,0
1426264,Lucknow Super Giants,KL Rahul,39,22,5,1
1426264,Lucknow Super Giants,MP Stoinis,8,10,1,0
1426264,Lucknow Super Giants,N Pooran,0,1,0,0
1426264,Lucknow Super Giants,Q de Kock,19,13,4,0
1426265,Punjab Kings,Ashutosh Sharma,31,15,1,3
1426265,Punjab Kings,Atharva Taide,15,12,2,0
1426265,Punjab Kings,Harpreet Brar,3,3,0,0
1426265,Punjab Kings,JM Bairstow,15,19,1,0
1426265,Punjab Kings,JM Sharma,29,24,1,2
1426265,Punjab Kings,LS Livingstone,21,14,2,1
1426265,Punjab Kings,P Simran Singh,10,14,1,0
1426265,Punjab Kings,SM Curran,6,10,0,0
1426265,Punjab Kings,Shashank Singh,9,9,1,0
1426265,Rajasthan Royals,Dhruv Jurel,6,11,0,0
1426265,Rajasthan Royals,KA Maharaj,1,2,0,0
1426265,Rajasthan Royals,R Parag,23,18,1,1
1426265,Rajasthan Royals,R Powell,11,5,2,0
1426265,Rajasthan Royals,SO Hetmyer,27,10,1,3
1426265,Rajasthan Royals,SV Samson,18,14,1,1
1426265,Rajasthan Royals,Tanush Kotian,24,31,3,0
1426265,Rajasthan Royals,YBK Jaiswal,39,28,4,0
1426266,Kolkata Knight Riders,A Raghuvanshi,7,6,0,1
1426266,Kolkata Knight Riders,PD Salt,89,44,14,3
1426266,Kolkata Knight Riders,SP Narine,6,6,1,0
1426266,Kolkata Knight Riders,SS Iyer,38,38,6,0
1426266,Lucknow Super Giants,A Badoni,29,27,2,1
1426266,Lucknow Super Giants,Arshad Khan (2),5,4,1,0
1426266,Lucknow Super Giants,DJ Hooda,8,10,1,0
1426266,Lucknow Super Giants,KH Pandya,7,8,0,0
1426266,Lucknow Super Giants,KL Rahul,39,26,3,2
1426266,Lucknow Super Giants,MP Stoinis,10,5,2,0
1426266,Lucknow Super Giants,N Pooran,45,32,2,4
1426266,Lucknow Super Giants,Q de Kock,10,8,2,0
1426267,Chennai Super Kings,AM Rahane,5,8,1,0
1426267,Chennai Super Kings,DJ Mitchell,17,14,1,0
1426267,Chennai Super Kings,MS Dhoni,20,4,0,3
1426267,Chennai Super Kings,R Ravindra,21,16,2,1
1426267,Chennai Super Kings,RD Gaikwad,69,40,5,5
1426267,Chennai Super Kings,S Dube,66,38,10,2
1426267,Mumbai Indians,HH Pandya,2,6,0,0
1426267,Mumbai Indians,Ishan Kishan,23,15,3,1
1426267,Mumbai Indians,Mohammad Nabi,4,7,0,0
1426267,Mumbai Indians,R Shepherd,1,2,0,0
1426267,Mumbai Indians,RG Sharma,105,63,11,5
1426267,Mumbai Indians,SA Yadav,0,2,0,0
1426267,Mumbai Indians,TH David,13,5,0,2
1426267,Mumbai Indians,Tilak Varma,31,20,5,0
1426268,Royal Challengers Bengaluru,Anuj Rawat,25,14,5,0
1426268,Royal Challengers Bengaluru,F du Plessis,62,28,7,4
1426268,Royal Challengers Bengaluru,KD Karthik,83,35,5,7
1426268,Royal Challengers Bengaluru,MK Lomror,19,11,0,2
1426268,Royal Challengers Bengaluru,RM Patidar,9,5,0,1
1426268,Royal Challengers Bengaluru,Saurav Chauhan,0,1,0,0
1426268,Royal Challengers Bengaluru,V Kohli,42,20,6,2
1426268,Royal Challengers Bengaluru,Vijaykumar Vyshak,1,2,0,0
1426268,Royal Challengers Bengaluru,WG Jacks,7,4,1,0
1426268,Sunrisers Hyderabad,AK Markram,32,16,2,2
1426268,Sunrisers Hyderabad,Abdul Samad,37,10,4,3
1426268,Sunrisers Hyderabad,Abhishek Sharma,34,22,2,2
1426268,Sunrisers Hyderabad,H Klaasen,67,31,2,7
1426268,Sunrisers Hyderabad,TM Head,102,41,9,8
1426269,Kolkata Knight Riders,A Raghuvanshi,30,18,5,0
1426269,Kolkata Knight Riders,AD Russell,13,10,2,0
1426269,Kolkata Knight Riders,PD Salt,10,13,1,0
1426269,Kolkata Knight Riders,RK Singh,20,9,1,2
1426269,Kolkata Knight Riders,Ramandeep Singh,1,1,0,0
1426269,Kolkata Knight Riders,SP Narine,109,56,13,6
1426269,Kolkata Knight Riders,SS Iyer,11,7,1,1
1426269,Kolkata Knight Riders,VR Iyer,8,6,1,0
1426269,Rajasthan Royals,Dhruv Jurel,2,4,0,0
1426269,Rajasthan Royals,JC Buttler,107,59,9,6
1426269,Rajasthan Royals,R Ashwin,8,11,1,0
1426269,Rajasthan Royals,R Parag,34,14,4,2
1426269,Rajasthan Royals,R Powell,26,13,1,3
1426269,Rajasthan Royals,SO Hetmyer,0,1,0,0
1426269,Rajasthan Royals,SV Samson,12,8,2,0
1426269,Rajasthan Royals,TA Boult,0,1,0,0
1426269,Rajasthan Royals,YBK Jaiswal,19,9,3,1
1426270,Delhi Capitals,Abishek Porel,15,7,2,1
1426270,Delhi Capitals,J Fraser-McGurk,20,10,2,2
1426270,Delhi Capitals,PP Shaw,7,6,1,0
1426270,Delhi Capitals,RR Pant,16,11,1,1
1426270,Delhi Capitals,SD Hope,19,10,1,2
1426270,Delhi Capitals,Sumit Kumar,9,9,2,0
1426270,Gujarat Titans,A Manohar,8,14,1,0
1426270,Gujarat Titans,B Sai Sudharsan,12,8,2,0
1426270,Gujarat Titans,DA Miller,2,6,0,0
1426270,Gujarat Titans,M Shahrukh Khan,0,1,0,0
1426270,Gujarat Titans,MM Sharma,2,14,0,0
1426270,Gujarat Titans,Noor Ahmad,1,7,0,0
1426270,Gujarat Titans,R Tewatia,10,14,1,0
1426270,Gujarat Titans,Rashid Khan,31,24,2,1
1426270,Gujarat Titans,SH Johnson,1,1,0,0
1426270,Gujarat Titans,Shubman Gill,8,6,2,0
1426270,Gujarat Titans,WP Saha,2,10,0,0
1426271,Mumbai Indians,HH Pandya,10,6,0,1
1426271,Mumbai Indians,Ishan Kishan,8,8,1,0
1426271,Mumbai Indians,Mohammad Nabi,0,1,0,0
1426271,Mumbai Indians,R Shepherd,1,2,0,0
1426271,Mumbai Indians,RG Sharma,36,25,2,3
1426271,Mumbai Indians,SA Yadav,78,53,7,3
1426271,Mumbai Indians,TH David,14,7,2,1
1426271,Mumbai Indians,Tilak Varma,34,18,2,2
1426271,Punjab Kings,Ashutosh Sharma,61,26,2,7
1426271,Punjab Kings,HV Patel,1,4,0,0
1426271,Punjab Kings,Harpreet Brar,21,20,2,1
1426271,Punjab Kings,Harpreet Singh,13,15,2,0
1426271,Punjab Kings,JM Sharma,9,9,1,0
1426271,Punjab Kings,K Rabada,8,3,0,1
1426271,Punjab Kings,LS Livingstone,1,2,0,0
1426271,Punjab Kings,P Simran Singh,0,1,0,0
1426271,Punjab Kings,RR Rossouw,1,3,0,0
1426271,Punjab Kings,SM Curran,6,7,1,0
1426271,Punjab Kings,Shashank Singh,41,25,2,3
1426272,Chennai Super Kings,AM Rahane,36,24,5,1
1426272,Chennai Super Kings,MM Ali,30,20,0,3
1426272,Chennai Super Kings,MS Dhoni,28,9,3,2
1426272,Chennai Super Kings,R Ravindra,0,1,0,0
1426272,Chennai Super Kings,RA Jadeja,57,40,5,1
1426272,Chennai Super Kings,RD Gaikwad,17,13,1,0
1426272,Chennai Super Kings,S Dube,3,8,0,0
1426272,Chennai Super Kings,Sameer Rizvi,1,5,0,0
1426272,Lucknow Super Giants,KL Rahul,82,53,9,3
1426272,Lucknow Super Giants,MP Stoinis,8,7,1,0
1426272,Lucknow Super Giants,N Pooran,23,11,3,1
1426272,Lucknow Super Giants,Q de Kock,54,43,5,1
1426273,Delhi Capitals,A Nortje,0,2,0,0
1426273,Delhi Capitals,AR Patel,6,8,0,0
1426273,Delhi Capitals,Abishek Porel,42,22,7,1
1426273,Delhi Capitals,DA Warner,1,3,0,0
1426273,Delhi Capitals,J Fraser-McGurk,65,18,5,7
1426273,Delhi Capitals,Kuldeep Yadav,0,1,0,0
1426273,Delhi Capitals,Lalit Yadav,7,8,1,0
1426273,Delhi Capitals,Mukesh Kumar,0,2,0,0
1426273,Delhi Capitals,PP Shaw,16,5,4,0
1426273,Delhi Capitals,RR Pant,44,35,5,1
1426273,Delhi Capitals,T Stubbs,10,11,0,0
1426273,Sunrisers Hyderabad,AK Markram,1,3,0,0
1426273,Sunrisers Hyderabad,Abdul Samad,13,8,1,1
1426273,Sunrisers Hyderabad,Abhishek Sharma,46,12,2,6
1426273,Sunrisers Hyderabad,H Klaasen,15,8,0,2
1426273,Sunrisers Hyderabad,Nithish Kumar Reddy,37,27,2,2
1426273,Sunrisers Hyderabad,PJ Cummins,1,1,0,0
1426273,Sunrisers Hyderabad,Shahbaz Ahmed,59,29,2,5
1426273,Sunrisers Hyderabad,TM Head,89,32,11,6
1426274,Kolkata Knight Riders,A Raghuvanshi,3,4,0,0
1426274,Kolkata Knight Riders,AD Russell,27,19,4,0
1426274,Kolkata Knight Riders,PD Salt,48,14,7,3
1426274,Kolkata Knight Riders,RK Singh,24,16,2,1
1426274,Kolkata Knight Riders,Ramandeep Singh,24,9,2,2
1426274,Kolkata Knight Riders,SP Narine,10,15,2,0
1426274,Kolkata Knight Riders,SS Iyer,50,36,7,1
1426274,Kolkata Knight Riders,VR Iyer,16,8,3,0
1426274,Royal Challengers Bengaluru,C Green,6,4,0,1
1426274,Royal Challengers Bengaluru,F du Plessis,7,7,1,0
1426274,Royal Challengers Bengaluru,KD Karthik,25,18,3,1
1426274,Royal Challengers Bengaluru,KV Sharma,20,7,0,3
1426274,Royal Challengers Bengaluru,LH Ferguson,1,1,0,0
1426274,Royal Challengers Bengaluru,MK Lomror,4,3,1,0
1426274,Royal Challengers Bengaluru,RM Patidar,52,23,3,5
1426274,Royal Challengers Bengaluru,SS Prabhudessai,24,18,3,0
1426274,Royal Challengers Bengaluru,V Kohli,18,7,1,2
1426274,Royal Challengers Bengaluru,WG Jacks,55,32,4,5
1426275,Gujarat Titans,Azmatullah Omarzai,13,10,0,1
1426275,Gujarat Titans,B Sai Sudharsan,31,34,3,0
1426275,Gujarat Titans,DA Miller,4,6,0,0
1426275,Gujarat Titans,M Shahrukh Khan,8,4,0,1
1426275,Gujarat Titans,R Tewatia,36,18,7,0
1426275,Gujarat Titans,Rashid Khan,3,3,0,0
1426275,Gujarat Titans,Shubman Gill,35,29,5,0
1426275,Gujarat Titans,WP Saha,13,11,1,0
1426275,Punjab Kings,Ashutosh Sharma,3,8,0,0
1426275,Punjab Kings,HV Patel,0,1,0,0
1426275,Punjab Kings,Harpreet Brar,29,12,4,1
1426275,Punjab Kings,Harpreet Singh,14,19,0,0
1426275,Punjab Kings,JM Sharma,13,12,0,1
1426275,Punjab Kings,K Rabada,1,1,0,0
1426275,Punjab Kings,LS Livingstone,6,9,1,0
1426275,Punjab Kings,P Simran Singh,35,20,3,3
1426275,Punjab Kings,RR Rossouw,9,7,2,0
1426275,Punjab Kings,SM Curran,20,19,2,0
1426275,Punjab Kings,Shashank Singh,8,12,0,0
1426276,Mumbai Indians,G Coetzee,0,1,0,0
1426276,Mumbai Indians,HH Pandya,10,10,1,0
1426276,Mumbai Indians,Ishan Kishan,0,3,0,0
1426276,Mumbai Indians,JJ Bumrah,2,1,0,0
1426276,Mumbai Indians,Mohammad Nabi,23,17,2,1
1426276,Mumbai Indians,N Wadhera,49,24,3,4
1426276,Mumbai Indians,PP Chawla,1,1,0,0
1426276,Mumbai Indians,RG Sharma,6,5,1,0
1426276,Mumbai Indians,SA Yadav,10,8,2,0
1426276,Mumbai Indians,TH David,3,5,0,0
1426276,Mumbai Indians,Tilak Varma,65,45,5,3
1426276,Rajasthan Royals,JC Buttler,35,25,6,0
1426276,Rajasthan Royals,SV Samson,38,27,2,2
1426276,Rajasthan Royals,YBK Jaiswal,104,60,9,7
1426277,Chennai Super Kings,AM Rahane,1,3,0,0
1426277,Chennai Super Kings,DJ Mitchell,11,10,1,0
1426277,Chennai Super Kings,MS Dhoni,4,1,1,0
1426277,Chennai Super Kings,RA Jadeja,16,19,2,0
1426277,Chennai Super Kings,RD Gaikwad,108,60,12,3
1426277,Chennai Super Kings,S Dube,66,27,3,7
1426277,Lucknow Super Giants,D Padikkal,13,18,0,0
1426277,Lucknow Super Giants,DJ Hooda,17,6,2,1
1426277,Lucknow Super Giants,KL Rahul,16,14,1,1
1426277,Lucknow Super Giants,MP Stoinis,124,61,13,6
1426277,Lucknow Super Giants,N Pooran,34,15,3,2
1426277,Lucknow Super Giants,Q de Kock,0,3,0,0
1426278,Delhi Capitals,AR Patel,66,43,5,4
1426278,Delhi Capitals,J Fraser-McGurk,23,14,2,2
1426278,Delhi Capitals,PP Shaw,11,7,2,0
1426278,Delhi Capitals,RR Pant,88,43,5,8
1426278,Delhi Capitals,SD Hope,5,6,1,0
1426278,Delhi Capitals,T Stubbs,26,7,3,2
1426278,Gujarat Titans,Azmatullah Omarzai,1,2,0,0
1426278,Gujarat Titans,B Sai Sudharsan,65,39,7,2
1426278,Gujarat Titans,DA Miller,55,23,6,3
1426278,Gujarat Titans,M Shahrukh Khan,8,5,0,1
1426278,Gujarat Titans,R Sai Kishore,13,6,0,2
1426278,Gujarat Titans,R Tewatia,4,5,0,0
1426278,Gujarat Titans,Rashid Khan,21,10,3,1
1426278,Gujarat Titans,Shubman Gill,6,5,1,0
1426278,Gujarat Titans,WP Saha,39,25,5,1
1426279,Royal Challengers Bengaluru,C Green,37,20,5,0
1426279,Royal Challengers Bengaluru,F du Plessis,25,12,3,1
1426279,Royal Challengers Bengaluru,KD Karthik,11,6,2,0
1426279,Royal Challengers Bengaluru,MK Lomror,7,4,1,0
1426279,Royal Challengers Bengaluru,RM Patidar,50,20,2,5
1426279,Royal Challengers Bengaluru,Swapnil Singh,12,6,1,1
1426279,Royal Challengers Bengaluru,V Kohli,51,43,4,1
1426279,Royal Challengers Bengaluru,WG Jacks,6,9,0,0
1426279,Sunrisers Hyderabad,AK Markram,7,8,1,0
1426279,Sunrisers Hyderabad,Abdul Samad,10,6,0,1
1426279,Sunrisers Hyderabad,Abhishek Sharma,31,13,3,2
1426279,Sunrisers Hyderabad,B Kumar,13,13,3,0
1426279,Sunrisers Hyderabad,H Klaasen,7,2,0,1
1426279,Sunrisers Hyderabad,JD Unadkat,8,10,1,0
1426279,Sunrisers Hyderabad,Nithish Kumar Reddy,13,13,0,1
1426279,Sunrisers Hyderabad,PJ Cummins,31,15,1,3
1426279,Sunrisers Hyderabad,Shahbaz Ahmed,40,37,1,1
1426279,Sunrisers Hyderabad,TM Head,1,3,0,0
1426280,Kolkata Knight Riders,AD Russell,24,12,2,2
1426280,Kolkata Knight Riders,PD Salt,75,36,6,6
1426280,Kolkata Knight Riders,RK Singh,5,4,1,0
1426280,Kolkata Knight Riders,Ramandeep Singh,6,3,0,1
1426280,Kolkata Knight Riders,SP Narine,71,32,9,4
1426280,Kolkata Knight Riders,SS Iyer,28,10,1,3
1426280,Kolkata Knight Riders,VR Iyer,39,23,3,2
1426280,Punjab Kings,JM Bairstow,108,48,8,9
1426280,Punjab Kings,P Simran Singh,54,20,4,5
1426280,Punjab Kings,RR Rossouw,26,16,1,2
1426280,Punjab Kings,Shashank Singh,68,28,2,8
1426281,Delhi Capitals,AR Patel,11,6,0,1
1426281,Delhi Capitals,Abishek Porel,36,27,3,1
1426281,Delhi Capitals,J Fraser-McGurk,84,26,11,6
1426281,Delhi Capitals,RR Pant,29,19,2,2
1426281,Delhi Capitals,SD Hope,41,17,0,5
1426281,Delhi Capitals,T Stubbs,48,25,6,2
1426281,Mumbai Indians,HH Pandya,46,24,4,3
1426281,Mumbai Indians,Ishan Kishan,20,14,4,0
1426281,Mumbai Indians,L Wood,9,3,0,1
1426281,Mumbai Indians,Mohammad Nabi,7,4,0,1
1426281,Mumbai Indians,N Wadhera,4,2,1,0
1426281,Mumbai Indians,PP Chawla,10,4,1,1
1426281,Mumbai Indians,RG Sharma,8,7,1,0
1426281,Mumbai Indians,SA Yadav,26,13,3,2
1426281,Mumbai Indians,TH David,37,17,2,3
1426281,Mumbai Indians,Tilak Varma,63,32,4,4
1426282,Lucknow Super Giants,A Badoni,18,13,1,0
1426282,Lucknow Super Giants,DJ Hooda,50,31,7,0
1426282,Lucknow Super Giants,KH Pandya,15,11,1,0
1426282,Lucknow Super Giants,KL Rahul,76,47,8,2
1426282,Lucknow Super Giants,MP Stoinis,0,4,0,0
1426282,Lucknow Super Giants,N Pooran,11,11,1,0
1426282,Lucknow Super Giants,Q de Kock,8,3,2,0
1426282,Rajasthan Royals,Dhruv Jurel,52,34,5,2
1426282,Rajasthan Royals,JC Buttler,34,18,4,1
1426282,Rajasthan Royals,R Parag,14,11,0,1
1426282,Rajasthan Royals,SV Samson,71,33,7,4
1426282,Rajasthan Royals,YBK Jaiswal,24,18,3,1
1426283,Gujarat Titans,B Sai Sudharsan,84,48,8,4
1426283,Gujarat Titans,DA Miller,26,19,2,1
1426283,Gujarat Titans,M Shahrukh Khan,58,30,3,5
1426283,Gujarat Titans,Shubman Gill,16,19,1,0
1426283,Gujarat Titans,WP Saha,5,4,1,0
1426283,Royal Challengers Bengaluru,F du Plessis,24,12,1,3
1426283,Royal Challengers Bengaluru,V Kohli,70,44,6,3
1426283,Royal Challengers Bengaluru,WG Jacks,100,40,5,10
1426284,Chennai Super Kings,AM Rahane,9,12,1,0
1426284,Chennai Super Kings,DJ Mitchell,52,32,7,1
1426284,Chennai Super Kings,MS Dhoni,5,2,1,0
1426284,Chennai Super Kings,RD Gaikwad,98,54,10,3
1426284,Chennai Super Kings,S Dube,39,20,1,4
1426284,Sunrisers Hyderabad,AK Markram,32,25,4,0
1426284,Sunrisers Hyderabad,Abdul Samad,19,18,1,1
1426284,Sunrisers Hyderabad,Abhishek Sharma,15,9,1,1
1426284,Sunrisers Hyderabad,Anmolpreet Singh,0,1,0,0
1426284,Sunrisers Hyderabad,B Kumar,4,3,0,0
1426284,Sunrisers Hyderabad,H Klaasen,20,21,0,1
1426284,Sunrisers Hyderabad,JD Unadkat,1,2,0,0
1426284,Sunrisers Hyderabad,Nithish Kumar Reddy,15,15,0,0
1426284,Sunrisers Hyderabad,PJ Cummins,5,7,1,0
1426284,Sunrisers Hyderabad,Shahbaz Ahmed,7,5,1,0
1426284,Sunrisers Hyderabad,TM Head,13,7,1,1
1426285,Delhi Capitals,AR Patel,15,21,2,0
1426285,Delhi Capitals,Abishek Porel,18,15,2,1
1426285,Delhi Capitals,J Fraser-McGurk,12,6,1,1
1426285,Delhi Capitals,Kuldeep Yadav,35,26,5,1
1426285,Delhi Capitals,Kumar Kushagra,1,3,0,0
1426285,Delhi Capitals,LB Williams,1,2,0,0
1426285,Delhi Capitals,PP Shaw,13,7,3,0
1426285,Delhi Capitals,RR Pant,27,20,2,1
1426285,Delhi Capitals,Rasikh Salam,8,10,1,0
1426285,Delhi Capitals,SD Hope,6,3,0,1
1426285,Delhi Capitals,T Stubbs,4,7,0,0
1426285,Kolkata Knight Riders,PD Salt,68,33,7,5
1426285,Kolkata Knight Riders,RK Singh,11,11,1,0
1426285,Kolkata Knight Riders,SP Narine,15,10,3,0
1426285,Kolkata Knight Riders,SS Iyer,33,23,3,1
1426285,Kolkata Knight Riders,VR Iyer,26,23,2,1
1426286,Lucknow Super Giants,A Badoni,6,6,1,0
1426286,Lucknow Super Giants,AA Kulkarni,0,1,0,0
1426286,Lucknow Super Giants,AJ Turner,5,9,0,0
1426286,Lucknow Super Giants,DJ Hooda,18,18,2,0
1426286,Lucknow Super Giants,KH Pandya,1,1,0,0
1426286,Lucknow Super Giants,KL Rahul,28,22,3,1
1426286,Lucknow Super Giants,MP Stoinis,62,45,7,2
1426286,Lucknow Super Giants,N Pooran,14,14,1,0
1426286,Mumbai Indians,G Coetzee,1,2,0,0
1426286,Mumbai Indians,HH Pandya,0,1,0,0
1426286,Mumbai Indians,Ishan Kishan,32,35,3,0
1426286,Mumbai Indians,Mohammad Nabi,1,2,0,0
1426286,Mumbai Indians,N Wadhera,46,41,4,2
1426286,Mumbai Indians,RG Sharma,4,5,1,0
1426286,Mumbai Indians,SA Yadav,10,6,0,1
1426286,Mumbai Indians,TH David,35,17,3,1
1426286,Mumbai Indians,Tilak Varma,7,11,1,0
1426287,Chennai Super Kings,AM Rahane,29,24,5,0
1426287,Chennai Super Kings,DJ Mitchell,1,1,0,0
1426287,Chennai Super Kings,MM Ali,15,9,1,1
1426287,Chennai Super Kings,MS Dhoni,14,11,1,1
1426287,Chennai Super Kings,RA Jadeja,2,4,0,0
1426287,Chennai Super Kings,RD Gaikwad,62,47,5,2
1426287,Chennai Super Kings,S Dube,0,1,0,0
1426287,Chennai Super Kings,Sameer Rizvi,21,23,1,0
1426287,Punjab Kings,JM Bairstow,46,30,7,1
1426287,Punjab Kings,P Simran Singh,13,10,1,1
1426287,Punjab Kings,RR Rossouw,43,23,5,2
1426287,Punjab Kings,SM Curran,26,18,3,0
1426287,Punjab Kings,Shashank Singh,25,26,1,1
1426288,Rajasthan Royals,Dhruv Jurel,1,3,0,0
1426288,Rajasthan Royals,JC Buttler,0,1,0,0
1426288,Rajasthan Royals,R Ashwin,2,2,0,0
1426288,Rajasthan Royals,R Parag,77,48,8,4
1426288,Rajasthan Royals,R Powell,27,15,3,1
1426288,Rajasthan Royals,SO Hetmyer,13,9,1,1
1426288,Rajasthan Royals,SV Samson,0,3,0,0
1426288,Rajasthan Royals,YBK Jaiswal,67,39,7,2
1426288,Sunrisers Hyderabad,Abhishek Sharma,12,10,0,1
1426288,Sunrisers Hyderabad,Anmolpreet Singh,5,5,1,0
1426288,Sunrisers Hyderabad,H Klaasen,42,19,3,3
1426288,Sunrisers Hyderabad,Nithish Kumar Reddy,76,42,3,8
1426288,Sunrisers Hyderabad,TM Head,58,44,6,3
1426289,Kolkata Knight Riders,A Raghuvanshi,13,6,0,2
1426289,Kolkata Knight Riders,AD Russell,7,2,0,1
1426289,Kolkata Knight Riders,MA Starc,0,2,0,0
1426289,Kolkata Knight Riders,MK Pandey,42,30,2,2
1426289,Kolkata Knight Riders,PD Salt,5,3,1,0
1426289,Kolkata Knight Riders,RK Singh,9,8,2,0
1426289,Kolkata Knight Riders,Ramandeep Singh,2,4,0,0
1426289,Kolkata Knight Riders,SP Narine,8,8,0,1
1426289,Kolkata Knight Riders,SS Iyer,6,4,1,0
1426289,Kolkata Knight Riders,VR Iyer,70,52,6,3
1426289,Mumbai Indians,G Coetzee,8,7,0,1
1426289,Mumbai Indians,HH Pandya,1,3,0,0
1426289,Mumbai Indians,Ishan Kishan,13,7,1,1
1426289,Mumbai Indians,JJ Bumrah,1,1,0,0
1426289,Mumbai Indians,N Wadhera,6,11,1,0
1426289,Mumbai Indians,Naman Dhir,11,11,2,0
1426289,Mumbai Indians,PP Chawla,0,1,0,0
1426289,Mumbai Indians,RG Sharma,11,12,0,1
1426289,Mumbai Indians,SA Yadav,56,34,6,2
1426289,Mumbai Indians,TH David,24,20,1,1
1426289,Mumbai Indians,Tilak Varma,4,6,0,0
1426290,Gujarat Titans,B Sai Sudharsan,6,14,0,0
1426290,Gujarat Titans,DA Miller,30,20,3,2
1426290,Gujarat Titans,M Shahrukh Khan,37,24,5,1
1426290,Gujarat Titans,MJ Suthar,1,2,0,0
1426290,Gujarat Titans,MM Sharma,0,1,0,0
1426290,Gujarat Titans,R Tewatia,35,21,5,1
1426290,Gujarat Titans,Rashid Khan,18,14,2,1
1426290,Gujarat Titans,Shubman Gill,2,7,0,0
1426290,Gujarat Titans,V Shankar,10,7,2,0
1426290,Gujarat Titans,WP Saha,1,7,0,0
1426290,Royal Challengers Bengaluru,C Green,1,2,0,0
1426290,Royal Challengers Bengaluru,F du Plessis,64,23,10,3
1426290,Royal Challengers Bengaluru,GJ Maxwell,4,3,1,0
1426290,Royal Challengers Bengaluru,KD Karthik,21,12,3,0
1426290,Royal Challengers Bengaluru,RM Patidar,2,3,0,0
1426290,Royal Challengers Bengaluru,Swapnil Singh,15,9,2,1
1426290,Royal Challengers Bengaluru,V Kohli,42,27,2,4
1426290,Royal Challengers Bengaluru,WG Jacks,1,3,0,0
1426291,Chennai Super Kings,AM Rahane,9,7,1,0
1426291,Chennai Super Kings,DJ Mitchell,30,19,2,1
1426291,Chennai Super Kings,MJ Santner,11,11,1,0
1426291,Chennai Super Kings,MM Ali,17,20,2,0
1426291,Chennai Super Kings,MS Dhoni,0,1,0,0
1426291,Chennai Super Kings,RA Jadeja,43,26,3,2
1426291,Chennai Super Kings,RD Gaikwad,32,21,4,1
1426291,Chennai Super Kings,RJ Gleeson,2,2,0,0
1426291,Chennai Super Kings,S Dube,0,1,0,0
1426291,Chennai Super Kings,SN Thakur,17,11,2,1
1426291,Chennai Super Kings,TU Deshpande,0,1,0,0
1426291,Punjab Kings,Ashutosh Sharma,3,10,0,0
1426291,Punjab Kings,HV Patel,12,13,1,1
1426291,Punjab Kings,Harpreet Brar,17,13,2,0
1426291,Punjab Kings,JM Bairstow,7,6,1,0
1426291,Punjab Kings,JM Sharma,0,1,0,0
1426291,Punjab Kings,K Rabada,11,10,0,1
1426291,Punjab Kings,P Simran Singh,30,23,2,2
1426291,Punjab Kings,RD Chahar,16,10,2,1
1426291,Punjab Kings,RR Rossouw,0,3,0,0
1426291,Punjab Kings,SM Curran,7,11,0,0
1426291,Punjab Kings,Shashank Singh,27,20,4,0
1426292,Kolkata Knight Riders,A Raghuvanshi,32,26,3,1
1426292,Kolkata Knight Riders,AD Russell,12,8,1,1
1426292,Kolkata Knight Riders,PD Salt,32,14,5,1
1426292,Kolkata Knight Riders,RK Singh,16,11,2,0
1426292,Kolkata Knight Riders,Ramandeep Singh,25,6,1,3
1426292,Kolkata Knight Riders,SP Narine,81,39,6,7
1426292,Kolkata Knight Riders,SS Iyer,23,15,3,0
1426292,Kolkata Knight Riders,VR Iyer,1,1,0,0
1426292,Lucknow Super Giants,A Badoni,15,12,0,1
1426292,Lucknow Super Giants,AA Kulkarni,9,7,2,0
1426292,Lucknow Super Giants,AJ Turner,16,9,0,2
1426292,Lucknow Super Giants,DJ Hooda,5,3,1,0
1426292,Lucknow Super Giants,KH Pandya,5,6,0,0
1426292,Lucknow Super Giants,KL Rahul,25,21,3,0
1426292,Lucknow Super Giants,MP Stoinis,36,21,4,2
1426292,Lucknow Super Giants,N Pooran,10,8,0,1
1426292,Lucknow Super Giants,Ravi Bishnoi,2,3,0,0
1426292,Lucknow Super Giants,Yudhvir Singh,7,7,0,1
1426293,Mumbai Indians,Ishan Kishan,9,7,2,0
1426293,Mumbai Indians,Naman Dhir,0,9,0,0
1426293,Mumbai Indians,RG Sharma,4,5,1,0
1426293,Mumbai Indians,SA Yadav,102,51,12,6
1426293,Mumbai Indians,Tilak Varma,37,32,6,0
1426293,Sunrisers Hyderabad,Abdul Samad,3,4,0,0
1426293,Sunrisers Hyderabad,Abhishek Sharma,11,16,0,1
1426293,Sunrisers Hyderabad,H Klaasen,2,4,0,0
1426293,Sunrisers Hyderabad,M Jansen,17,12,1,1
1426293,Sunrisers Hyderabad,MA Agarwal,5,6,1,0
1426293,Sunrisers Hyderabad,Nithish Kumar Reddy,20,15,2,0
1426293,Sunrisers Hyderabad,PJ Cummins,35,16,2,2
1426293,Sunrisers Hyderabad,Sanvir Singh,8,7,0,0
1426293,Sunrisers Hyderabad,Shahbaz Ahmed,10,12,0,0
1426293,Sunrisers Hyderabad,TM Head,48,28,7,1
1426294,Delhi Capitals,AR Patel,15,10,1,1
1426294,Delhi Capitals,Abishek Porel,65,36,7,3
1426294,Delhi Capitals,Gulbadin Naib,19,15,1,1
1426294,Delhi Capitals,J Fraser-McGurk,50,20,7,3
1426294,Delhi Capitals,Kuldeep Yadav,5,2,1,0
1426294,Delhi Capitals,RR Pant,15,13,0,1
1426294,Delhi Capitals,Rasikh Salam,9,3,2,0
1426294,Delhi Capitals,SD Hope,1,1,0,0
1426294,Delhi Capitals,T Stubbs,41,20,3,3
1426294,Rajasthan Royals,Avesh Khan,7,3,1,0
1426294,Rajasthan Royals,D Ferreira,1,3,0,0
1426294,Rajasthan Royals,JC Buttler,19,17,2,1
1426294,Rajasthan Royals,R Ashwin,2,3,0,0
1426294,Rajasthan Royals,R Parag,27,22,1,3
1426294,Rajasthan Royals,R Powell,13,10,1,1
1426294,Rajasthan Royals,SB Dubey,25,12,2,2
1426294,Rajasthan Royals,SV Samson,86,45,8,6
1426294,Rajasthan Royals,TA Boult,2,3,0,0
1426294,Rajasthan Royals,YBK Jaiswal,4,2,1,0
1426295,Lucknow Super Giants,A Badoni,55,30,9,0
1426295,Lucknow Super Giants,KH Pandya,24,21,0,2
1426295,Lucknow Super Giants,KL Rahul,29,33,1,1
1426295,Lucknow Super Giants,MP Stoinis,3,5,0,0
1426295,Lucknow Super Giants,N Pooran,48,26,6,1
1426295,Lucknow Super Giants,Q de Kock,2,5,0,0
1426295,Sunrisers Hyderabad,Abhishek Sharma,75,28,8,6
1426295,Sunrisers Hyderabad,TM Head,89,30,8,8
1426296,Punjab Kings,Arshdeep Singh,4,3,1,0
1426296,Punjab Kings,Ashutosh Sharma,8,5,0,1
1426296,Punjab Kings,HV Patel,0,1,0,0
1426296,Punjab Kings,JM Bairstow,27,16,4,1
1426296,Punjab Kings,JM Sharma,5,4,1,0
1426296,Punjab Kings,LS Livingstone,0,2,0,0
1426296,Punjab Kings,P Simran Singh,6,4,1,0
1426296,Punjab Kings,RD Chahar,5,5,1,0
1426296,Punjab Kings,RR Rossouw,61,27,9,3
1426296,Punjab Kings,SM Curran,22,16,2,0
1426296,Punjab Kings,Shashank Singh,37,19,4,2
1426296,Royal Challengers Bengaluru,C Green,46,27,5,1
1426296,Royal Challengers Bengaluru,F du Plessis,9,7,2,0
1426296,Royal Challengers Bengaluru,KD Karthik,18,6,1,2
1426296,Royal Challengers Bengaluru,MK Lomror,0,2,0,0
1426296,Royal Challengers Bengaluru,RM Patidar,55,23,3,6
1426296,Royal Challengers Bengaluru,Swapnil Singh,1,1,0,0
1426296,Royal Challengers Bengaluru,V Kohli,92,47,7,6
1426296,Royal Challengers Bengaluru,WG Jacks,12,7,1,1
1426297,Chennai Super Kings,AM Rahane,1,5,0,0
1426297,Chennai Super Kings,DJ Mitchell,63,34,7,3
1426297,Chennai Super Kings,MJ Santner,0,2,0,0
1426297,Chennai Super Kings,MM Ali,56,36,4,4
1426297,Chennai Super Kings,MS Dhoni,26,11,1,3
1426297,Chennai Super Kings,R Ravindra,1,2,0,0
1426297,Chennai Super Kings,RA Jadeja,18,10,2,1
1426297,Chennai Super Kings,RD Gaikwad,0,3,0,0
1426297,Chennai Super Kings,S Dube,21,13,2,1
1426297,Chennai Super Kings,SN Thakur,3,4,0,0
1426297,Gujarat Titans,B Sai Sudharsan,103,51,5,8
1426297,Gujarat Titans,DA Miller,16,11,1,0
1426297,Gujarat Titans,M Shahrukh Khan,2,3,0,0
1426297,Gujarat Titans,Shubman Gill,104,55,9,6
1426298,Kolkata Knight Riders,AD Russell,24,14,2,2
1426298,Kolkata Knight Riders,MA Starc,2,2,0,0
1426298,Kolkata Knight Riders,N Rana,33,23,4,1
1426298,Kolkata Knight Riders,PD Salt,6,5,0,1
1426298,Kolkata Knight Riders,RK Singh,20,12,0,2
1426298,Kolkata Knight Riders,Ramandeep Singh,17,8,1,1
1426298,Kolkata Knight Riders,SP Narine,0,1,0,0
1426298,Kolkata Knight Riders,SS Iyer,7,10,1,0
1426298,Kolkata Knight Riders,VR Iyer,42,21,6,2
1426298,Mumbai Indians,A Kamboj,2,2,0,0
1426298,Mumbai Indians,HH Pandya,2,4,0,0
1426298,Mumbai Indians,Ishan Kishan,40,22,5,2
1426298,Mumbai Indians,N Wadhera,3,3,0,0
1426298,Mumbai Indians,Naman Dhir,17,6,1,2
1426298,Mumbai Indians,PP Chawla,1,2,0,0
1426298,Mumbai Indians,RG Sharma,19,24,1,1
1426298,Mumbai Indians,SA Yadav,11,14,1,0
1426298,Mumbai Indians,TH David,0,3,0,0
1426298,Mumbai Indians,Tilak Varma,32,17,5,1
1426299,Chennai Super Kings,DJ Mitchell,22,13,4,0
1426299,Chennai Super Kings,MM Ali,10,13,0,0
1426299,Chennai Super Kings,R Ravindra,27,18,1,2
1426299,Chennai Super Kings,RA Jadeja,5,6,0,0
1426299,Chennai Super Kings,RD Gaikwad,42,41,1,2
1426299,Chennai Super Kings,S Dube,18,11,2,1
1426299,Chennai Super Kings,Sameer Rizvi,15,8,3,0
1426299,Rajasthan Royals,Dhruv Jurel,28,18,1,2
1426299,Rajasthan Royals,JC Buttler,21,25,2,0
1426299,Rajasthan Royals,R Ashwin,1,1,0,0
1426299,Rajasthan Royals,R Parag,47,35,1,3
1426299,Rajasthan Royals,SB Dubey,0,1,0,0
1426299,Rajasthan Royals,SV Samson,15,19,0,0
1426299,Rajasthan Royals,YBK Jaiswal,24,21,3,1
1426300,Delhi Capitals,AR Patel,57,39,5,3
1426300,Delhi Capitals,Abishek Porel,2,3,0,0
1426300,Delhi Capitals,DA Warner,1,2,0,0
1426300,Delhi Capitals,I Sharma,0,4,0,0
1426300,Delhi Capitals,J Fraser-McGurk,21,8,2,2
1426300,Delhi Capitals,Kuldeep Yadav,6,10,0,0
1426300,Delhi Capitals,Kumar Kushagra,2,3,0,0
1426300,Delhi Capitals,Mukesh Kumar,3,7,0,0
1426300,Delhi Capitals,Rasikh Salam,10,12,1,0
1426300,Delhi Capitals,SD Hope,29,23,4,0
1426300,Delhi Capitals,T Stubbs,3,4,0,0
1426300,Royal Challengers Bengaluru,C Green,32,24,1,2
1426300,Royal Challengers Bengaluru,F du Plessis,6,7,1,0
1426300,Royal Challengers Bengaluru,KD Karthik,0,2,0,0
1426300,Royal Challengers Bengaluru,KV Sharma,6,4,1,0
1426300,Royal Challengers Bengaluru,MK Lomror,13,8,0,1
1426300,Royal Challengers Bengaluru,RM Patidar,52,32,3,3
1426300,Royal Challengers Bengaluru,Swapnil Singh,0,1,0,0
1426300,Royal Challengers Bengaluru,V Kohli,27,13,1,3
1426300,Royal Challengers Bengaluru,WG Jacks,41,29,3,2
1426302,Delhi Capitals,AR Patel,14,10,2,0
1426302,Delhi Capitals,Abishek Porel,58,33,5,4
1426302,Delhi Capitals,J Fraser-McGurk,0,2,0,0
1426302,Delhi Capitals,RR Pant,33,23,5,0
1426302,Delhi Capitals,SD Hope,38,27,3,2
1426302,Delhi Capitals,T Stubbs,57,25,3,4
1426302,Lucknow Super Giants,A Badoni,6,9,0,0
1426302,Lucknow Super Giants,Arshad Khan,58,33,3,5
1426302,Lucknow Super Giants,DJ Hooda,0,2,0,0
1426302,Lucknow Super Giants,KH Pandya,18,18,2,0
1426302,Lucknow Super Giants,KL Rahul,5,3,1,0
1426302,Lucknow Super Giants,MP Stoinis,5,7,1,0
1426302,Lucknow Super Giants,N Pooran,61,27,6,4
1426302,Lucknow Super Giants,Naveen-ul-Haq,2,4,0,0
1426302,Lucknow Super Giants,Q de Kock,12,8,2,0
1426302,Lucknow Super Giants,Ravi Bishnoi,2,2,0,0
1426302,Lucknow Super Giants,Yudhvir Singh,14,7,1,1
1426303,Punjab Kings,Ashutosh Sharma,17,11,1,1
1426303,Punjab Kings,JM Bairstow,14,22,1,0
1426303,Punjab Kings,JM Sharma,22,20,0,2
1426303,Punjab Kings,P Simran Singh,6,4,1,0
1426303,Punjab Kings,RR Rossouw,22,13,5,0
1426303,Punjab Kings,SM Curran,63,41,5,3
1426303,Punjab Kings,Shashank Singh,0,2,0,0
1426303,Rajasthan Royals,Avesh Khan,3,2,0,0
1426303,Rajasthan Royals,D Ferreira,7,8,0,0
1426303,Rajasthan Royals,Dhruv Jurel,0,1,0,0
1426303,Rajasthan Royals,R Ashwin,28,19,3,1
1426303,Rajasthan Royals,R Parag,48,34,6,0
1426303,Rajasthan Royals,R Powell,4,5,1,0
1426303,Rajasthan Royals,SV Samson,18,15,3,0
1426303,Rajasthan Royals,T Kohler-Cadmore,18,23,2,1
1426303,Rajasthan Royals,TA Boult,12,9,2,0
1426303,Rajasthan Royals,YBK Jaiswal,4,4,1,0
1426305,Lucknow Super Giants,A Badoni,22,10,1,2
1426305,Lucknow Super Giants,Arshad Khan,0,1,0,0
1426305,Lucknow Super Giants,D Padikkal,0,1,0,0
1426305,Lucknow Super Giants,DJ Hooda,11,9,1,0
1426305,Lucknow Super Giants,KH Pandya,12,7,1,1
1426305,Lucknow Super Giants,KL Rahul,55,41,3,3
1426305,Lucknow Super Giants,MP Stoinis,28,22,5,0
1426305,Lucknow Super Giants,N Pooran,75,29,5,8
1426305,Mumbai Indians,D Brevis,23,20,1,2
1426305,Mumbai Indians,HH Pandya,16,13,1,1
1426305,Mumbai Indians,Ishan Kishan,14,15,1,0
1426305,Mumbai Indians,N Wadhera,1,3,0,0
1426305,Mumbai Indians,Naman Dhir,62,27,4,5
1426305,Mumbai Indians,R Shepherd,1,1,0,0
1426305,Mumbai Indians,RG Sharma,68,38,10,3
1426305,Mumbai Indians,SA Yadav,0,3,0,0
1426306,Chennai Super Kings,AM Rahane,33,22,3,1
1426306,Chennai Super Kings,DJ Mitchell,4,6,0,0
1426306,Chennai Super Kings,MJ Santner,3,4,0,0
1426306,Chennai Super Kings,MS Dhoni,25,12,3,1
1426306,Chennai Super Kings,R Ravindra,61,36,5,3
1426306,Chennai Super Kings,RA Jadeja,42,22,3,3
1426306,Chennai Super Kings,RD Gaikwad,0,1,0,0
1426306,Chennai Super Kings,S Dube,7,15,0,0
1426306,Chennai Super Kings,SN Thakur,1,2,0,0
1426306,Royal Challengers Bengaluru,C Green,38,17,3,3
1426306,Royal Challengers Bengaluru,F du Plessis,54,39,3,3
1426306,Royal Challengers Bengaluru,GJ Maxwell,16,5,2,1
1426306,Royal Challengers Bengaluru,KD Karthik,14,6,1,1
1426306,Royal Challengers Bengaluru,MK Lomror,0,1,0,0
1426306,Royal Challengers Bengaluru,RM Patidar,41,23,2,4
1426306,Royal Challengers Bengaluru,V Kohli,47,29,3,4
1426307,Punjab Kings,Ashutosh Sharma,2,3,0,0
1426307,Punjab Kings,Atharva Taide,46,27,5,2
1426307,Punjab Kings,JM Sharma,32,15,2,2
1426307,Punjab Kings,P Simran Singh,71,45,7,4
1426307,Punjab Kings,RR Rossouw,49,23,3,4
1426307,Punjab Kings,Shashank Singh,2,4,0,0
1426307,Punjab Kings,Shivam Singh,2,3,0,0
1426307,Sunrisers Hyderabad,Abdul Samad,11,8,0,1
1426307,Sunrisers Hyderabad,Abhishek Sharma,66,28,5,6
1426307,Sunrisers Hyderabad,H Klaasen,42,26,3,2
1426307,Sunrisers Hyderabad,Nithish Kumar Reddy,37,25,1,3
1426307,Sunrisers Hyderabad,RA Tripathi,33,17,4,2
1426307,Sunrisers Hyderabad,Sanvir Singh,6,4,1,0
1426307,Sunrisers Hyderabad,Shahbaz Ahmed,3,6,0,0
1426307,Sunrisers Hyderabad,TM Head,0,1,0,0
1426309,Kolkata Knight Riders,Rahmanullah Gurbaz,23,14,2,2
1426309,Kolkata Knight Riders,SP Narine,21,16,4,0
1426309,Kolkata Knight Riders,SS Iyer,58,24,5,4
1426309,Kolkata Knight Riders,VR Iyer,51,28,5,4
1426309,Sunrisers Hyderabad,Abdul Samad,16,12,0,2
1426309,Sunrisers Hyderabad,Abhishek Sharma,3,4,0,0
1426309,Sunrisers Hyderabad,B Kumar,0,4,0,0
1426309,Sunrisers Hyderabad,H Klaasen,32,20,3,1
1426309,Sunrisers Hyderabad,Nithish Kumar Reddy,9,10,1,0
1426309,Sunrisers Hyderabad,PJ Cummins,30,24,2,2
1426309,Sunrisers Hyderabad,RA Tripathi,55,34,7,1
1426309,Sunrisers Hyderabad,Sanvir Singh,0,1,0,0
1426309,Sunrisers Hyderabad,Shahbaz Ahmed,0,1,0,0
1426309,Sunrisers Hyderabad,TM Head,0,2,0,0
1426309,Sunrisers Hyderabad,V Viyaskanth,7,5,0,0
1426310,Rajasthan Royals,Dhruv Jurel,8,8,1,0
1426310,Rajasthan Royals,R Parag,36,26,2,2
1426310,Rajasthan Royals,R Powell,16,8,2,1
1426310,Rajasthan Royals,SO Hetmyer,26,14,3,1
1426310,Rajasthan Royals,SV Samson,17,13,0,1
1426310,Rajasthan Royals,T Kohler-Cadmore,20,15,4,0
1426310,Rajasthan Royals,YBK Jaiswal,45,30,8,0
1426310,Royal Challengers Bengaluru,C Green,27,21,2,1
1426310,Royal Challengers Bengaluru,F du Plessis,17,14,2,1
1426310,Royal Challengers Bengaluru,GJ Maxwell,0,1,0,0
1426310,Royal Challengers Bengaluru,KD Karthik,11,13,1,0
1426310,Royal Challengers Bengaluru,KV Sharma,5,4,1,0
1426310,Royal Challengers Bengaluru,MK Lomror,32,17,2,2
1426310,Royal Challengers Bengaluru,RM Patidar,34,22,2,2
1426310,Royal Challengers Bengaluru,Swapnil Singh,9,4,0,1
1426310,Royal Challengers Bengaluru,V Kohli,33,24,3,1
1426311,Rajasthan Royals,Dhruv Jurel,56,35,7,2
1426311,Rajasthan Royals,R Ashwin,0,3,0,0
1426311,Rajasthan Royals,R Parag,6,10,0,0
1426311,Rajasthan Royals,R Powell,6,12,0,0
1426311,Rajasthan Royals,SO Hetmyer,4,9,0,0
1426311,Rajasthan Royals,SV Samson,10,11,1,0
1426311,Rajasthan Royals,T Kohler-Cadmore,10,16,1,0
1426311,Rajasthan Royals,TA Boult,0,3,0,0
1426311,Rajasthan Royals,YBK Jaiswal,42,21,4,3
1426311,Sunrisers Hyderabad,AK Markram,1,2,0,0
1426311,Sunrisers Hyderabad,Abdul Samad,0,1,0,0
1426311,Sunrisers Hyderabad,Abhishek Sharma,12,5,1,1
1426311,Sunrisers Hyderabad,H Klaasen,50,34,0,4
1426311,Sunrisers Hyderabad,JD Unadkat,5,2,1,0
1426311,Sunrisers Hyderabad,Nithish Kumar Reddy,5,10,0,0
1426311,Sunrisers Hyderabad,PJ Cummins,5,5,1,0
1426311,Sunrisers Hyderabad,RA Tripathi,37,15,5,2
1426311,Sunrisers Hyderabad,Shahbaz Ahmed,18,18,0,1
1426311,Sunrisers Hyderabad,TM Head,34,28,3,1
1426312,Kolkata Knight Riders,Rahmanullah Gurbaz,39,32,5,2
1426312,Kolkata Knight Riders,SP Narine,6,2,0,1
1426312,Kolkata Knight Riders,SS Iyer,6,3,1,0
1426312,Kolkata Knight Riders,VR Iyer,52,26,4,3
1426312,Sunrisers Hyderabad,AK Markram,20,23,3,0
1426312,Sunrisers Hyderabad,Abdul Samad,4,4,0,0
1426312,Sunrisers Hyderabad,Abhishek Sharma,2,5,0,0
1426312,Sunrisers Hyderabad,B Kumar,0,1,0,0
1426312,Sunrisers Hyderabad,H Klaasen,16,17,1,0
1426312,Sunrisers Hyderabad,JD Unadkat,4,11,0,0
1426312,Sunrisers Hyderabad,Nithish Kumar Reddy,13,10,1,1
1426312,Sunrisers Hyderabad,PJ Cummins,24,19,2,1
1426312,Sunrisers Hyderabad,RA Tripathi,9,13,1,0
1426312,Sunrisers Hyderabad,Shahbaz Ahmed,8,7,0,1
1426312,Sunrisers Hyderabad,TM Head,0,1,0,0
